time,pitch,force,vel_a,vel_b
1776099035.0778213,,0.020647817374328904,,
1776099035.0830514,,0.019410122292639057,,
1776099035.0860963,,0.017432185611165003,,
1776099035.086552,,,0.0,0.0
1776099035.0888388,,,0.0,0.0
1776099035.090382,,0.012445079928530368,,
1776099035.0913286,,,0.0,0.0
1776099035.093861,,,0.0,0.0
1776099035.0955958,,0.01323783553803562,,
1776099035.0963542,,,0.0,0.0
1776099035.0988455,,,0.0,0.0
1776099035.1004493,,0.01253774998560758,,
1776099035.1013632,,,0.0,0.0
1776099035.1039224,,,0.0,0.0
1776099035.1056073,,0.008118490162290382,,
1776099035.1064107,,,0.0,0.0
1776099035.108902,,,0.0,0.0
1776099035.1105745,,0.00787294593883803,,
1776099035.11157,,,0.0,0.0
1776099035.1139092,,,0.0,0.0
1776099035.1155603,,0.006810666176635797,,
1776099035.1163902,,,0.0,0.0
1776099035.1189117,,,0.0,0.0
1776099035.1208813,,0.007010411636925735,,
1776099035.1215718,,,0.0,0.0
1776099035.1238701,,,0.0,0.0
1776099035.1255457,,0.008723805986441414,,
1776099035.1263745,,,0.0,0.0
1776099035.128852,,,0.0,0.0
1776099035.1304173,,0.009284378965021748,,
1776099035.1313832,,,0.0,0.0
1776099035.1339004,,,0.0,0.0
1776099035.1356792,,0.004366743263286922,,
1776099035.1363955,,,0.0,0.0
1776099035.1389036,,,0.0,0.0
1776099035.140845,,0.007586281310096563,,
1776099035.1413867,,,0.0,0.0
1776099035.1439025,,,0.0,0.0
1776099035.1456883,,0.006053810597995636,,
1776099035.146383,,,0.0,0.0
1776099035.1488802,,,0.0,0.0
1776099035.1508057,,0.0016072851128049509,,
1776099035.15137,,,0.0,0.0
1776099035.1539109,,,0.0,0.0
1776099035.1558652,,0.0023044355190555152,,
1776099035.1564653,,,0.0,0.0
1776099035.1589298,,,0.0,0.0
1776099035.1609051,,0.0012666427592748053,,
1776099035.1614237,,,0.0,0.0
1776099035.1639326,,,0.0,0.0
1776099035.1658175,,0.002831501802203474,,
1776099035.166407,,,0.0,0.0
1776099035.1688898,,,0.0,0.0
1776099035.170562,,-0.001013760137481517,,
1776099035.1714017,,,0.0,0.0
1776099035.1738954,,,0.0,0.0
1776099035.1757038,,-0.00045247755382703405,,
1776099035.176379,,,0.0,0.0
1776099035.1789074,,,0.0,0.0
1776099035.1805725,,-0.001105975250887351,,
1776099035.1813884,,,0.0,0.0
1776099035.1839159,,,0.0,0.0
1776099035.1864038,,-0.00299292817052466,,
1776099035.1865866,,,0.0,0.0
1776099035.18895,,,0.0,0.0
1776099035.1914444,,,0.0,0.0
1776099035.1925864,0.0001945347649565304,,,
1776099035.193378,,-0.002551455999724332,,
1776099035.1940067,,,0.0,0.0
1776099035.195861,0.00022056658472255973,,,
1776099035.1962557,,-0.002405936754671722,,
1776099035.1966047,,,0.0,0.0
1776099035.1988385,,,0.0,0.0
1776099035.2004316,0.0002447793644143745,,,
1776099035.2009628,,-0.007686512959195041,,
1776099035.2014458,,,0.0,0.0
1776099035.2038937,,,0.0,0.0
1776099035.2054038,0.00025038582071201527,,,
1776099035.2058487,,-0.004467863883281868,,
1776099035.206617,,,0.0,0.0
1776099035.2089915,,,0.0,0.0
1776099035.2106059,0.0002602374757654747,,,
1776099035.210819,,-0.005597514880873532,,
1776099035.211883,,,0.0,0.0
1776099035.2141504,,,0.0,0.0
1776099035.2158184,0.00028722163426770926,,,
1776099035.216274,,-0.0038722688736493524,,
1776099035.2166588,,,0.0,0.0
1776099035.2198594,,,0.0,0.0
1776099035.2212944,0.00036186091654132475,,,
1776099035.2222507,,,0.0,0.0
1776099035.222333,,-0.010161375129808683,,
1776099035.2240121,,,0.0,0.0
1776099035.2260568,0.0004236874032797624,,,
1776099035.226445,,,0.0,0.0
1776099035.2269874,,-0.008067126662711449,,
1776099035.2289166,,,0.0,0.0
1776099035.2308981,0.0004416272132559598,,,
1776099035.2317553,,-0.007493304965712921,,
1776099035.231803,,,0.0,0.0
1776099035.2339113,,,0.0,0.0
1776099035.2353756,0.0004883735897360608,,,
1776099035.235863,,-0.009627312647986696,,
1776099035.2364485,,,0.0,0.0
1776099035.2389452,,,0.0,0.0
1776099035.2408328,0.0005082299090170478,,,
1776099035.241239,,-0.011090288058203553,,
1776099035.2416155,,,0.0,0.0
1776099035.2439327,,,0.0,0.0
1776099035.24545,0.0004823848946520879,,,
1776099035.245853,,-0.008175227465560844,,
1776099035.2464354,,,0.0,0.0
1776099035.2489395,,,0.0,0.0
1776099035.2505987,0.0004419412482987921,,,
1776099035.251094,,-0.009764514843838439,,
1776099035.2516584,,,0.0,0.0
1776099035.2539976,,,0.0,0.0
1776099035.2558367,0.00046003940829659925,,,
1776099035.2565355,,,0.0,0.0
1776099035.2565944,,-0.01012647804379458,,
1776099035.258927,,,0.0,0.0
1776099035.2609258,0.0004924205687915057,,,
1776099035.2614179,,,0.0,0.0
1776099035.2614741,,-0.009175327716797035,,
1776099035.26392,,,0.0,0.0
1776099035.2655852,0.0005729799060095997,,,
1776099035.2665958,,,0.0,0.0
1776099035.266642,,-0.013717599278800986,,
1776099035.2689054,,,0.0,0.0
1776099035.2706366,0.0006011853307367216,,,
1776099035.2709982,,-0.014281707773343423,,
1776099035.2716782,,,0.0,0.0
1776099035.2739234,,,0.0,0.0
1776099035.2755954,0.0007236759594843299,,,
1776099035.2760894,,-0.014200128914877437,,
1776099035.2765968,,,0.0,0.0
1776099035.2790856,,,0.0,0.0
1776099035.2810519,0.0008250488456711409,,,
1776099035.281804,,,0.0,0.0
1776099035.2818685,,-0.015294968742091181,,
1776099035.284098,,,0.0,0.0
1776099035.285885,0.0008963841282531595,,,
1776099035.2864003,,-0.01778752341832867,,
1776099035.2864513,,,0.0,0.0
1776099035.2889917,,,0.0,0.0
1776099035.2908611,0.0009267404984133316,,,
1776099035.2909176,,-0.01932726871805459,,
1776099035.2914634,,,0.0,0.0
1776099035.294035,,,0.0,0.0
1776099035.2957473,0.0010043132254998893,,,
1776099035.2964761,,-0.020745492131711105,,
1776099035.29655,,,0.0,0.0
1776099035.2990506,,,0.0,0.0
1776099035.3006654,0.000981562884375397,,,
1776099035.3014748,,-0.01589385808275815,,
1776099035.3015804,,,0.0,0.0
1776099035.303941,,,0.0,0.0
1776099035.3055623,0.0009490202447098529,,,
1776099035.305867,,-0.01910670800361182,,
1776099035.306527,,,0.0,0.0
1776099035.308936,,,0.0,0.0
1776099035.3105257,0.0008923138707344687,,,
1776099035.3111932,,-0.01917166067677589,,
1776099035.311704,,,0.0,0.0
1776099035.3139536,,,0.0,0.0
1776099035.3159072,0.0008443251909461868,,,
1776099035.316376,,-0.016613113544114575,,
1776099035.316418,,,0.0,0.0
1776099035.3188932,,,0.0,0.0
1776099035.3206615,0.0008532701532184583,,,
1776099035.3214133,,-0.016925243917634645,,
1776099035.3214576,,,0.0,0.0
1776099035.3238869,,,0.0,0.0
1776099035.3253663,0.0008452501590257191,,,
1776099035.3261135,,-0.01783069305837698,,
1776099035.3264494,,,0.0,0.0
1776099035.3290448,,,0.0,0.0
1776099035.330876,0.0008614459872487163,,,
1776099035.3316183,,,0.0,0.0
1776099035.3316627,,-0.015223524805194854,,
1776099035.3339205,,,0.0,0.0
1776099035.3357368,0.0008835606518825673,,,
1776099035.3362584,,-0.019662751940111058,,
1776099035.3370752,,,0.0,0.0
1776099035.3389251,,,0.0,0.0
1776099035.3406413,0.0009213975733600465,,,
1776099035.3410609,,-0.01855425457661569,,
1776099035.341894,,,0.0,0.0
1776099035.3439536,,,0.0,0.0
1776099035.3455462,0.0009260147362912681,,,
1776099035.346242,,-0.017980442194866927,,
1776099035.3467827,,,0.0,0.0
1776099035.348914,,,0.0,0.0
1776099035.3503895,0.0009425238697513742,,,
1776099035.3510344,,-0.01977616727289008,,
1776099035.351454,,,0.0,0.0
1776099035.3539264,,,0.0,0.0
1776099035.3554342,0.000897324009007663,,,
1776099035.3562021,,-0.01820601441764266,,
1776099035.3566105,,,0.0,0.0
1776099035.3589506,,,0.0,0.0
1776099035.3605928,0.0008506535532282304,,,
1776099035.3614671,,-0.017805529814352565,,
1776099035.3618827,,,0.0,0.0
1776099035.3639264,,,0.0,0.0
1776099035.3655212,0.0007640265016341224,,,
1776099035.366602,,-0.016206219910545043,,
1776099035.3666682,,,0.0,0.0
1776099035.3689158,,,0.0,0.0
1776099035.3706605,0.000673656060522252,,,
1776099035.3711746,,-0.0135994243198598,,
1776099035.3715763,,,0.0,0.0
1776099035.3739433,,,0.0,0.0
1776099035.375559,0.0006664150905451445,,,
1776099035.376217,,-0.014120760560690846,,
1776099035.376639,,,0.0,0.0
1776099035.3789265,,,0.0,0.0
1776099035.3805177,0.0007291268289062842,,,
1776099035.3811483,,-0.016041150968286837,,
1776099035.3819046,,,0.0,0.0
1776099035.3839662,,,0.0,0.0
1776099035.386071,0.000796046081436999,,,
1776099035.3864255,,,0.0,0.0
1776099035.3871448,,-0.01618045586622938,,
1776099035.3889227,,,0.0,0.0
1776099035.3904035,0.0009079264221631932,,,
1776099035.3907864,,-0.019883605089574298,,
1776099035.3915584,,,0.0,0.0
1776099035.3939157,,,0.0,0.0
1776099035.3953643,0.0010712530257078784,,,
1776099035.396151,,-0.020751976855124487,,
1776099035.3965235,,,0.0,0.0
1776099035.3989332,,,0.0,0.0
1776099035.4007447,0.0012091341534319726,,,
1776099035.4014244,,,0.0,0.0
1776099035.4015398,,-0.02497514181842741,,
1776099035.403936,,,0.0,0.0
1776099035.4055414,0.0012718761807397057,,,
1776099035.4061906,,-0.02716260026110455,,
1776099035.4066467,,,0.0,0.0
1776099035.4089203,,,0.0,0.0
1776099035.4104726,0.001335532171916345,,,
1776099035.411237,,-0.025371404138920625,,
1776099035.4116242,,,0.0,0.0
1776099035.4139273,,,0.0,0.0
1776099035.4153287,0.0013013598529859132,,,
1776099035.416109,,-0.02695288693758086,,
1776099035.416615,,,0.0,0.0
1776099035.4189126,,,0.0,0.0
1776099035.4204662,0.001238225198320952,,,
1776099035.4209447,,-0.02542373158813236,,
1776099035.4215527,,,0.0,0.0
1776099035.4239252,,,0.0,0.0
1776099035.4263093,0.0011366805409964466,,,
1776099035.4268253,,,0.0,0.0
1776099035.4268742,,-0.02325960731356761,,
1776099035.4289277,,,0.0,0.0
1776099035.4302878,0.0011037088996857607,,,
1776099035.4308589,,-0.022600174487353894,,
1776099035.4315147,,,0.0,0.0
1776099035.4340084,,,0.0,0.0
1776099035.4353662,0.001103477708704565,,,
1776099035.4365072,,-0.0216629327712075,,
1776099035.4375567,,,0.0,0.0
1776099035.4390082,,,0.0,0.0
1776099035.4416993,,,0.0,0.0
1776099035.4428577,0.0011551468322303527,,,
1776099035.4428737,,-0.02296277749787253,,
1776099035.445593,,,0.0,0.0
1776099035.446169,0.0011313918719996878,,,
1776099035.446584,,,0.0,0.0
1776099035.4466875,,-0.020489211372139642,,
1776099035.448936,,,0.0,0.0
1776099035.450777,0.0010536386403489418,,,
1776099035.451553,,-0.018934146739124722,,
1776099035.4518864,,,0.0,0.0
1776099035.4540474,,,0.0,0.0
1776099035.455525,0.0009419472895168589,,,
1776099035.4562304,,-0.01843232438745338,,
1776099035.456608,,,0.0,0.0
1776099035.4589548,,,0.0,0.0
1776099035.4606848,0.0007795305084319962,,,
1776099035.4613435,,-0.017715380199174277,,
1776099035.4613955,,,0.0,0.0
1776099035.4639313,,,0.0,0.0
1776099035.4659672,0.0007043181280492184,,,
1776099035.466555,,-0.01621113259151872,,
1776099035.4666164,,,0.0,0.0
1776099035.4689188,,,0.0,0.0
1776099035.4702768,0.0007086996130177359,,,
1776099035.4713364,,-0.014433526497844115,,
1776099035.471551,,,0.0,0.0
1776099035.4739447,,,0.0,0.0
1776099035.475923,0.0007752914006306398,,,
1776099035.4759982,,-0.018696447067744263,,
1776099035.4764695,,,0.0,0.0
1776099035.4789443,,,0.0,0.0
1776099035.4807367,0.0008204962147883373,,,
1776099035.4811172,,-0.017468845301703978,,
1776099035.4816785,,,0.0,0.0
1776099035.483923,,,0.0,0.0
1776099035.4856763,0.0008919508209251068,,,
1776099035.4858046,,-0.016899470503319778,,
1776099035.4864194,,,0.0,0.0
1776099035.4889946,,,0.0,0.0
1776099035.4904776,0.0009095414917607496,,,
1776099035.4910839,,-0.017251283920032636,,
1776099035.4915748,,,0.0,0.0
1776099035.4939828,,,0.0,0.0
1776099035.4960396,0.0008767890135425583,,,
1776099035.4966784,,,0.0,0.0
1776099035.4967132,,-0.018461470148713764,,
1776099035.4989798,,,0.0,0.0
1776099035.5007596,0.0007984060810592279,,,
1776099035.5012019,,-0.0150285757060022,,
1776099035.5014105,,,0.0,0.0
1776099035.5039473,,,0.0,0.0
1776099035.5052462,0.000772867356311816,,,
1776099035.5060878,,-0.016383037004098915,,
1776099035.5064006,,,0.0,0.0
1776099035.5089324,,,0.0,0.0
1776099035.510266,0.0007132012117317969,,,
1776099035.510426,,-0.014656789600199978,,
1776099035.5114298,,,0.0,0.0
1776099035.513878,,,0.0,0.0
1776099035.5154402,0.0006378861765595869,,,
1776099035.516123,,-0.011818177616009382,,
1776099035.516361,,,0.0,0.0
1776099035.5188751,,,0.0,0.0
1776099035.5202124,0.0005192475132888542,,,
1776099035.5208316,,-0.011976795784012877,,
1776099035.5213618,,,0.0,0.0
1776099035.5239024,,,0.0,0.0
1776099035.525807,0.0004121117757773234,,,
1776099035.5264676,,,0.0,0.0
1776099035.5265217,,-0.009034694265334424,,
1776099035.5288873,,,0.0,0.0
1776099035.5301294,0.0003455395157721729,,,
1776099035.5312433,,-0.006903862296783579,,
1776099035.5313368,,,0.0,0.0
1776099035.5338583,,,0.0,0.0
1776099035.535408,0.0002860365418882905,,,
1776099035.5362344,,-0.00571380281910593,,
1776099035.5365567,,,0.0,0.0
1776099035.538961,,,0.0,0.0
1776099035.5402422,0.000225558816035048,,,
1776099035.54076,,-0.0027722436370707666,,
1776099035.541424,,,0.0,0.0
1776099035.5440266,,,0.0,0.0
1776099035.5451908,0.0002537975734039007,,,
1776099035.5459216,,-0.0066677969863138085,,
1776099035.5464427,,,0.0,0.0
1776099035.548864,,,0.0,0.0
1776099035.5505881,0.00033270865859348576,,,
1776099035.5510485,,-0.004115853719791685,,
1776099035.5514214,,,0.0,0.0
1776099035.553869,,,0.0,0.0
1776099035.5559914,0.0003505768340384676,,,
1776099035.5564125,,-0.007803995430557309,,
1776099035.556451,,,0.0,0.0
1776099035.5591588,,,0.0,0.0
1776099035.5610676,0.00033572032917419573,,,
1776099035.5616553,,-0.007506865333271872,,
1776099035.561715,,,0.0,0.0
1776099035.5639892,,,0.0,0.0
1776099035.5651665,0.00035962189857482156,,,
1776099035.5657449,,-0.009183976873956144,,
1776099035.5663645,,,0.0,0.0
1776099035.5692203,,,0.0,0.0
1776099035.570747,0.0003806678048324959,,,
1776099035.57091,,-0.005741192284945085,,
1776099035.5713882,,,0.0,0.0
1776099035.5740206,,,0.0,0.0
1776099035.5757303,0.0003562391972313205,,,
1776099035.5759134,,-0.005119389004846938,,
1776099035.5763915,,,0.0,0.0
1776099035.578965,,,0.0,0.0
1776099035.581395,0.00033842457121091,,,
1776099035.5814745,,,0.0,0.0
1776099035.582052,,-0.007028025661707599,,
1776099035.5840259,,,0.0,0.0
1776099035.5858822,0.0003596457388637742,,,
1776099035.5863888,,,0.0,0.0
1776099035.5881746,,-0.007452449014764883,,
1776099035.5888917,,,0.0,0.0
1776099035.590691,0.0003332975542490702,,,
1776099035.5910113,,-0.006525791938246884,,
1776099035.591739,,,0.0,0.0
1776099035.5940099,,,0.0,0.0
1776099035.595571,0.0002797426355710645,,,
1776099035.595864,,-0.007719622741955642,,
1776099035.5964487,,,0.0,0.0
1776099035.5991027,,,0.0,0.0
1776099035.6007454,0.00022399378018573508,,,
1776099035.6008084,,-0.0050058720973533795,,
1776099035.6014495,,,0.0,0.0
1776099035.6040092,,,0.0,0.0
1776099035.6052787,0.000188942091531075,,,
1776099035.6059754,,-0.005770380733081212,,
1776099035.606617,,,0.0,0.0
1776099035.608939,,,0.0,0.0
1776099035.6102545,0.00022431931099586063,,,
1776099035.6107247,,-0.0038133025608841353,,
1776099035.6121411,,,0.0,0.0
1776099035.6141136,,,0.0,0.0
1776099035.6161563,0.00027265404331927384,,,
1776099035.6167202,,,0.0,0.0
1776099035.6167753,,-0.005046459463501678,,
1776099035.6190486,,,0.0,0.0
1776099035.620947,0.0003314073581292175,,,
1776099035.6215549,,,0.0,0.0
1776099035.6216,,-0.008219992680820144,,
1776099035.624143,,,0.0,0.0
1776099035.6259506,0.0004228630687317143,,,
1776099035.6269376,,,0.0,0.0
1776099035.6269915,,-0.009782644636720801,,
1776099035.6289902,,,0.0,0.0
1776099035.6331458,,,0.0,0.0
1776099035.634181,0.000522176581165225,,,
1776099035.6349125,,,0.0,0.0
1776099035.6355138,,-0.010836296988868538,,
1776099035.63665,0.0005404812455120386,,,
1776099035.6368747,,,0.0,0.0
1776099035.6384141,,-0.01120239027580481,,
1776099035.6388874,,,0.0,0.0
1776099035.6408725,0.00046035647944530245,,,
1776099035.6412992,,-0.010399281722917923,,
1776099035.6416647,,,0.0,0.0
1776099035.643949,,,0.0,0.0
1776099035.6461537,0.0003522993050099229,,,
1776099035.6465938,,-0.005839977928866822,,
1776099035.6472452,,,0.0,0.0
1776099035.6489556,,,0.0,0.0
1776099035.6514509,,,0.0,0.0
1776099035.651725,0.00021697481853206115,,,
1776099035.6523976,,-0.0043325683519813436,,
1776099035.6539643,,,0.0,0.0
1776099035.6568396,3.241245397132424e-05,,,
1776099035.6568933,,-0.000774552188841244,,
1776099035.6574392,,,0.0,0.0
1776099035.6589124,,,0.0,0.0
1776099035.660743,-0.00014729331144707316,,,
1776099035.6608582,,0.000954327326481751,,
1776099035.6613925,,,0.0,0.0
1776099035.6639128,,,0.0,0.0
1776099035.666355,-0.0002610031512794869,,,
1776099035.6664171,,0.004694066531951061,,
1776099035.6664333,,,0.0,0.0
1776099035.6690545,,,0.0,0.0
1776099035.6708329,-0.00030943554664086473,,,
1776099035.671423,,0.005929176695327896,,
1776099035.6715932,,,0.0,0.0
1776099035.673935,,,0.0,0.0
1776099035.6763422,-0.0003393163989555479,,,
1776099035.676997,,0.008525260662741152,,
1776099035.6770606,,,0.0,0.0
1776099035.6791399,,,0.0,0.0
1776099035.6809146,-0.0002869231434328015,,,
1776099035.6813743,,0.00587862201539055,,
1776099035.6814098,,,0.0,0.0
1776099035.6840234,,,0.0,0.0
1776099035.6855605,-0.00020140160723772487,,,
1776099035.6860025,,0.003635266779190459,,
1776099035.6867843,,,0.0,0.0
1776099035.6889937,,,0.0,0.0
1776099035.6906078,-8.153647457783856e-05,,,
1776099035.6911592,,0.0005718084856195355,,
1776099035.691404,,,0.0,0.0
1776099035.693996,,,0.0,0.0
1776099035.695573,4.350860002580648e-06,,,
1776099035.6960993,,0.0011189909712800228,,
1776099035.6968172,,,0.0,0.0
1776099035.699003,,,0.0,0.0
1776099035.7005222,0.0001162256741916612,,,
1776099035.7012439,,-0.0047157457705168555,,
1776099035.7017517,,,0.0,0.0
1776099035.7040906,,,0.0,0.0
1776099035.705642,0.00016679266909541934,,,
1776099035.7062604,,-0.0027960008509499484,,
1776099035.7069244,,,0.0,0.0
1776099035.709005,,,0.0,0.0
1776099035.7106109,0.0001877217646238633,,,
1776099035.7112243,,-0.006945054347608734,,
1776099035.711779,,,0.0,0.0
1776099035.7139206,,,0.0,0.0
1776099035.7157362,0.00015919127712524955,,,
1776099035.7162492,,-0.0037098220361436686,,
1776099035.7170818,,,0.0,0.0
1776099035.7191007,,,0.0,0.0
1776099035.7214327,,,0.0,0.0
1776099035.7217581,0.00014074083847809987,,,
1776099035.721791,,-0.0018752708543796404,,
1776099035.7240415,,,0.0,0.0
1776099035.7260072,0.00010920084740073388,,,
1776099035.7260725,,-0.002576782313578716,,
1776099035.7266793,,,0.0,0.0
1776099035.72913,,,0.0,0.0
1776099035.730926,9.878006806860861e-05,,,
1776099035.7315228,,,0.0,0.0
1776099035.7324178,,-0.0010360554461898153,,
1776099035.7339964,,,0.0,0.0
1776099035.7363806,0.00014065380436619062,,,
1776099035.7364187,,,0.0,0.0
1776099035.736601,,-0.002939379196738572,,
1776099035.739096,,,0.0,0.0
1776099035.741093,0.00022192389516152743,,,
1776099035.7414494,,,0.0,0.0
1776099035.741896,,-0.005097705524943866,,
1776099035.7438822,,,0.0,0.0
1776099035.7455416,0.0003813608648076133,,,
1776099035.7457488,,-0.007620289277492386,,
1776099035.7463377,,,0.0,0.0
1776099035.7489023,,,0.0,0.0
1776099035.7505586,0.0005570462406456992,,,
1776099035.7512968,,-0.009535223257358429,,
1776099035.75143,,,0.0,0.0
1776099035.754151,,,0.0,0.0
1776099035.7556121,0.0007301552470022751,,,
1776099035.7561033,,-0.014596176921385621,,
1776099035.756599,,,0.0,0.0
1776099035.759073,,,0.0,0.0
1776099035.7608109,0.0008423861479943664,,,
1776099035.761555,,-0.015375252532406413,,
1776099035.7616138,,,0.0,0.0
1776099035.7640483,,,0.0,0.0
1776099035.7660253,0.0009518368967217665,,,
1776099035.7663395,,-0.01916304104385009,,
1776099035.7668664,,,0.0,0.0
1776099035.769512,,,0.0,0.0
1776099035.7705486,0.0009683200534752561,,,
1776099035.7709956,,-0.019492704178919882,,
1776099035.7714152,,,0.0,0.0
1776099035.7739408,,,0.0,0.0
1776099035.7763686,,,0.0,0.0
1776099035.7776072,0.0010015059760433783,,,
1776099035.7776246,,-0.0204228848864316,,
1776099035.7788713,,,0.0,0.0
1776099035.7803524,0.001028766153251609,,,
1776099035.7804728,,-0.01750407910065559,,
1776099035.7813635,,,0.0,0.0
1776099035.7838748,,,0.0,0.0
1776099035.7851603,0.0011043496555209636,,,
1776099035.7857184,,-0.02208006509175939,,
1776099035.7863708,,,0.0,0.0
1776099035.788882,,,0.0,0.0
1776099035.7906697,0.001196328457304909,,,
1776099035.7910635,,-0.0232534854870651,,
1776099035.7914026,,,0.0,0.0
1776099035.793895,,,0.0,0.0
1776099035.795376,0.0012602794026591007,,,
1776099035.795826,,-0.02626450905911925,,
1776099035.7963493,,,0.0,0.0
1776099035.7989094,,,0.0,0.0
1776099035.8004298,0.0012807972166858509,,,
1776099035.8007917,,-0.0248096295466093,,
1776099035.801358,,,0.0,0.0
1776099035.8038576,,,0.0,0.0
1776099035.8054118,0.0012103577781306485,,,
1776099035.8062036,,-0.025932232208923406,,
1776099035.806381,,,0.0,0.0
1776099035.809725,,,0.0,0.0
1776099035.8116102,,,0.0,0.0
1776099035.811949,0.0011438501906949324,,,
1776099035.812753,,-0.025001773844432997,,
1776099035.8138697,,,0.0,0.0
1776099035.8154223,0.0010480036294087498,,,
1776099035.815853,,-0.02135283795373903,,
1776099035.8163598,,,0.0,0.0
1776099035.8192027,,,0.0,0.0
1776099035.8209164,0.0010349253193989373,,,
1776099035.8214366,,-0.02162419626584134,,
1776099035.8220654,,,0.0,0.0
1776099035.82405,,,0.0,0.0
1776099035.8254218,0.0009910771019744984,,,
1776099035.826374,,,0.0,0.0
1776099035.8280745,,-0.020747231917352563,,
1776099035.8288848,,,0.0,0.0
1776099035.830951,0.0010038530200728454,,,
1776099035.8316033,,-0.02246829268814054,,
1776099035.8316576,,,0.0,0.0
1776099035.833923,,,0.0,0.0
1776099035.8356786,0.0009521604663174099,,,
1776099035.8361163,,-0.02143444161303183,,
1776099035.8365045,,,0.0,0.0
1776099035.8389149,,,0.0,0.0
1776099035.840697,0.0009059572441207004,,,
1776099035.8414092,,-0.01664667445493309,,
1776099035.8416085,,,0.0,0.0
1776099035.8439004,,,0.0,0.0
1776099035.8453984,0.0007816431301932217,,,
1776099035.8459241,,-0.01416039217638352,,
1776099035.8463979,,,0.0,0.0
1776099035.8490152,,,0.0,0.0
1776099035.850538,0.0006654994441790045,,,
1776099035.8508656,,-0.015168296657965163,,
1776099035.851453,,,0.0,0.0
1776099035.8555956,,,0.0,0.0
1776099035.856519,0.0005453060152611759,,,
1776099035.8566144,,,0.0,0.0
1776099035.856952,,-0.010899192286563636,,
1776099035.858964,,,0.0,0.0
1776099035.8604212,0.0004458495982438857,,,
1776099035.861386,,,0.0,0.0
1776099035.863511,,-0.008243908305844636,,
1776099035.8639767,,,0.0,0.0
1776099035.865375,0.0003754744943190126,,,
1776099035.8661394,,-0.006836406227347174,,
1776099035.8664408,,,0.0,0.0
1776099035.8690164,,,0.0,0.0
1776099035.8708234,0.00024063814413060382,,,
1776099035.8714757,,,0.0,0.0
1776099035.8726015,,-0.0054719905043253934,,
1776099035.8739192,,,0.0,0.0
1776099035.87574,0.0001626274516259765,,,
1776099035.876426,,,0.0,0.0
1776099035.876473,,-0.0036453143980835685,,
1776099035.8789122,,,0.0,0.0
1776099035.8806982,9.992443311980158e-05,,,
1776099035.881611,,-0.002924178540258628,,
1776099035.8816614,,,0.0,0.0
1776099035.8839362,,,0.0,0.0
1776099035.8859804,2.1665785841416764e-05,,,
1776099035.8867908,,,0.0,0.0
1776099035.886844,,-0.0013590055946909314,,
1776099035.8889084,,,0.0,0.0
1776099035.890535,-0.00010808000619688072,,,
1776099035.890994,,0.0013691413741496574,,
1776099035.891398,,,0.0,0.0
1776099035.8939092,,,0.0,0.0
1776099035.8956301,-0.00017486482139847034,,,
1776099035.8963733,,0.00030667737283793847,,
1776099035.8964267,,,0.0,0.0
1776099035.8989162,,,0.0,0.0
1776099035.901103,-0.000293762956763223,,,
1776099035.901928,,0.006148649410073619,,
1776099035.9019759,,,0.0,0.0
1776099035.9039743,,,0.0,0.0
1776099035.9056761,-0.00043993030474737284,,,
1776099035.9063408,,0.008938765241681976,,
1776099035.9063923,,,0.0,0.0
1776099035.9089317,,,0.0,0.0
1776099035.910542,-0.00048731732060367986,,,
1776099035.9111311,,0.010019736686882757,,
1776099035.9115443,,,0.0,0.0
1776099035.9139504,,,0.0,0.0
1776099035.915588,-0.0005150331095733816,,,
1776099035.9167967,,0.010574052466276792,,
1776099035.9168673,,,0.0,0.0
1776099035.9190059,,,0.0,0.0
1776099035.9208338,-0.0005166795823691285,,,
1776099035.9209309,,0.007542665976475021,,
1776099035.9213808,,,0.0,0.0
1776099035.9240317,,,0.0,0.0
1776099035.925579,-0.00046463593744997016,,,
1776099035.92643,,0.009299646767659283,,
1776099035.926501,,,0.0,0.0
1776099035.9290538,,,0.0,0.0
1776099035.9305358,-0.0003601109348966691,,,
1776099035.9314146,,0.008941151381563575,,
1776099035.9314673,,,0.0,0.0
1776099035.9340832,,,0.0,0.0
1776099035.9355807,-0.0003331107555210588,,,
1776099035.9364102,,,0.0,0.0
1776099035.9374673,,0.007868223281752813,,
1776099035.939342,,,0.0,0.0
1776099035.9409351,-0.000316861329409314,,,
1776099035.9418416,,,0.0,0.0
1776099035.9434361,,0.006077692350696881,,
1776099035.9440203,,,0.0,0.0
1776099035.9455452,-0.00032305150760697006,,,
1776099035.946431,,,0.0,0.0
1776099035.9472256,,0.006201495914650003,,
1776099035.9489064,,,0.0,0.0
1776099035.95073,-0.00030509080490815596,,,
1776099035.9516008,,,0.0,0.0
1776099035.951655,,0.005442588476449802,,
1776099035.9540415,,,0.0,0.0
1776099035.9556322,-0.00033603324737312444,,,
1776099035.9565024,,0.006994055222271648,,
1776099035.9565582,,,0.0,0.0
1776099035.959042,,,0.0,0.0
1776099035.9606993,-0.0002873895361058667,,,
1776099035.96161,,,0.0,0.0
1776099035.961661,,0.004022714075806901,,
1776099035.964045,,,0.0,0.0
1776099035.965702,-0.00020560869873044674,,,
1776099035.966423,,,0.0,0.0
1776099035.967048,,0.00265355958444778,,
1776099035.9690928,,,0.0,0.0
1776099035.9709527,-0.00011950441357346322,,,
1776099035.9718707,,,0.0,0.0
1776099035.9719315,,0.0037293275708755397,,
1776099035.9740705,,,0.0,0.0
1776099035.9761055,-3.7430943706712357e-05,,,
1776099035.976367,,,0.0,0.0
1776099035.977363,,0.00035585350857020884,,
1776099035.9790192,,,0.0,0.0
1776099035.980733,7.083899939538122e-05,,,
1776099035.9810662,,-0.0026089321219194997,,
1776099035.9814134,,,0.0,0.0
1776099035.9839077,,,0.0,0.0
1776099035.9854019,0.0001369421121692367,,,
1776099035.9860291,,-0.0020657585843516565,,
1776099035.9865572,,,0.0,0.0
1776099035.9890535,,,0.0,0.0
1776099035.9903553,0.0001707064970198293,,,
1776099035.9911673,,-0.0019416595129156714,,
1776099035.9917142,,,0.0,0.0
1776099035.994364,,,0.0,0.0
1776099035.9955869,0.00020189484993952782,,,
1776099035.9963884,,,0.0,0.0
1776099035.99693,,-0.0012331152905632461,,
1776099035.9990468,,,0.0,0.0
1776099036.0009089,0.00017136891143861005,,,
1776099036.000964,,-0.005152454875082634,,
1776099036.001601,,,0.0,0.0
1776099036.0040922,,,0.0,0.0
1776099036.0057795,7.604849036581273e-05,,,
1776099036.0059562,,-0.0005814238921338979,,
1776099036.006454,,,0.0,0.0
1776099036.009038,,,0.0,0.0
1776099036.0105615,-1.4768154956016407e-05,,,
1776099036.0109222,,0.0005687533739294874,,
1776099036.01157,,,0.0,0.0
1776099036.0140545,,,0.0,0.0
1776099036.0152566,-3.620163790730307e-05,,,
1776099036.0159051,,0.0009974230329552207,,
1776099036.016573,,,0.0,0.0
1776099036.018918,,,0.0,0.0
1776099036.0202496,-4.0627416552729866e-05,,,
1776099036.020948,,0.0012191697339383962,,
1776099036.021382,,,0.0,0.0
1776099036.0239232,,,0.0,0.0
1776099036.025216,-1.6403079033137523e-05,,,
1776099036.0259078,,-0.0007308594252744853,,
1776099036.0264242,,,0.0,0.0
1776099036.0290473,,,0.0,0.0
1776099036.0311134,4.681380426858038e-05,,,
1776099036.0313601,,-0.0011958103228610064,,
1776099036.0322886,,,0.0,0.0
1776099036.034053,,,0.0,0.0
1776099036.0360482,3.0187114002585977e-05,,,
1776099036.0363643,,-0.0016626632859889552,,
1776099036.0369954,,,0.0,0.0
1776099036.0389931,,,0.0,0.0
1776099036.0404112,-1.4871449053342024e-05,,,
1776099036.040969,,0.00043758812780136025,,
1776099036.0417747,,,0.0,0.0
1776099036.0439885,,,0.0,0.0
1776099036.0455353,-6.42989465471272e-05,,,
1776099036.046025,,0.0012929069496024244,,
1776099036.0467093,,,0.0,0.0
1776099036.0490153,,,0.0,0.0
1776099036.0504117,-0.00013490041039990967,,,
1776099036.0515492,,0.0035043229951059107,,
1776099036.0516012,,,0.0,0.0
1776099036.0539918,,,0.0,0.0
1776099036.055429,-0.00012269829974058145,,,
1776099036.0561938,,0.0008621204765758349,,
1776099036.0569854,,,0.0,0.0
1776099036.0590088,,,0.0,0.0
1776099036.0604222,-0.00010514179391316958,,,
1776099036.061207,,0.004774386458416062,,
1776099036.0620623,,,0.0,0.0
1776099036.0640028,,,0.0,0.0
1776099036.0653343,-8.1448852690914e-05,,,
1776099036.0662053,,0.0043005276339709506,,
1776099036.0669339,,,0.0,0.0
1776099036.069008,,,0.0,0.0
1776099036.0704432,-6.271251773297702e-05,,,
1776099036.0713007,,-0.0015366753162480093,,
1776099036.071981,,,0.0,0.0
1776099036.073984,,,0.0,0.0
1776099036.0754335,-4.668999267494169e-05,,,
1776099036.0763023,,0.0021398080248304697,,
1776099036.0769892,,,0.0,0.0
1776099036.0789907,,,0.0,0.0
1776099036.0806153,-0.00012033183094508167,,,
1776099036.0812228,,0.0026800268937107927,,
1776099036.0815923,,,0.0,0.0
1776099036.084029,,,0.0,0.0
1776099036.0855885,-0.00017822405030413357,,,
1776099036.0861866,,0.003438177896667912,,
1776099036.0866892,,,0.0,0.0
1776099036.0890205,,,0.0,0.0
1776099036.0906508,-0.00022308853252586187,,,
1776099036.0912027,,0.004335467541102479,,
1776099036.0919259,,,0.0,0.0
1776099036.094035,,,0.0,0.0
1776099036.096105,-0.00026800685459287785,,,
1776099036.0963778,,0.004034753829771042,,
1776099036.0968883,,,0.0,0.0
1776099036.099002,,,0.0,0.0
1776099036.100624,-0.00024710626506804084,,,
1776099036.1009736,,0.003883204295423581,,
1776099036.1017585,,,0.0,0.0
1776099036.1040075,,,0.0,0.0
1776099036.105563,-0.00017850276336984496,,,
1776099036.1059191,,0.00344375215798214,,
1776099036.1076653,,,0.0,0.0
1776099036.1094215,,,0.0,0.0
1776099036.1108534,-0.00011717424531600812,,,
1776099036.111188,,0.0036827242057264377,,
1776099036.1118205,,,0.0,0.0
1776099036.1141565,,,0.0,0.0
1776099036.1153429,-4.5604423190319084e-05,,,
1776099036.1159816,,0.001984865507063378,,
1776099036.1166356,,,0.0,0.0
1776099036.119046,,,0.0,0.0
1776099036.120871,3.799588951856981e-05,,,
1776099036.1211784,,-0.0011526831559354345,,
1776099036.121842,,,0.0,0.0
1776099036.1241167,,,0.0,0.0
1776099036.1260734,7.870655136453915e-05,,,
1776099036.1264076,,,0.0,0.0
1776099036.127531,,-0.002100127520929461,,
1776099036.1290205,,,0.0,0.0
1776099036.1310167,0.00013856420002463974,,,
1776099036.1315596,,-0.000765889060713322,,
1776099036.132428,,,0.0,0.0
1776099036.1339078,,,0.0,0.0
1776099036.135628,0.00021119046704820213,,,
1776099036.136019,,-0.00221841440118457,,
1776099036.1366992,,,0.0,0.0
1776099036.1388955,,,0.0,0.0
1776099036.1410217,0.0001712282274792389,,,
1776099036.1413994,,-0.004350254427447374,,
1776099036.141806,,,0.0,0.0
1776099036.1438944,,,0.0,0.0
1776099036.1458735,0.0001172877385632887,,,
1776099036.146041,,-0.001672671112232696,,
1776099036.1465707,,,0.0,0.0
1776099036.1489837,,,0.0,0.0
1776099036.150935,2.803877518579753e-05,,,
1776099036.151441,,,0.0,0.0
1776099036.1515398,,-2.0922972757512277e-05,,
1776099036.153962,,,0.0,0.0
1776099036.1557772,-8.106275048615539e-05,,,
1776099036.1564329,,,0.0,0.0
1776099036.1579523,,-0.0011696706611844419,,
1776099036.1589549,,,0.0,0.0
1776099036.1606295,-0.00011639065572212456,,,
1776099036.1611683,,0.002201510005027732,,
1776099036.1616595,,,0.0,0.0
1776099036.1655777,,,0.0,0.0
1776099036.1656446,-0.00012434629254074283,,,
1776099036.1661193,,0.0023606227414000973,,
1776099036.1663952,,,0.0,0.0
1776099036.168879,,,0.0,0.0
1776099036.1702456,-7.96501775215636e-05,,,
1776099036.1707792,,0.0018663938252404312,,
1776099036.1714146,,,0.0,0.0
1776099036.1739352,,,0.0,0.0
1776099036.1756554,-3.002844894917859e-06,,,
1776099036.1760337,,0.0008663716850060745,,
1776099036.176907,,,0.0,0.0
1776099036.1791341,,,0.0,0.0
1776099036.1806793,8.516111328444906e-05,,,
1776099036.1815581,,-0.0008969074785812638,,
1776099036.1816108,,,0.0,0.0
1776099036.1839452,,,0.0,0.0
1776099036.1858468,8.696733135034669e-05,,,
1776099036.1865187,,,0.0,0.0
1776099036.1865652,,-0.0011994940960484957,,
1776099036.1890016,,,0.0,0.0
1776099036.1916127,8.564917303698369e-05,,,
1776099036.19168,,,0.0,0.0
1776099036.1928117,,-0.0043706780035725834,,
1776099036.1939075,,,0.0,0.0
1776099036.1953182,2.26478094915171e-05,,,
1776099036.1962702,,-0.0031106507326632516,,
1776099036.196747,,,0.0,0.0
1776099036.198859,,,0.0,0.0
1776099036.2002232,-1.2569299189971878e-05,,,
1776099036.2007241,,0.0014573941551310734,,
1776099036.2013605,,,0.0,0.0
1776099036.2038815,,,0.0,0.0
1776099036.2051423,-3.817188951694647e-05,,,
1776099036.2055683,,0.0019694459616705655,,
1776099036.2063844,,,0.0,0.0
1776099036.2088811,,,0.0,0.0
1776099036.2107623,-9.32276355155339e-05,,,
1776099036.211081,,0.00040593832014952343,,
1776099036.211598,,,0.0,0.0
1776099036.213892,,,0.0,0.0
1776099036.215606,-0.0001082657179593001,,,
1776099036.2160656,,0.0028383980182190797,,
1776099036.2163668,,,0.0,0.0
1776099036.218868,,,0.0,0.0
1776099036.2204232,-0.00010792065082606167,,,
1776099036.2208016,,0.002698265547479672,,
1776099036.2213855,,,0.0,0.0
1776099036.2238648,,,0.0,0.0
1776099036.225206,-8.905063497133709e-05,,,
1776099036.2255569,,0.002054402974235901,,
1776099036.2263458,,,0.0,0.0
1776099036.2288716,,,0.0,0.0
1776099036.230202,-9.687272888342157e-05,,,
1776099036.2305412,,0.0015446892121043932,,
1776099036.231343,,,0.0,0.0
1776099036.2338688,,,0.0,0.0
1776099036.23539,1.5502892564296265e-05,,,
1776099036.2358701,,0.001562105960418908,,
1776099036.2363806,,,0.0,0.0
1776099036.2388911,,,0.0,0.0
1776099036.2405734,8.994522714993242e-05,,,
1776099036.2408473,,-0.001525514268189489,,
1776099036.241548,,,0.0,0.0
1776099036.2438874,,,0.0,0.0
1776099036.2454565,0.00019146943407447097,,,
1776099036.2456427,,-0.004488616303202736,,
1776099036.2464435,,,0.0,0.0
1776099036.2489727,,,0.0,0.0
1776099036.250629,0.0002087148082258755,,,
1776099036.2514744,,,0.0,0.0
1776099036.2515545,,-0.0024353634808873164,,
1776099036.253867,,,0.0,0.0
1776099036.2553306,0.00020461886602408803,,,
1776099036.2555764,,-0.0028863691491501243,,
1776099036.2563672,,,0.0,0.0
1776099036.2592423,,,0.0,0.0
1776099036.260883,0.00010624586441894473,,,
1776099036.2612855,,-0.0023844515258682935,,
1776099036.2614045,,,0.0,0.0
1776099036.2638757,,,0.0,0.0
1776099036.2656956,0.00011375596902152742,,,
1776099036.265877,,-0.0006694178248749941,,
1776099036.2666562,,,0.0,0.0
1776099036.2688754,,,0.0,0.0
1776099036.2703485,7.994417279588785e-05,,,
1776099036.270927,,-0.0017251865653325161,,
1776099036.271536,,,0.0,0.0
1776099036.2739544,,,0.0,0.0
1776099036.2756317,9.406902031190339e-05,,,
1776099036.276076,,-0.0029403014121753036,,
1776099036.2764122,,,0.0,0.0
1776099036.2789536,,,0.0,0.0
1776099036.2805362,0.00014200702468889913,,,
1776099036.2808793,,-0.0038990614997152185,,
1776099036.2814095,,,0.0,0.0
1776099036.2839408,,,0.0,0.0
1776099036.2858171,0.0002520345683975854,,,
1776099036.2863932,,,0.0,0.0
1776099036.2864368,,-0.00436760770891863,,
1776099036.2889245,,,0.0,0.0
1776099036.2909868,0.0002896911898518596,,,
1776099036.2912428,,-0.004854277881854835,,
1776099036.2913465,,,0.0,0.0
1776099036.2939384,,,0.0,0.0
1776099036.29574,0.0003559581848584589,,,
1776099036.2963145,,-0.006046386653912181,,
1776099036.2963793,,,0.0,0.0
1776099036.2988975,,,0.0,0.0
1776099036.3006587,0.00033045277268197685,,,
1776099036.3010838,,-0.00833413209994997,,
1776099036.3018243,,,0.0,0.0
1776099036.303926,,,0.0,0.0
1776099036.305689,0.00020523542603283708,,,
1776099036.3058178,,-0.006229478551191094,,
1776099036.306419,,,0.0,0.0
1776099036.3089101,,,0.0,0.0
1776099036.3106263,6.544970092832434e-05,,,
1776099036.3107991,,-0.0018349905122051645,,
1776099036.3113995,,,0.0,0.0
1776099036.3139062,,,0.0,0.0
1776099036.3154752,-3.585296690168175e-05,,,
1776099036.3157964,,0.0015233741251413522,,
1776099036.3163867,,,0.0,0.0
1776099036.3188956,,,0.0,0.0
1776099036.3204143,-0.0001342200574746829,,,
1776099036.3209803,,0.001625480143556422,,
1776099036.321654,,,0.0,0.0
1776099036.3239095,,,0.0,0.0
1776099036.3255277,-0.00014749625322093315,,,
1776099036.3258803,,0.0032233153392278225,,
1776099036.326516,,,0.0,0.0
1776099036.3289454,,,0.0,0.0
1776099036.3307683,-2.922299613444026e-05,,,
1776099036.3309667,,0.0021901614782443594,,
1776099036.331394,,,0.0,0.0
1776099036.3340914,,,0.0,0.0
1776099036.3360143,9.2045074507395e-05,,,
1776099036.3364334,,-0.0009013555749655431,,
1776099036.3369565,,,0.0,0.0
1776099036.3389425,,,0.0,0.0
1776099036.3405488,0.0001893891015472988,,,
1776099036.3415787,,-0.003647622884211456,,
1776099036.341634,,,0.0,0.0
1776099036.3439653,,,0.0,0.0
1776099036.3459034,0.00023332303636727292,,,
1776099036.346559,,,0.0,0.0
1776099036.3466234,,-0.005325688349058776,,
1776099036.3489406,,,0.0,0.0
1776099036.3509197,0.00030793715787013655,,,
1776099036.3516223,,,0.0,0.0
1776099036.3517888,,-0.004553041601847177,,
1776099036.3540895,,,0.0,0.0
1776099036.3557866,0.0003303032033916066,,,
1776099036.3565707,,-0.0072652916895454495,,
1776099036.3566265,,,0.0,0.0
1776099036.3589463,,,0.0,0.0
1776099036.3605514,0.00027114164775367874,,,
1776099036.360901,,-0.00661498508908545,,
1776099036.3616698,,,0.0,0.0
1776099036.3639812,,,0.0,0.0
1776099036.3653042,0.00020732654286011716,,,
1776099036.365918,,-0.004406065094691741,,
1776099036.3667924,,,0.0,0.0
1776099036.368965,,,0.0,0.0
1776099036.370334,0.00020261184569943342,,,
1776099036.370833,,-0.004977926791851265,,
1776099036.3714595,,,0.0,0.0
1776099036.373927,,,0.0,0.0
1776099036.3759146,0.0001288350273251182,,,
1776099036.376592,,-0.0017703857593946467,,
1776099036.3766468,,,0.0,0.0
1776099036.3789442,,,0.0,0.0
1776099036.3808148,6.283340159690562e-05,,,
1776099036.3812838,,-0.002715282422099267,,
1776099036.3813372,,,0.0,0.0
1776099036.383943,,,0.0,0.0
1776099036.3857913,9.782041633072187e-05,,,
1776099036.3862672,,-0.0008836312833574412,,
1776099036.3863819,,,0.0,0.0
1776099036.389042,,,0.0,0.0
1776099036.3904169,0.00014239223652532163,,,
1776099036.3915348,,-0.004039996864518308,,
1776099036.3915923,,,0.0,0.0
1776099036.3939645,,,0.0,0.0
1776099036.395619,0.00016201019925257074,,,
1776099036.3963761,,-0.002300658069869058,,
1776099036.3964376,,,0.0,0.0
1776099036.3990395,,,0.0,0.0
1776099036.4005117,0.00017048578148700277,,,
1776099036.401008,,-0.003003094226856257,,
1776099036.4014401,,,0.0,0.0
1776099036.404045,,,0.0,0.0
1776099036.405654,0.00017225874295346847,,,
1776099036.4061544,,-0.003837940224633408,,
1776099036.4066381,,,0.0,0.0
1776099036.4089615,,,0.0,0.0
1776099036.411309,0.0001927787871908992,,,
1776099036.411456,,-0.003448954340934185,,
1776099036.41175,,,0.0,0.0
1776099036.4141042,,,0.0,0.0
1776099036.4153304,0.0002533625206278553,,,
1776099036.4158885,,-0.00399447336930011,,
1776099036.4164362,,,0.0,0.0
1776099036.4191713,,,0.0,0.0
1776099036.4205155,0.0003236999918531942,,,
1776099036.4210227,,-0.005267991665732248,,
1776099036.4217935,,,0.0,0.0
1776099036.4266946,,,0.0,0.0
1776099036.4267726,0.0004413189380724026,,,
1776099036.4268198,,-0.008952681870862811,,
1776099036.4273007,,,0.0,0.0
1776099036.4307725,,,0.0,0.0
1776099036.4315078,,-0.010622155174701938,,
1776099036.4316287,0.0005514388288792868,,,
1776099036.431896,,,0.0,0.0
1776099036.4339335,,,0.0,0.0
1776099036.4352386,0.0006748412244307488,,,
1776099036.435692,,-0.013090203085731177,,
1776099036.4365146,,,0.0,0.0
1776099036.4388707,,,0.0,0.0
1776099036.4409668,0.0007138184747889969,,,
1776099036.4412947,,-0.015601752757866454,,
1776099036.442767,,,0.0,0.0
1776099036.4439514,,,0.0,0.0
1776099036.446146,0.0007082164165544784,,,
1776099036.446436,,-0.0165555606177732,,
1776099036.4468703,,,0.0,0.0
1776099036.4488912,,,0.0,0.0
1776099036.450898,0.0006665022426917497,,,
1776099036.4513447,,-0.013189885707100476,,
1776099036.4517555,,,0.0,0.0
1776099036.453899,,,0.0,0.0
1776099036.455934,0.0006372369628944946,,,
1776099036.4563897,,,0.0,0.0
1776099036.4567933,,-0.016867976209543837,,
1776099036.458892,,,0.0,0.0
1776099036.460998,0.0005647345951886485,,,
1776099036.4615083,,,0.0,0.0
1776099036.4620726,,-0.012620075165859484,,
1776099036.4639146,,,0.0,0.0
1776099036.4655929,0.0005347202074908612,,,
1776099036.4661,,-0.012286249668053018,,
1776099036.4664717,,,0.0,0.0
1776099036.468915,,,0.0,0.0
1776099036.47056,0.0005554425691798902,,,
1776099036.4709983,,-0.010568998852639367,,
1776099036.47151,,,0.0,0.0
1776099036.4740014,,,0.0,0.0
1776099036.4755473,0.0005460146385572885,,,
1776099036.476006,,-0.013045062801680121,,
1776099036.4764392,,,0.0,0.0
1776099036.4790008,,,0.0,0.0
1776099036.480671,0.0004795723567634244,,,
1776099036.481108,,-0.009984212500832527,,
1776099036.481546,,,0.0,0.0
1776099036.4840162,,,0.0,0.0
1776099036.4858654,0.00039814825849707343,,,
1776099036.4863517,,-0.00808926827935623,,
1776099036.4867733,,,0.0,0.0
1776099036.4889984,,,0.0,0.0
1776099036.490478,0.0002816433713118434,,,
1776099036.4909706,,-0.007224712944472663,,
1776099036.491514,,,0.0,0.0
1776099036.4939868,,,0.0,0.0
1776099036.4955537,9.939344696409745e-05,,,
1776099036.49602,,-0.0023806343048459874,,
1776099036.496477,,,0.0,0.0
1776099036.4990172,,,0.0,0.0
1776099036.5003257,-2.8801979058736547e-06,,,
1776099036.5008178,,0.0008639187452251905,,
1776099036.5017705,,,0.0,0.0
1776099036.5039928,,,0.0,0.0
1776099036.505353,-5.922905801282349e-05,,,
1776099036.5058472,,-7.570973755405448e-06,,
1776099036.5065062,,,0.0,0.0
1776099036.5090125,,,0.0,0.0
1776099036.5104716,-9.018955504814564e-05,,,
1776099036.511,,0.002343643631921351,,
1776099036.5115871,,,0.0,0.0
1776099036.5140033,,,0.0,0.0
1776099036.5155618,-0.00011317281321668755,,,
1776099036.5160463,,0.004801775716411782,,
1776099036.5164769,,,0.0,0.0
1776099036.5189133,,,0.0,0.0
1776099036.5208535,-3.589382629602412e-05,,,
1776099036.5213835,,0.0016574224411028391,,
1776099036.5214443,,,0.0,0.0
1776099036.5239103,,,0.0,0.0
1776099036.525285,7.09115710673992e-05,,,
1776099036.5264215,,,0.0,0.0
1776099036.5265698,,-0.0014113034026881038,,
1776099036.5289054,,,0.0,0.0
1776099036.5302935,0.00019470111711996822,,,
1776099036.530618,,-0.0038870943237394842,,
1776099036.5318394,,,0.0,0.0
1776099036.5339417,,,0.0,0.0
1776099036.5360727,0.000278426986995746,,,
1776099036.5364678,,-0.005295149465105761,,
1776099036.5367002,,,0.0,0.0
1776099036.5389953,,,0.0,0.0
1776099036.5403485,0.00039532341300188014,,,
1776099036.540472,,-0.007633077985228443,,
1776099036.5414753,,,0.0,0.0
1776099036.544065,,,0.0,0.0
1776099036.5460088,0.0005045790779185849,,,
1776099036.546457,,-0.011017271436234294,,
1776099036.546527,,,0.0,0.0
1776099036.5489948,,,0.0,0.0
1776099036.5503802,0.0005753529044199843,,,
1776099036.5507925,,-0.012432747966262283,,
1776099036.551452,,,0.0,0.0
1776099036.5540013,,,0.0,0.0
1776099036.5556386,0.0006354748594688811,,,
1776099036.5561173,,-0.013235493683016299,,
1776099036.5564768,,,0.0,0.0
1776099036.558969,,,0.0,0.0
1776099036.5611436,0.0006768616785605653,,,
1776099036.561645,,,0.0,0.0
1776099036.5617008,,-0.011665069759506473,,
1776099036.564049,,,0.0,0.0
1776099036.5651894,0.0006780983970591996,,,
1776099036.5659513,,-0.011689804129479158,,
1776099036.5666077,,,0.0,0.0
1776099036.5689745,,,0.0,0.0
1776099036.5703573,0.0007071320682206701,,,
1776099036.5707865,,-0.013869251089604242,,
1776099036.5713723,,,0.0,0.0
1776099036.5738955,,,0.0,0.0
1776099036.5757203,0.000714859845651827,,,
1776099036.5759065,,-0.01402380663822738,,
1776099036.5765107,,,0.0,0.0
1776099036.578883,,,0.0,0.0
1776099036.580326,0.0007193487354980473,,,
1776099036.5806766,,-0.01344742879477859,,
1776099036.5813663,,,0.0,0.0
1776099036.5838718,,,0.0,0.0
1776099036.5852203,0.0006842915443350452,,,
1776099036.5855072,,-0.012346591587294628,,
1776099036.5863492,,,0.0,0.0
1776099036.58885,,,0.0,0.0
1776099036.590247,0.0006573672152521432,,,
1776099036.590308,,-0.012074567261785869,,
1776099036.591358,,,0.0,0.0
1776099036.59383,,,0.0,0.0
1776099036.595288,0.0005259216213329907,,,
1776099036.595653,,-0.00917919312725354,,
1776099036.596355,,,0.0,0.0
1776099036.5988827,,,0.0,0.0
1776099036.600992,0.0004181270616660593,,,
1776099036.6014347,,-0.007023301933914911,,
1776099036.6024597,,,0.0,0.0
1776099036.6039557,,,0.0,0.0
1776099036.6053066,0.0002950161619087217,,,
1776099036.605592,,-0.004561083938768158,,
1776099036.6063678,,,0.0,0.0
1776099036.6089075,,,0.0,0.0
1776099036.610477,0.0002467258106843374,,,
1776099036.6109145,,-0.008258366396892857,,
1776099036.6115708,,,0.0,0.0
1776099036.6140482,,,0.0,0.0
1776099036.6161427,0.00019220361510523934,,,
1776099036.6165724,,,0.0,0.0
1776099036.6178856,,-0.007167922485310894,,
1776099036.6189914,,,0.0,0.0
1776099036.6203597,0.00015387956373283734,,,
1776099036.6205304,,-0.002937432127922227,,
1776099036.6213706,,,0.0,0.0
1776099036.6239004,,,0.0,0.0
1776099036.6253204,0.00011308204666159305,,,
1776099036.6255295,,-0.002121481786497341,,
1776099036.6263957,,,0.0,0.0
1776099036.6289134,,,0.0,0.0
1776099036.6316495,0.0001554386539401045,,,
1776099036.631711,,,0.0,0.0
1776099036.6322205,,0.000628626525947697,,
1776099036.6339695,,,0.0,0.0
1776099036.636311,0.00016457372639138725,,,
1776099036.636656,,-0.0007531550757497139,,
1776099036.6372542,,,0.0,0.0
1776099036.6390913,,,0.0,0.0
1776099036.6406014,0.00019049739151938189,,,
1776099036.6408803,,-0.004069482067877037,,
1776099036.6414037,,,0.0,0.0
1776099036.6439474,,,0.0,0.0
1776099036.6453176,0.00020360655896879863,,,
1776099036.6458476,,-0.004331665416865371,,
1776099036.6464384,,,0.0,0.0
1776099036.648941,,,0.0,0.0
1776099036.6502752,0.0002254198500272972,,,
1776099036.6507816,,-0.0061002425187817386,,
1776099036.6517508,,,0.0,0.0
1776099036.6539352,,,0.0,0.0
1776099036.6554391,0.0002013617947451456,,,
1776099036.6558685,,-0.0036206144920191132,,
1776099036.6563501,,,0.0,0.0
1776099036.6588736,,,0.0,0.0
1776099036.660285,0.00020662364801105605,,,
1776099036.6608126,,-0.005591087350382276,,
1776099036.6614544,,,0.0,0.0
1776099036.6639094,,,0.0,0.0
1776099036.6653128,0.00014239397389017466,,,
1776099036.66554,,-0.004306493867964648,,
1776099036.66638,,,0.0,0.0
1776099036.668868,,,0.0,0.0
1776099036.670167,0.00013102408995705004,,,
1776099036.6704116,,-0.0007483179874361674,,
1776099036.67138,,,0.0,0.0
1776099036.6738975,,,0.0,0.0
1776099036.6752484,7.055269998988047e-05,,,
1776099036.6755884,,-0.0010044325969138107,,
1776099036.6763828,,,0.0,0.0
1776099036.6788905,,,0.0,0.0
1776099036.680261,-9.437798517971524e-06,,,
1776099036.6807294,,6.245286094467122e-05,,
1776099036.6815104,,,0.0,0.0
1776099036.683916,,,0.0,0.0
1776099036.6854665,-6.147005510401352e-05,,,
1776099036.6859713,,0.0020357158891879876,,
1776099036.6864185,,,0.0,0.0
1776099036.6889129,,,0.0,0.0
1776099036.6903524,-4.24806529639595e-05,,,
1776099036.6908317,,-0.0004757702028073249,,
1776099036.6914256,,,0.0,0.0
1776099036.693933,,,0.0,0.0
1776099036.6952941,-1.8913093051097657e-05,,,
1776099036.6957476,,0.002916581313099984,,
1776099036.6963906,,,0.0,0.0
1776099036.6989052,,,0.0,0.0
1776099036.70026,3.499957877383243e-05,,,
1776099036.7007172,,-0.0005598324287421288,,
1776099036.7013984,,,0.0,0.0
1776099036.7038972,,,0.0,0.0
1776099036.705303,7.559377603506376e-05,,,
1776099036.705697,,-0.0013717163739667556,,
1776099036.7063737,,,0.0,0.0
1776099036.708874,,,0.0,0.0
1776099036.7102275,0.00013254135116843446,,,
1776099036.71053,,-0.0029103612608580884,,
1776099036.7113771,,,0.0,0.0
1776099036.7138908,,,0.0,0.0
1776099036.7151918,0.00019031306824124754,,,
1776099036.7156763,,-0.0037993333461650704,,
1776099036.7163792,,,0.0,0.0
1776099036.7188942,,,0.0,0.0
1776099036.720269,0.000165856792728307,,,
1776099036.7206035,,-0.0021111276832345037,,
1776099036.7214024,,,0.0,0.0
1776099036.7239306,,,0.0,0.0
1776099036.7253125,0.00011077396749807175,,,
1776099036.7257764,,-0.0010094711786297992,,
1776099036.7264025,,,0.0,0.0
1776099036.728905,,,0.0,0.0
1776099036.7306046,0.00010637568928179745,,,
1776099036.7309983,,-0.00172089238275215,,
1776099036.731833,,,0.0,0.0
1776099036.7339177,,,0.0,0.0
1776099036.7352984,7.147643682945618e-05,,,
1776099036.735634,,-0.0006232139494814063,,
1776099036.7363884,,,0.0,0.0
1776099036.738892,,,0.0,0.0
1776099036.7402272,-6.629310033057136e-06,,,
1776099036.7406242,,0.0016050566281420576,,
1776099036.7413795,,,0.0,0.0
1776099036.7438993,,,0.0,0.0
1776099036.7452433,-5.492748005205391e-06,,,
1776099036.7455447,,0.0009161697472118252,,
1776099036.7463834,,,0.0,0.0
1776099036.7489555,,,0.0,0.0
1776099036.75043,-3.2994627607574176e-05,,,
1776099036.7507942,,0.0013329762111845614,,
1776099036.7514083,,,0.0,0.0
1776099036.7539558,,,0.0,0.0
1776099036.7560298,-7.765678595831758e-05,,,
1776099036.7563999,,0.00036098358515447636,,
1776099036.756444,,,0.0,0.0
1776099036.7589002,,,0.0,0.0
1776099036.7603068,-9.477264172654839e-05,,,
1776099036.7606742,,0.0013694563408922899,,
1776099036.7613842,,,0.0,0.0
1776099036.7638917,,,0.0,0.0
1776099036.7654285,-9.99258161995203e-05,,,
1776099036.7657745,,0.002405137726874205,,
1776099036.7663805,,,0.0,0.0
1776099036.768878,,,0.0,0.0
1776099036.770227,-6.231010593668807e-05,,,
1776099036.770565,,0.0004537433689458046,,
1776099036.7713778,,,0.0,0.0
1776099036.77388,,,0.0,0.0
1776099036.7752228,8.810040457707217e-06,,,
1776099036.7755742,,-0.0011018906870167407,,
1776099036.776386,,,0.0,0.0
1776099036.7788985,,,0.0,0.0
1776099036.7802188,1.634903334706895e-05,,,
1776099036.7805474,,-5.3590392132219714e-05,,
1776099036.7814066,,,0.0,0.0
1776099036.7839155,,,0.0,0.0
1776099036.7856586,-4.656083604474815e-05,,,
1776099036.7859974,,-0.0007938599254154704,,
1776099036.7864187,,,0.0,0.0
1776099036.7889214,,,0.0,0.0
1776099036.790281,-3.714477603925228e-05,,,
1776099036.7906964,,0.0014159791798181234,,
1776099036.7914283,,,0.0,0.0
1776099036.7939246,,,0.0,0.0
1776099036.7953374,-5.327861349206138e-05,,,
1776099036.7957687,,-0.0002598109922452873,,
1776099036.7963774,,,0.0,0.0
1776099036.7988966,,,0.0,0.0
1776099036.8004115,2.658569733435888e-05,,,
1776099036.800916,,0.0008075253527190979,,
1776099036.8013868,,,0.0,0.0
1776099036.803897,,,0.0,0.0
1776099036.805514,0.0001667363261182644,,,
1776099036.805826,,-0.0021287183510336517,,
1776099036.8064015,,,0.0,0.0
1776099036.8089259,,,0.0,0.0
1776099036.8103495,0.00027409030294214885,,,
1776099036.8106008,,-0.0034764111190635043,,
1776099036.8114238,,,0.0,0.0
1776099036.813931,,,0.0,0.0
1776099036.815336,0.00029448352420033863,,,
1776099036.8156834,,-0.0089470584110636,,
1776099036.8163733,,,0.0,0.0
1776099036.818893,,,0.0,0.0
1776099036.820251,0.00026726486123491506,,,
1776099036.820619,,-0.006803911614859456,,
1776099036.821383,,,0.0,0.0
1776099036.823928,,,0.0,0.0
1776099036.8252378,0.00019161260369308415,,,
1776099036.8258162,,-0.003425630670977884,,
1776099036.8263664,,,0.0,0.0
1776099036.8288827,,,0.0,0.0
1776099036.8303823,9.428537809232925e-05,,,
1776099036.8307183,,-0.0017455484151120654,,
1776099036.8313797,,,0.0,0.0
1776099036.8339295,,,0.0,0.0
1776099036.835232,2.8672378620051258e-05,,,
1776099036.8355677,,0.0010322539831545293,,
1776099036.8363817,,,0.0,0.0
1776099036.8389022,,,0.0,0.0
1776099036.8404253,-8.261233956327748e-06,,,
1776099036.840826,,-0.0015598519671838785,,
1776099036.841407,,,0.0,0.0
1776099036.8439252,,,0.0,0.0
1776099036.845748,-4.428263348834035e-05,,,
1776099036.8461301,,0.0010258118165013268,,
1776099036.8465366,,,0.0,0.0
1776099036.848899,,,0.0,0.0
1776099036.8506503,-8.116917365501601e-05,,,
1776099036.8510883,,0.0020300048759841188,,
1776099036.851405,,,0.0,0.0
1776099036.8539536,,,0.0,0.0
1776099036.85525,-4.703165917408557e-05,,,
1776099036.8556077,,0.0041451082759329395,,
1776099036.856375,,,0.0,0.0
1776099036.8588748,,,0.0,0.0
1776099036.8602169,-2.797843680050013e-05,,,
1776099036.860539,,0.0009661901388938014,,
1776099036.8613718,,,0.0,0.0
1776099036.8638966,,,0.0,0.0
1776099036.8651927,6.917977682900514e-05,,,
1776099036.8655286,,-0.00204282315829342,,
1776099036.8663833,,,0.0,0.0
1776099036.868894,,,0.0,0.0
1776099036.8707533,0.0002290603532879816,,,
1776099036.8710206,,-0.00803828837704038,,
1776099036.8714066,,,0.0,0.0
1776099036.873916,,,0.0,0.0
1776099036.8754184,0.00036623753360593976,,,
1776099036.8758519,,-0.006651667013085717,,
1776099036.8764174,,,0.0,0.0
1776099036.8789067,,,0.0,0.0
1776099036.880451,0.00044163183970105554,,,
1776099036.8809564,,-0.009491864415734429,,
1776099036.88141,,,0.0,0.0
1776099036.8839276,,,0.0,0.0
1776099036.8853557,0.0004732030661427212,,,
1776099036.885631,,-0.010123288944567741,,
1776099036.8863976,,,0.0,0.0
1776099036.8888826,,,0.0,0.0
1776099036.8902075,0.000426957759463375,,,
1776099036.8905556,,-0.0073331470179358645,,
1776099036.8913789,,,0.0,0.0
1776099036.8938951,,,0.0,0.0
1776099036.8952963,0.0002872296134988612,,,
1776099036.8956163,,-0.00680351327591446,,
1776099036.8964021,,,0.0,0.0
1776099036.8989174,,,0.0,0.0
1776099036.9002783,0.00010029126086671432,,,
1776099036.9006493,,-0.0018656660705997665,,
1776099036.9014304,,,0.0,0.0
1776099036.903993,,,0.0,0.0
1776099036.9056537,-0.00013387032983315283,,,
1776099036.906053,,0.0005526365661287051,,
1776099036.906714,,,0.0,0.0
1776099036.9088979,,,0.0,0.0
1776099036.9101944,-0.0001981026972418945,,,
1776099036.9105392,,0.0018372839143035386,,
1776099036.9113688,,,0.0,0.0
1776099036.9138875,,,0.0,0.0
1776099036.9154034,-0.000162503367436086,,,
1776099036.91577,,0.00045914167781416996,,
1776099036.9163723,,,0.0,0.0
1776099036.9188786,,,0.0,0.0
1776099036.9204156,-7.61018340762508e-05,,,
1776099036.920762,,-0.0012688889893825337,,
1776099036.9213576,,,0.0,0.0
1776099036.9238832,,,0.0,0.0
1776099036.9251764,-2.413759135966683e-05,,,
1776099036.9255328,,-0.0023081738437142132,,
1776099036.9264076,,,0.0,0.0
1776099036.928917,,,0.0,0.0
1776099036.9303782,7.373056695643845e-05,,,
1776099036.930773,,-0.0017341455766181676,,
1776099036.9314165,,,0.0,0.0
1776099036.9339244,,,0.0,0.0
1776099036.935815,0.00011973167464083495,,,
1776099036.9361365,,-0.005851714804097446,,
1776099036.9364774,,,0.0,0.0
1776099036.9389126,,,0.0,0.0
1776099036.9405332,4.3009006877311106e-05,,,
1776099036.9408512,,0.002477526082979646,,
1776099036.941385,,,0.0,0.0
1776099036.9438944,,,0.0,0.0
1776099036.9454553,-4.30562535986973e-05,,,
1776099036.946698,,,0.0,0.0
1776099036.9467523,,-0.0005974893181872084,,
1776099036.948958,,,0.0,0.0
1776099036.9506266,-0.00010245823648603598,,,
1776099036.9509754,,5.762582726100748e-05,,
1776099036.9514382,,,0.0,0.0
1776099036.953887,,,0.0,0.0
1776099036.9552941,-4.819723150925571e-05,,,
1776099036.955625,,0.00043794813654643645,,
1776099036.9564018,,,0.0,0.0
1776099036.958891,,,0.0,0.0
1776099036.9602625,-5.268145430421936e-05,,,
1776099036.9606366,,0.0005276325924457095,,
1776099036.961393,,,0.0,0.0
1776099036.963908,,,0.0,0.0
1776099036.965247,-2.1579218119102998e-05,,,
1776099036.9655428,,-0.0026258035646747682,,
1776099036.9663785,,,0.0,0.0
1776099036.9688902,,,0.0,0.0
1776099036.9702196,3.468046830572665e-05,,,
1776099036.9706087,,0.0026440968544113354,,
1776099036.9713826,,,0.0,0.0
1776099036.9739058,,,0.0,0.0
1776099036.9755528,0.0002300918417550109,,,
1776099036.9758825,,-0.0013973617426489898,,
1776099036.9763894,,,0.0,0.0
1776099036.9788938,,,0.0,0.0
1776099036.9805098,0.0002569589759984825,,,
1776099036.9808028,,-0.008063336318951838,,
1776099036.9813938,,,0.0,0.0
1776099036.9839058,,,0.0,0.0
1776099036.985295,0.00038599717193158346,,,
1776099036.9856346,,-0.008245939932270347,,
1776099036.9863877,,,0.0,0.0
1776099036.9889033,,,0.0,0.0
1776099036.990339,0.0005311023702530189,,,
1776099036.9906793,,-0.010615119386400496,,
1776099036.99138,,,0.0,0.0
1776099036.993895,,,0.0,0.0
1776099036.9952369,0.0006720855045700858,,,
1776099036.9955668,,-0.016499098018458544,,
1776099036.9963715,,,0.0,0.0
1776099036.9988961,,,0.0,0.0
1776099037.000293,0.0006810593249411358,,,
1776099037.0007813,,-0.010816404790595407,,
1776099037.001403,,,0.0,0.0
1776099037.0038993,,,0.0,0.0
1776099037.0054028,0.0007186527418070142,,,
1776099037.0057435,,-0.01769690501934639,,
1776099037.0064046,,,0.0,0.0
1776099037.008886,,,0.0,0.0
1776099037.010797,0.0006920196751431383,,,
1776099037.0113459,,-0.01276761645960577,,
1776099037.01143,,,0.0,0.0
1776099037.013928,,,0.0,0.0
1776099037.0159101,0.0006783917766394274,,,
1776099037.016141,,-0.017557841356367856,,
1776099037.0163941,,,0.0,0.0
1776099037.0189123,,,0.0,0.0
1776099037.0203335,0.0006586667718574515,,,
1776099037.020819,,-0.012500251778115952,,
1776099037.0215209,,,0.0,0.0
1776099037.0239544,,,0.0,0.0
1776099037.0252085,0.0006583906265281803,,,
1776099037.0258079,,-0.012494728871530527,,
1776099037.026391,,,0.0,0.0
1776099037.0288873,,,0.0,0.0
1776099037.0302644,0.0006432776460265063,,,
1776099037.0306077,,-0.013658011670318083,,
1776099037.0313904,,,0.0,0.0
1776099037.0339,,,0.0,0.0
1776099037.0352168,0.0005695752089262714,,,
1776099037.0355546,,-0.010984882775641629,,
1776099037.0363817,,,0.0,0.0
1776099037.038885,,,0.0,0.0
1776099037.040286,0.0004381189891091758,,,
1776099037.0406585,,-0.00782283386700116,,
1776099037.041405,,,0.0,0.0
1776099037.0439165,,,0.0,0.0
1776099037.045346,0.00036325622964957443,,,
1776099037.0457964,,-0.003261262732092423,,
1776099037.04641,,,0.0,0.0
1776099037.048901,,,0.0,0.0
1776099037.0507696,0.00023228028002591185,,,
1776099037.0511642,,-0.004372215325709078,,
1776099037.0514338,,,0.0,0.0
1776099037.0539143,,,0.0,0.0
1776099037.0552332,3.985018797298277e-05,,,
1776099037.0557113,,-0.000523613484650496,,
1776099037.056385,,,0.0,0.0
1776099037.0588882,,,0.0,0.0
1776099037.0602212,-8.643354654538265e-05,,,
1776099037.0605814,,0.0018688300776421726,,
1776099037.0613768,,,0.0,0.0
1776099037.0638957,,,0.0,0.0
1776099037.065225,-0.00015960153376104946,,,
1776099037.065678,,0.0016001851569851953,,
1776099037.066391,,,0.0,0.0
1776099037.068888,,,0.0,0.0
1776099037.0704012,-0.00027086096598488756,,,
1776099037.0709238,,0.006756458619104027,,
1776099037.0713904,,,0.0,0.0
1776099037.0738857,,,0.0,0.0
1776099037.0752227,-0.0003055279566226417,,,
1776099037.0755913,,0.0042522513580677615,,
1776099037.0763788,,,0.0,0.0
1776099037.0789046,,,0.0,0.0
1776099037.0802348,-0.00022360686693916092,,,
1776099037.080555,,0.005145220997816296,,
1776099037.081392,,,0.0,0.0
1776099037.0839076,,,0.0,0.0
1776099037.085317,-0.0001306920485392795,,,
1776099037.0857608,,0.0030204623736693886,,
1776099037.0863702,,,0.0,0.0
1776099037.0888858,,,0.0,0.0
1776099037.0902963,-9.84310520745169e-05,,,
1776099037.0904717,,0.003041398084747335,,
1776099037.0913746,,,0.0,0.0
1776099037.0938814,,,0.0,0.0
1776099037.0951872,-0.00010240978350110837,,,
1776099037.0955389,,0.0004563501517863733,,
1776099037.0963635,,,0.0,0.0
1776099037.0988908,,,0.0,0.0
1776099037.1002512,-4.314407975607404e-05,,,
1776099037.1008255,,-0.0007289639231143131,,
1776099037.10139,,,0.0,0.0
1776099037.1038914,,,0.0,0.0
1776099037.1054218,5.172219062199386e-05,,,
1776099037.1057835,,-0.000761053537630718,,
1776099037.1063714,,,0.0,0.0
1776099037.108903,,,0.0,0.0
1776099037.110404,0.00018098796910883107,,,
1776099037.110743,,-0.0005485154178000323,,
1776099037.111396,,,0.0,0.0
1776099037.1139143,,,0.0,0.0
1776099037.1152148,0.0003719055599630266,,,
1776099037.115555,,-0.004366867234883942,,
1776099037.116561,,,0.0,0.0
1776099037.1189158,,,0.0,0.0
1776099037.1202478,0.0005544898307381079,,,
1776099037.1206322,,-0.011349330852251555,,
1776099037.12138,,,0.0,0.0
1776099037.1238759,,,0.0,0.0
1776099037.1252131,0.0006478767882871196,,,
1776099037.1255612,,-0.012550914362858594,,
1776099037.1263688,,,0.0,0.0
1776099037.12889,,,0.0,0.0
1776099037.130303,0.0005958402145789775,,,
1776099037.130657,,-0.01390834319403926,,
1776099037.131374,,,0.0,0.0
1776099037.1338837,,,0.0,0.0
1776099037.1352289,0.0004757955322208382,,,
1776099037.1355438,,-0.008709595857309047,,
1776099037.1363842,,,0.0,0.0
1776099037.13888,,,0.0,0.0
1776099037.1401904,0.0003670434197556492,,,
1776099037.1406224,,-0.007866864888751662,,
1776099037.1413906,,,0.0,0.0
1776099037.143925,,,0.0,0.0
1776099037.145226,0.0003035346293635165,,,
1776099037.1456373,,-0.006596689080909007,,
1776099037.1463757,,,0.0,0.0
1776099037.1489103,,,0.0,0.0
1776099037.1503255,0.00027011797377348606,,,
1776099037.1506882,,-0.002464346639167772,,
1776099037.1513953,,,0.0,0.0
1776099037.1539006,,,0.0,0.0
1776099037.155765,0.00024522918942261856,,,
1776099037.156443,,,0.0,0.0
1776099037.1565404,,-0.007429047203210642,,
1776099037.1588924,,,0.0,0.0
1776099037.1602442,0.00029350217745482043,,,
1776099037.160545,,-0.00839450696385468,,
1776099037.1614165,,,0.0,0.0
1776099037.1639566,,,0.0,0.0
1776099037.1651986,0.00030088937944855877,,,
1776099037.165531,,-0.006543784082609853,,
1776099037.1663759,,,0.0,0.0
1776099037.1689022,,,0.0,0.0
1776099037.1702359,0.0002997144510875693,,,
1776099037.1706645,,-0.006387054387315423,,
1776099037.171398,,,0.0,0.0
1776099037.173911,,,0.0,0.0
1776099037.1754668,0.00029184227918195994,,,
1776099037.1759334,,-0.007428691101874992,,
1776099037.1763935,,,0.0,0.0
1776099037.1789072,,,0.0,0.0
1776099037.1803813,0.00041857845080664176,,,
1776099037.1807716,,-0.008764334381696874,,
1776099037.1814055,,,0.0,0.0
1776099037.1838984,,,0.0,0.0
1776099037.1852005,0.00047472376689247354,,,
1776099037.185527,,-0.010819858599935986,,
1776099037.1863832,,,0.0,0.0
1776099037.1889336,,,0.0,0.0
1776099037.1903462,0.00048323241927087664,,,
1776099037.1907213,,-0.0077924845737126994,,
1776099037.1913962,,,0.0,0.0
1776099037.1939135,,,0.0,0.0
1776099037.1952584,0.0005842452272639517,,,
1776099037.1956036,,-0.014475830216186585,,
1776099037.196398,,,0.0,0.0
1776099037.1989346,,,0.0,0.0
1776099037.2003398,0.0006384293804899827,,,
1776099037.201036,,-0.012095503950766575,,
1776099037.2013934,,,0.0,0.0
1776099037.2038898,,,0.0,0.0
1776099037.2052655,0.0005644810722031814,,,
1776099037.2056618,,-0.012748235834224781,,
1776099037.2063708,,,0.0,0.0
1776099037.2088761,,,0.0,0.0
1776099037.210354,0.0004647314414366419,,,
1776099037.210727,,-0.00848831404162512,,
1776099037.211386,,,0.0,0.0
1776099037.2139108,,,0.0,0.0
1776099037.2153227,0.0004336690327507051,,,
1776099037.2156928,,-0.00626829233101071,,
1776099037.2163982,,,0.0,0.0
1776099037.2188838,,,0.0,0.0
1776099037.2202892,0.00021115937998533504,,,
1776099037.2206674,,-0.002883948300300425,,
1776099037.221404,,,0.0,0.0
1776099037.2239325,,,0.0,0.0
1776099037.2255716,8.929892865978717e-05,,,
1776099037.225882,,-0.001779050554535863,,
1776099037.2264087,,,0.0,0.0
1776099037.2289424,,,0.0,0.0
1776099037.2303734,7.251590040285928e-05,,,
1776099037.2309978,,-0.0033086257824422585,,
1776099037.2314248,,,0.0,0.0
1776099037.233929,,,0.0,0.0
1776099037.235401,9.28845198418839e-05,,,
1776099037.2360537,,-0.0013178378658792395,,
1776099037.2364466,,,0.0,0.0
1776099037.238917,,,0.0,0.0
1776099037.2406135,3.285157074415471e-05,,,
1776099037.2409182,,-0.00171595242082033,,
1776099037.2413826,,,0.0,0.0
1776099037.2438803,,,0.0,0.0
1776099037.2451704,8.64521533452799e-05,,,
1776099037.245474,,-0.0027879640728428337,,
1776099037.2463777,,,0.0,0.0
1776099037.2488947,,,0.0,0.0
1776099037.2506413,0.00010629141763012783,,,
1776099037.2511342,,-0.0013195135654948393,,
1776099037.2514584,,,0.0,0.0
1776099037.2539177,,,0.0,0.0
1776099037.2558696,6.260241718723e-05,,,
1776099037.256277,,0.0006201154679602334,,
1776099037.2564511,,,0.0,0.0
1776099037.2589304,,,0.0,0.0
1776099037.260286,6.791280061953177e-05,,,
1776099037.260708,,-0.00028547896913363904,,
1776099037.2613952,,,0.0,0.0
1776099037.263915,,,0.0,0.0
1776099037.2653382,0.00015119822614884912,,,
1776099037.2657447,,-0.003949654400839579,,
1776099037.2663991,,,0.0,0.0
1776099037.2688901,,,0.0,0.0
1776099037.2702382,0.00018744731795564254,,,
1776099037.2708828,,-0.0038752494685276103,,
1776099037.271396,,,0.0,0.0
1776099037.2738867,,,0.0,0.0
1776099037.2752461,0.00020803731205119408,,,
1776099037.2756267,,-0.005086436118886478,,
1776099037.2763793,,,0.0,0.0
1776099037.2788756,,,0.0,0.0
1776099037.280279,0.00027742696075871856,,,
1776099037.280599,,-0.005541611196514491,,
1776099037.281375,,,0.0,0.0
1776099037.2838793,,,0.0,0.0
1776099037.2852774,0.00035621364246712434,,,
1776099037.2856615,,-0.007117344830682607,,
1776099037.286376,,,0.0,0.0
1776099037.2888844,,,0.0,0.0
1776099037.2902243,0.0005086589311194295,,,
1776099037.2908208,,-0.008567477066833036,,
1776099037.2914186,,,0.0,0.0
1776099037.293939,,,0.0,0.0
1776099037.2955456,0.0006182476822996631,,,
1776099037.2958648,,-0.013290643523855858,,
1776099037.2964175,,,0.0,0.0
1776099037.2989097,,,0.0,0.0
1776099037.3002923,0.0007539618767138335,,,
1776099037.300655,,-0.015605234027915348,,
1776099037.3014007,,,0.0,0.0
1776099037.3038878,,,0.0,0.0
1776099037.3052633,0.0009247403685514774,,,
1776099037.3056107,,-0.02048634627348926,,
1776099037.3063884,,,0.0,0.0
1776099037.3088822,,,0.0,0.0
1776099037.3102655,0.001019053998093076,,,
1776099037.3106582,,-0.022372618864321233,,
1776099037.3114095,,,0.0,0.0
1776099037.3139086,,,0.0,0.0
1776099037.315294,0.0010145902039616428,,,
1776099037.3157566,,-0.021217493957095452,,
1776099037.3164144,,,0.0,0.0
1776099037.3189192,,,0.0,0.0
1776099037.3203163,0.001047687653559401,,,
1776099037.3206666,,-0.018548664747184633,,
1776099037.32142,,,0.0,0.0
1776099037.323932,,,0.0,0.0
1776099037.325562,0.0010214412265751643,,,
1776099037.3259377,,-0.02002220312861949,,
1776099037.3264158,,,0.0,0.0
1776099037.3289087,,,0.0,0.0
1776099037.330233,0.000909508295149552,,,
1776099037.3305597,,-0.021913709470421067,,
1776099037.3313985,,,0.0,0.0
1776099037.3339076,,,0.0,0.0
1776099037.3352923,0.0008773981740583118,,,
1776099037.3356586,,-0.016741648694058517,,
1776099037.3363938,,,0.0,0.0
1776099037.338908,,,0.0,0.0
1776099037.3403733,0.000887067018665698,,,
1776099037.3407338,,-0.01693502558620624,,
1776099037.3414152,,,0.0,0.0
1776099037.3439069,,,0.0,0.0
1776099037.3453212,0.0009108043243717607,,,
1776099037.3458843,,-0.018342389596849973,,
1776099037.346432,,,0.0,0.0
1776099037.3489535,,,0.0,0.0
1776099037.3506398,0.0009411946469689448,,,
1776099037.3509684,,-0.01788434702419654,,
1776099037.3514357,,,0.0,0.0
1776099037.353915,,,0.0,0.0
1776099037.3552835,0.0010220460897166631,,,
1776099037.3556209,,-0.01830229572647915,,
1776099037.356378,,,0.0,0.0
1776099037.358891,,,0.0,0.0
1776099037.3605485,0.0010330834478540032,,,
1776099037.3607194,,-0.019988585298046983,,
1776099037.3613818,,,0.0,0.0
1776099037.3638995,,,0.0,0.0
1776099037.365216,0.0010096033987216705,,,
1776099037.365477,,-0.019385753187325692,,
1776099037.366379,,,0.0,0.0
1776099037.3688915,,,0.0,0.0
1776099037.3702674,0.0009642900213085053,,,
1776099037.3707347,,-0.01807979225483847,,
1776099037.3713827,,,0.0,0.0
1776099037.373909,,,0.0,0.0
1776099037.3756876,0.0009318800817663233,,,
1776099037.3760233,,-0.019430060385114422,,
1776099037.3764012,,,0.0,0.0
1776099037.3789093,,,0.0,0.0
1776099037.380638,0.0009348278474611341,,,
1776099037.3809588,,-0.01948901569901064,,
1776099037.3813975,,,0.0,0.0
1776099037.3839262,,,0.0,0.0
1776099037.3854346,0.000927893372471634,,,
1776099037.3856566,,-0.0178847837903996,,
1776099037.386409,,,0.0,0.0
1776099037.3889294,,,0.0,0.0
1776099037.3902671,0.000975840111750535,,,
1776099037.3906934,,-0.020309260984798655,,
1776099037.3914049,,,0.0,0.0
1776099037.3938942,,,0.0,0.0
1776099037.3958757,0.0010164957543806687,,,
1776099037.3961906,,-0.021388836093550606,,
1776099037.396574,,,0.0,0.0
1776099037.3988817,,,0.0,0.0
1776099037.4009364,0.0011501550136945495,,,
1776099037.4016201,,-0.021530629846410076,,
1776099037.4016929,,,0.0,0.0
1776099037.4039023,,,0.0,0.0
1776099037.405277,0.0012222502439188292,,,
1776099037.4056451,,-0.022972534450895667,,
1776099037.406392,,,0.0,0.0
1776099037.4089046,,,0.0,0.0
1776099037.4104614,0.0013179838262564491,,,
1776099037.410809,,-0.025153668353797346,,
1776099037.4114096,,,0.0,0.0
1776099037.4139004,,,0.0,0.0
1776099037.415261,0.0012853669607543713,,,
1776099037.4157116,,-0.028231802629845697,,
1776099037.416383,,,0.0,0.0
1776099037.418879,,,0.0,0.0
1776099037.4202304,0.0012649659477577014,,,
1776099037.4205637,,-0.025558853192643425,,
1776099037.421378,,,0.0,0.0
1776099037.423897,,,0.0,0.0
1776099037.4253032,0.0011391490577591507,,,
1776099037.4254777,,-0.02304251539267241,,
1776099037.426381,,,0.0,0.0
1776099037.4288902,,,0.0,0.0
1776099037.4302514,0.0010339830654700606,,,
1776099037.4305909,,-0.02093919554689061,,
1776099037.431385,,,0.0,0.0
1776099037.4339082,,,0.0,0.0
1776099037.4353244,0.0009502983406199591,,,
1776099037.4357898,,-0.018599345409515383,,
1776099037.4363923,,,0.0,0.0
1776099037.438918,,,0.0,0.0
1776099037.4402902,0.0009066307483257905,,,
1776099037.4406247,,-0.016260451154810975,,
1776099037.4414275,,,0.0,0.0
1776099037.4439304,,,0.0,0.0
1776099037.445378,0.0009100055548418873,,,
1776099037.4462006,,-0.01992518774314818,,
1776099037.4466863,,,0.0,0.0
1776099037.448937,,,0.0,0.0
1776099037.4503229,0.0009047791293650823,,,
1776099037.451052,,-0.01675634328789537,,
1776099037.451404,,,0.0,0.0
1776099037.4538858,,,0.0,0.0
1776099037.4552653,0.0008670279131621822,,,
1776099037.4558709,,-0.01613455009191201,,
1776099037.4565008,,,0.0,0.0
1776099037.4588778,,,0.0,0.0
1776099037.4601922,0.0007553055958793356,,,
1776099037.4604716,,-0.014832721642777554,,
1776099037.4613607,,,0.0,0.0
1776099037.4638786,,,0.0,0.0
1776099037.4651558,0.0006517876488362476,,,
1776099037.4655159,,-0.012762362701915792,,
1776099037.4663758,,,0.0,0.0
1776099037.4688818,,,0.0,0.0
1776099037.4703794,0.000504109457515072,,,
1776099037.4707062,,-0.009409105491268362,,
1776099037.4713984,,,0.0,0.0
1776099037.473946,,,0.0,0.0
1776099037.4755392,0.00031675639618575067,,,
1776099037.475837,,-0.008193435698100087,,
1776099037.4764042,,,0.0,0.0
1776099037.4789104,,,0.0,0.0
1776099037.4802513,0.00018846224247867928,,,
1776099037.4806204,,-0.0045617035993615425,,
1776099037.4814105,,,0.0,0.0
1776099037.4839017,,,0.0,0.0
1776099037.4852695,0.0001317129630489157,,,
1776099037.485609,,-0.003426718010766271,,
1776099037.486379,,,0.0,0.0
1776099037.4888947,,,0.0,0.0
1776099037.4906232,0.00010080575680134049,,,
1776099037.4908838,,-0.0014762626050683716,,
1776099037.491474,,,0.0,0.0
1776099037.4939117,,,0.0,0.0
1776099037.4952483,7.413648610887414e-05,,,
1776099037.4956982,,-0.0005431838069951258,,
1776099037.4964006,,,0.0,0.0
1776099037.4989173,,,0.0,0.0
1776099037.5003152,0.00011072907154830598,,,
1776099037.500931,,-0.00047564874733592596,,
1776099037.5014417,,,0.0,0.0
1776099037.5039182,,,0.0,0.0
1776099037.5052416,0.00011031619550781189,,,
1776099037.5055416,,-0.004064631684541311,,
1776099037.5063736,,,0.0,0.0
1776099037.5088756,,,0.0,0.0
1776099037.5102122,0.00011160049859216028,,,
1776099037.5106542,,-0.0038238554900789992,,
1776099037.511361,,,0.0,0.0
1776099037.5138996,,,0.0,0.0
1776099037.5152144,0.00012287364651323722,,,
1776099037.5156496,,-0.0016511581431570268,,
1776099037.5163753,,,0.0,0.0
1776099037.5188978,,,0.0,0.0
1776099037.5202157,9.221584637653358e-05,,,
1776099037.5205507,,-0.0006383087561990357,,
1776099037.5213838,,,0.0,0.0
1776099037.5238883,,,0.0,0.0
1776099037.5253286,9.175873928272686e-05,,,
1776099037.5256262,,-0.003427020303890331,,
1776099037.526385,,,0.0,0.0
1776099037.5289004,,,0.0,0.0
1776099037.5301878,8.973110771365208e-05,,,
1776099037.5305645,,-0.00018892059871748724,,
1776099037.5314157,,,0.0,0.0
1776099037.5339193,,,0.0,0.0
1776099037.5353343,8.47168493234131e-05,,,
1776099037.53572,,-0.001420946711659103,,
1776099037.5363905,,,0.0,0.0
1776099037.5388892,,,0.0,0.0
1776099037.5403454,0.00010061843522197043,,,
1776099037.540544,,-0.0025383651980780864,,
1776099037.5413816,,,0.0,0.0
1776099037.5438948,,,0.0,0.0
1776099037.5452547,0.0001916997009242668,,,
1776099037.545562,,-0.0050261461524972115,,
1776099037.5463724,,,0.0,0.0
1776099037.5488727,,,0.0,0.0
1776099037.5503814,0.00028854786221736174,,,
1776099037.5507195,,-0.00429848681686632,,
1776099037.5513773,,,0.0,0.0
1776099037.5538974,,,0.0,0.0
1776099037.5552716,0.00040235258103108823,,,
1776099037.5558186,,-0.00937243488270828,,
1776099037.5563946,,,0.0,0.0
1776099037.5589204,,,0.0,0.0
1776099037.560316,0.0004742358325482816,,,
1776099037.560659,,-0.011209793297276066,,
1776099037.56142,,,0.0,0.0
1776099037.563952,,,0.0,0.0
1776099037.5653965,0.0005227756800663756,,,
1776099037.5657485,,-0.01111474122304083,,
1776099037.5663803,,,0.0,0.0
1776099037.5688987,,,0.0,0.0
1776099037.570281,0.0005340257115220941,,,
1776099037.5707786,,-0.009874199443334165,,
1776099037.5713866,,,0.0,0.0
1776099037.5739315,,,0.0,0.0
1776099037.576328,0.0005280960214120495,,,
1776099037.576394,,,0.0,0.0
1776099037.5769818,,-0.008423294360386878,,
1776099037.578945,,,0.0,0.0
1776099037.5803075,0.000509260531872833,,,
1776099037.5806618,,-0.010045051490722141,,
1776099037.5813918,,,0.0,0.0
1776099037.5838664,,,0.0,0.0
1776099037.5852191,0.0005192949660559087,,,
1776099037.5856183,,-0.0083805043813387,,
1776099037.5863519,,,0.0,0.0
1776099037.5888855,,,0.0,0.0
1776099037.5902982,0.0005078952747581646,,,
1776099037.5904567,,-0.009884515220354132,,
1776099037.5913835,,,0.0,0.0
1776099037.5939574,,,0.0,0.0
1776099037.595266,0.0004685864524999103,,,
1776099037.595582,,-0.010297418927860801,,
1776099037.5963986,,,0.0,0.0
1776099037.5989466,,,0.0,0.0
1776099037.6002498,0.0004740811085161489,,,
1776099037.600695,,-0.010407312048185574,,
1776099037.6014268,,,0.0,0.0
1776099037.6039655,,,0.0,0.0
1776099037.6053483,0.00047355484168389353,,,
1776099037.605721,,-0.010263555583465828,,
1776099037.606396,,,0.0,0.0
1776099037.6089125,,,0.0,0.0
1776099037.6102731,0.0005103404871288067,,,
1776099037.6106207,,-0.012731273157334404,,
1776099037.6113956,,,0.0,0.0
1776099037.6138875,,,0.0,0.0
1776099037.6152413,0.0005961560948410209,,,
1776099037.6155515,,-0.012049425006235178,,
1776099037.616372,,,0.0,0.0
1776099037.6190302,,,0.0,0.0
1776099037.6215706,0.0007187426935675915,,,
1776099037.6216357,,,0.0,0.0
1776099037.6220722,,-0.013168845700020193,,
1776099037.623943,,,0.0,0.0
1776099037.6255224,0.0007677368719399445,,,
1776099037.6259644,,-0.016013965060512208,,
1776099037.6263838,,,0.0,0.0
1776099037.6289034,,,0.0,0.0
1776099037.630272,0.0008174457395114106,,,
1776099037.6307151,,-0.01620875564349369,,
1776099037.63138,,,0.0,0.0
1776099037.633893,,,0.0,0.0
1776099037.635411,0.0008029228638391009,,,
1776099037.6357603,,-0.014319524593151825,,
1776099037.636377,,,0.0,0.0
1776099037.6388872,,,0.0,0.0
1776099037.6402051,0.0006967056822744402,,,
1776099037.6405218,,-0.013394261114530365,,
1776099037.6413796,,,0.0,0.0
1776099037.6439047,,,0.0,0.0
1776099037.6452615,0.000593683975814004,,,
1776099037.6456218,,-0.012932600522217317,,
1776099037.6463785,,,0.0,0.0
1776099037.6489034,,,0.0,0.0
1776099037.6504748,0.0005795792113013501,,,
1776099037.6509001,,-0.01424927876885991,,
1776099037.6514096,,,0.0,0.0
1776099037.6539216,,,0.0,0.0
1776099037.6553197,0.0004904784372633109,,,
1776099037.6558335,,-0.009536178470457058,,
1776099037.6563923,,,0.0,0.0
1776099037.6588898,,,0.0,0.0
1776099037.6602032,0.00040795374997322666,,,
1776099037.6606593,,-0.009484458261551048,,
1776099037.661378,,,0.0,0.0
1776099037.6639013,,,0.0,0.0
1776099037.6652353,0.00038995954661040635,,,
1776099037.6655624,,-0.010456885475041037,,
1776099037.6663892,,,0.0,0.0
1776099037.6688762,,,0.0,0.0
1776099037.6703236,0.0003302717205890818,,,
1776099037.6709597,,-0.006065581880823199,,
1776099037.671403,,,0.0,0.0
1776099037.6739728,,,0.0,0.0
1776099037.6757379,0.00021559862479967874,,,
1776099037.676117,,-0.0036388888369604973,,
1776099037.6765313,,,0.0,0.0
1776099037.6789322,,,0.0,0.0
1776099037.6803026,0.00019779574667026827,,,
1776099037.6807187,,-0.0031496001462976483,,
1776099037.6814299,,,0.0,0.0
1776099037.6839385,,,0.0,0.0
1776099037.685531,0.00019959513322397103,,,
1776099037.6857514,,-0.003585281261595622,,
1776099037.6863863,,,0.0,0.0
1776099037.6888952,,,0.0,0.0
1776099037.6902401,0.00017387916082471682,,,
1776099037.6908135,,-0.004136810838207654,,
1776099037.691384,,,0.0,0.0
1776099037.6939049,,,0.0,0.0
1776099037.695199,0.00020218789683384628,,,
1776099037.6954777,,-0.0019051318688228132,,
1776099037.696387,,,0.0,0.0
1776099037.6988893,,,0.0,0.0
1776099037.7002172,0.00016348660797903372,,,
1776099037.7006085,,-0.004994808805891107,,
1776099037.7013862,,,0.0,0.0
1776099037.7038937,,,0.0,0.0
1776099037.7052455,0.0001141460940569523,,,
1776099037.7055721,,-0.0018763004782552473,,
1776099037.7064002,,,0.0,0.0
1776099037.7089148,,,0.0,0.0
1776099037.7102942,5.909868113159337e-05,,,
1776099037.7106423,,-0.001707970116270545,,
1776099037.7114096,,,0.0,0.0
1776099037.7139533,,,0.0,0.0
1776099037.7153614,2.4629211330786337e-05,,,
1776099037.715986,,-0.00021919395180656744,,
1776099037.7164018,,,0.0,0.0
1776099037.7189114,,,0.0,0.0
1776099037.7203352,-2.2088502959267356e-05,,,
1776099037.7208157,,0.0007151603339945064,,
1776099037.7214093,,,0.0,0.0
1776099037.7239087,,,0.0,0.0
1776099037.7253394,-1.4438184514089473e-05,,,
1776099037.726019,,0.0005621539650909487,,
1776099037.7264354,,,0.0,0.0
1776099037.728892,,,0.0,0.0
1776099037.730538,3.0608825517092e-05,,,
1776099037.7308547,,-0.0015378663882044362,,
1776099037.7313962,,,0.0,0.0
1776099037.733911,,,0.0,0.0
1776099037.7353106,0.0001357675878941842,,,
1776099037.735736,,-0.0017758058427013272,,
1776099037.7364056,,,0.0,0.0
1776099037.7389197,,,0.0,0.0
1776099037.7402585,0.00022632719072014472,,,
1776099037.7406175,,-0.006251620460713328,,
1776099037.741421,,,0.0,0.0
1776099037.7439363,,,0.0,0.0
1776099037.7453334,0.00037153452143421256,,,
1776099037.7457137,,-0.006624375641576534,,
1776099037.7463818,,,0.0,0.0
1776099037.7489407,,,0.0,0.0
1776099037.7503352,0.000548756795464895,,,
1776099037.7506452,,-0.013899292708280088,,
1776099037.7514107,,,0.0,0.0
1776099037.7538846,,,0.0,0.0
1776099037.755216,0.0007464372643001416,,,
1776099037.7555678,,-0.01545474177964151,,
1776099037.7564473,,,0.0,0.0
1776099037.7589257,,,0.0,0.0
1776099037.7602875,0.0009202319351086601,,,
1776099037.760648,,-0.016932168274692287,,
1776099037.7614055,,,0.0,0.0
1776099037.7639081,,,0.0,0.0
1776099037.7653065,0.0011113527105028303,,,
1776099037.7656407,,-0.016890881068411148,,
1776099037.7664685,,,0.0,0.0
1776099037.7689285,,,0.0,0.0
1776099037.770434,0.0012433968144397616,,,
1776099037.7707853,,-0.02499423939820999,,
1776099037.771416,,,0.0,0.0
1776099037.7739105,,,0.0,0.0
1776099037.7753284,0.0013025240382606195,,,
1776099037.7758331,,-0.027109401771149625,,
1776099037.776417,,,0.0,0.0
1776099037.7789211,,,0.0,0.0
1776099037.780807,0.0012712056629232767,,,
1776099037.7815304,,-0.02595010975210421,,
1776099037.7816162,,,0.0,0.0
1776099037.783931,,,0.0,0.0
1776099037.7860134,0.001192338876731698,,,
1776099037.7866158,,,0.0,0.0
1776099037.7871401,,-0.022774000491376963,,
1776099037.7889585,,,0.0,0.0
1776099037.7904205,0.001126024972378543,,,
1776099037.7908123,,-0.023446189325433454,,
1776099037.7913747,,,0.0,0.0
1776099037.793859,,,0.0,0.0
1776099037.7952886,0.0011201086816034684,,,
1776099037.795604,,-0.02159585884496165,,
1776099037.7963617,,,0.0,0.0
1776099037.798883,,,0.0,0.0
1776099037.800339,0.001160418678867069,,,
1776099037.8007646,,-0.022268827662159024,,
1776099037.8013885,,,0.0,0.0
1776099037.8038933,,,0.0,0.0
1776099037.8053753,0.0011494026137763584,,,
1776099037.8057892,,-0.021382350719971615,,
1776099037.806362,,,0.0,0.0
1776099037.8088794,,,0.0,0.0
1776099037.8101752,0.0011932298720933006,,,
1776099037.810415,,-0.02465705619165397,,
1776099037.8113692,,,0.0,0.0
1776099037.8138745,,,0.0,0.0
1776099037.8152895,0.0012194949795792203,,,
1776099037.8156517,,-0.02345035367640205,,
1776099037.8163671,,,0.0,0.0
1776099037.8189087,,,0.0,0.0
1776099037.8202941,0.0012076399102169608,,,
1776099037.820615,,-0.023612945673380778,,
1776099037.8213975,,,0.0,0.0
1776099037.8238947,,,0.0,0.0
1776099037.8253112,0.0011536667593729298,,,
1776099037.8256793,,-0.023466100553022635,,
1776099037.8263938,,,0.0,0.0
1776099037.82891,,,0.0,0.0
1776099037.8304703,0.001184055590110953,,,
1776099037.830803,,-0.0234077215274099,,
1776099037.831427,,,0.0,0.0
1776099037.8339226,,,0.0,0.0
1776099037.83547,0.0012120038099568385,,,
1776099037.8358166,,-0.026098383973521842,,
1776099037.836408,,,0.0,0.0
1776099037.8388865,,,0.0,0.0
1776099037.8404672,0.0011585841484425359,,,
1776099037.8409011,,-0.021565981413295163,,
1776099037.8413827,,,0.0,0.0
1776099037.8438683,,,0.0,0.0
1776099037.8452713,0.0010255155537445208,,,
1776099037.8456213,,-0.02183569433697693,,
1776099037.8463643,,,0.0,0.0
1776099037.848916,,,0.0,0.0
1776099037.8502336,0.0009328981821544436,,,
1776099037.850625,,-0.01998334690517539,,
1776099037.851393,,,0.0,0.0
1776099037.8543193,,,0.0,0.0
1776099037.8568318,,,0.0,0.0
1776099037.8568935,0.0008336076206430644,,,
1776099037.8579407,,-0.018130766803022443,,
1776099037.8588886,,,0.0,0.0
1776099037.8602347,0.0007011532950130337,,,
1776099037.8605258,,-0.012683826600854398,,
1776099037.8613758,,,0.0,0.0
1776099037.8638902,,,0.0,0.0
1776099037.8651927,0.0006068798679145576,,,
1776099037.8655183,,-0.013196518364228386,,
1776099037.8663588,,,0.0,0.0
1776099037.8689365,,,0.0,0.0
1776099037.8702197,0.0005584244040205773,,,
1776099037.8706875,,-0.012227409086348782,,
1776099037.8713994,,,0.0,0.0
1776099037.8738835,,,0.0,0.0
1776099037.8754249,0.00042983231705752265,,,
1776099037.875889,,-0.00938910509093841,,
1776099037.876384,,,0.0,0.0
1776099037.8788843,,,0.0,0.0
1776099037.88021,0.0002813692611213426,,,
1776099037.880591,,-0.003621990282647379,,
1776099037.881371,,,0.0,0.0
1776099037.8838723,,,0.0,0.0
1776099037.8851995,9.939867356879705e-05,,,
1776099037.88554,,-0.0027804322211638977,,
1776099037.8863666,,,0.0,0.0
1776099037.8888729,,,0.0,0.0
1776099037.890233,-0.00011484679337970258,,,
1776099037.8908265,,0.0035029440389256873,,
1776099037.891388,,,0.0,0.0
1776099037.8939092,,,0.0,0.0
1776099037.8952582,-0.0003033937170859963,,,
1776099037.8956194,,0.007540344769200841,,
1776099037.8964493,,,0.0,0.0
1776099037.8989177,,,0.0,0.0
1776099037.900431,-0.00043263953157846464,,,
1776099037.9008377,,0.009592336546751649,,
1776099037.9013934,,,0.0,0.0
1776099037.903904,,,0.0,0.0
1776099037.9053576,-0.0004930287129025774,,,
1776099037.9058812,,0.010933351301308545,,
1776099037.9065278,,,0.0,0.0
1776099037.90899,,,0.0,0.0
1776099037.9105713,-0.0005482435887879398,,,
1776099037.910866,,0.0100391818978962,,
1776099037.9114273,,,0.0,0.0
1776099037.9138947,,,0.0,0.0
1776099037.9152527,-0.0005225003579004634,,,
1776099037.915676,,0.011656015329340902,,
1776099037.9164047,,,0.0,0.0
1776099037.9189038,,,0.0,0.0
1776099037.920405,-0.0004671834213227709,,,
1776099037.9207642,,0.009750289829339218,,
1776099037.9214144,,,0.0,0.0
1776099037.9239316,,,0.0,0.0
1776099037.9252439,-0.0003410196901054465,,,
1776099037.9255636,,0.005361779411947775,,
1776099037.9263713,,,0.0,0.0
1776099037.9288971,,,0.0,0.0
1776099037.9302616,-0.00020727302822855811,,,
1776099037.9306087,,0.004685313095529601,,
1776099037.9313738,,,0.0,0.0
1776099037.933894,,,0.0,0.0
1776099037.9352303,-3.009719758893746e-05,,,
1776099037.9356346,,-0.0013895949506809628,,
1776099037.9363878,,,0.0,0.0
1776099037.93892,,,0.0,0.0
1776099037.9402936,0.00011808590030735813,,,
1776099037.9405866,,-0.004353256908606875,,
1776099037.9414072,,,0.0,0.0
1776099037.9439027,,,0.0,0.0
1776099037.9468784,0.00022872621254358452,,,
1776099037.9469671,,-0.004967289616435729,,
1776099037.9469945,,,0.0,0.0
1776099037.94897,,,0.0,0.0
1776099037.9504125,0.00030088795277948536,,,
1776099037.9507558,,-0.008941915854571896,,
1776099037.9513993,,,0.0,0.0
1776099037.9539065,,,0.0,0.0
1776099037.9553442,0.0003055535676372309,,,
1776099037.9555774,,-0.008768765895577528,,
1776099037.9563994,,,0.0,0.0
1776099037.9588933,,,0.0,0.0
1776099037.9602125,0.00025638057905914255,,,
1776099037.9605522,,-0.004587759050224413,,
1776099037.9613905,,,0.0,0.0
1776099037.9638884,,,0.0,0.0
1776099037.9651701,0.00022263035265442652,,,
1776099037.9655476,,-0.005378296930951127,,
1776099037.9663634,,,0.0,0.0
1776099037.968909,,,0.0,0.0
1776099037.9704304,0.00020381330031466816,,,
1776099037.970786,,-0.0031367200911110067,,
1776099037.9714155,,,0.0,0.0
1776099037.9739342,,,0.0,0.0
1776099037.9753802,0.00019661582695587905,,,
1776099037.9759274,,-0.0035256951362337826,,
1776099037.9764073,,,0.0,0.0
1776099037.9789062,,,0.0,0.0
1776099037.980267,0.00014506826348250652,,,
1776099037.9805896,,-0.0036938240194380875,,
1776099037.9814005,,,0.0,0.0
1776099037.983921,,,0.0,0.0
1776099037.9852602,0.00012764703565603958,,,
1776099037.985608,,-0.002279550438311632,,
1776099037.9863822,,,0.0,0.0
1776099037.9889154,,,0.0,0.0
1776099037.9902575,0.00013644002226490613,,,
1776099037.9906187,,-0.0052532638600563935,,
1776099037.9913847,,,0.0,0.0
1776099037.9938972,,,0.0,0.0
1776099037.9952488,0.0001344058767803137,,,
1776099037.9955878,,-0.0024147272607971146,,
1776099037.9963832,,,0.0,0.0
1776099037.9989064,,,0.0,0.0
1776099038.0003927,8.628089533280116e-05,,,
1776099038.0007577,,-0.001185765375697585,,
1776099038.0014048,,,0.0,0.0
1776099038.003893,,,0.0,0.0
1776099038.005278,0.00013324907003299752,,,
1776099038.0055747,,-0.0033242090223732676,,
1776099038.0064118,,,0.0,0.0
1776099038.0089412,,,0.0,0.0
1776099038.010648,0.00019884373808317057,,,
1776099038.0109644,,-0.004636102383376728,,
1776099038.0114224,,,0.0,0.0
1776099038.013924,,,0.0,0.0
1776099038.0152478,0.0002772782779917603,,,
1776099038.0155828,,-0.006471255437697803,,
1776099038.0163846,,,0.0,0.0
1776099038.0189037,,,0.0,0.0
1776099038.0203192,0.0003069497275572956,,,
1776099038.0205908,,-0.004400061867515718,,
1776099038.0213885,,,0.0,0.0
1776099038.0238833,,,0.0,0.0
1776099038.0252898,0.0003448340192311981,,,
1776099038.0256386,,-0.0063568278536655235,,
1776099038.026386,,,0.0,0.0
1776099038.0289168,,,0.0,0.0
1776099038.0305407,0.0003670811199153409,,,
1776099038.030972,,-0.0072014632515722985,,
1776099038.031412,,,0.0,0.0
1776099038.0338998,,,0.0,0.0
1776099038.035354,0.00038268619169001957,,,
1776099038.0356967,,-0.006447715662468755,,
1776099038.0364265,,,0.0,0.0
1776099038.0389128,,,0.0,0.0
1776099038.0403054,0.0003926809908428269,,,
1776099038.040679,,-0.006114687133226345,,
1776099038.0414195,,,0.0,0.0
1776099038.0439231,,,0.0,0.0
1776099038.0456107,0.0004329088349248616,,,
1776099038.0459409,,-0.008118324167538793,,
1776099038.0464773,,,0.0,0.0
1776099038.0489388,,,0.0,0.0
1776099038.0502598,0.0005236264906262635,,,
1776099038.0505462,,-0.008733597128895076,,
1776099038.0513813,,,0.0,0.0
1776099038.0538886,,,0.0,0.0
1776099038.0552087,0.00057727118075028,,,
1776099038.0556724,,-0.014736042670137069,,
1776099038.0563781,,,0.0,0.0
1776099038.0589137,,,0.0,0.0
1776099038.0603487,0.0006200834378707228,,,
1776099038.0607975,,-0.014526438787948806,,
1776099038.0614016,,,0.0,0.0
1776099038.0638907,,,0.0,0.0
1776099038.0653827,0.000633972598436059,,,
1776099038.0658145,,-0.010940519285090985,,
1776099038.0664043,,,0.0,0.0
1776099038.068906,,,0.0,0.0
1776099038.0702689,0.0005794033055513601,,,
1776099038.0706267,,-0.010248826811620928,,
1776099038.0713985,,,0.0,0.0
1776099038.0739174,,,0.0,0.0
1776099038.0753107,0.0005242117028595898,,,
1776099038.0756545,,-0.012342541831576868,,
1776099038.0763829,,,0.0,0.0
1776099038.078911,,,0.0,0.0
1776099038.0803058,0.0005211115337509117,,,
1776099038.080903,,-0.008017142351014844,,
1776099038.0814028,,,0.0,0.0
1776099038.083918,,,0.0,0.0
1776099038.0853727,0.0005436154015514782,,,
1776099038.0856192,,-0.0119312290369668,,
1776099038.0864387,,,0.0,0.0
1776099038.0889153,,,0.0,0.0
1776099038.0910885,0.000667441916694558,,,
1776099038.0913513,,-0.011876367906410244,,
1776099038.0917091,,,0.0,0.0
1776099038.09387,,,0.0,0.0
1776099038.0953846,0.0009561615404307955,,,
1776099038.095692,,-0.02391262340064305,,
1776099038.096373,,,0.0,0.0
1776099038.0989082,,,0.0,0.0
1776099038.1002462,0.001053730777146382,,,
1776099038.1005855,,-0.022266767676939518,,
1776099038.1013985,,,0.0,0.0
1776099038.103918,,,0.0,0.0
1776099038.1055253,0.0010673394454391327,,,
1776099038.1058471,,-0.020540474121674934,,
1776099038.1063805,,,0.0,0.0
1776099038.108895,,,0.0,0.0
1776099038.1102798,0.0010067379287699994,,,
1776099038.1106915,,-0.018662288147919072,,
1776099038.111373,,,0.0,0.0
1776099038.1138813,,,0.0,0.0
1776099038.1158748,0.0008626571169577896,,,
1776099038.1161752,,-0.019244681241615505,,
1776099038.1165452,,,0.0,0.0
1776099038.1190333,,,0.0,0.0
1776099038.1206548,0.0007086863623954887,,,
1776099038.1214588,,,0.0,0.0
1776099038.122022,,-0.016165266150369485,,
1776099038.1239107,,,0.0,0.0
1776099038.1252484,0.0006442638917479495,,,
1776099038.125694,,-0.011945731919776634,,
1776099038.126409,,,0.0,0.0
1776099038.1289213,,,0.0,0.0
1776099038.1302595,0.0006590984700119706,,,
1776099038.1306303,,-0.01690551296766944,,
1776099038.1313946,,,0.0,0.0
1776099038.1338975,,,0.0,0.0
1776099038.1352513,0.0006642093207679137,,,
1776099038.135674,,-0.01927265916005717,,
1776099038.1363811,,,0.0,0.0
1776099038.1388984,,,0.0,0.0
1776099038.140246,0.000706628433279887,,,
1776099038.1406245,,-0.011594249213519706,,
1776099038.1413789,,,0.0,0.0
1776099038.1438923,,,0.0,0.0
1776099038.1454203,0.0006938742723130893,,,
1776099038.145808,,-0.013470864043377988,,
1776099038.1463802,,,0.0,0.0
1776099038.148899,,,0.0,0.0
1776099038.1502316,0.0006384717314818044,,,
1776099038.1505823,,-0.016359747068991477,,
1776099038.151385,,,0.0,0.0
1776099038.153891,,,0.0,0.0
1776099038.1552234,0.00048774789072463567,,,
1776099038.155568,,-0.00788279400278788,,
1776099038.1563807,,,0.0,0.0
1776099038.158923,,,0.0,0.0
1776099038.1603425,0.0003571304343930274,,,
1776099038.16069,,-0.010466458871066656,,
1776099038.1614108,,,0.0,0.0
1776099038.1639333,,,0.0,0.0
1776099038.1652496,0.00025767831313944223,,,
1776099038.165702,,-0.008477416445994953,,
1776099038.1664042,,,0.0,0.0
1776099038.168919,,,0.0,0.0
1776099038.1701868,9.222478190437609e-05,,,
1776099038.170751,,0.0029587529912593804,,
1776099038.1713667,,,0.0,0.0
1776099038.173871,,,0.0,0.0
1776099038.175245,8.002196086731098e-05,,,
1776099038.175611,,0.0010711113628064507,,
1776099038.1763828,,,0.0,0.0
1776099038.178877,,,0.0,0.0
1776099038.1803656,-9.823176086581773e-05,,,
1776099038.1808476,,-0.007221384601173892,,
1776099038.1814077,,,0.0,0.0
1776099038.1839235,,,0.0,0.0
1776099038.1853082,-7.154121939813643e-05,,,
1776099038.1857421,,0.01742548777557935,,
1776099038.1864004,,,0.0,0.0
1776099038.1889064,,,0.0,0.0
1776099038.1904275,-0.0001590560839893306,,,
1776099038.1908388,,-0.005338742498330437,,
1776099038.1914742,,,0.0,0.0
1776099038.1939077,,,0.0,0.0
1776099038.1952133,5.2778522628365215e-05,,,
1776099038.1956918,,-0.009575434630684353,,
1776099038.1963835,,,0.0,0.0
1776099038.19889,,,0.0,0.0
1776099038.2002852,0.00020747981692542853,,,
1776099038.2007048,,-0.013335616156998817,,
1776099038.2013857,,,0.0,0.0
1776099038.2038794,,,0.0,0.0
1776099038.2060034,0.0007690549596778332,,,
1776099038.2060642,,-0.02456711901204691,,
1776099038.2063923,,,0.0,0.0
1776099038.2089012,,,0.0,0.0
1776099038.2102926,0.0008802890597690734,,,
1776099038.21063,,-0.029989348087663063,,
1776099038.2113953,,,0.0,0.0
1776099038.213892,,,0.0,0.0
1776099038.2152803,0.0010253436001872185,,,
1776099038.2156067,,-0.0035795907196052683,,
1776099038.216386,,,0.0,0.0
1776099038.2189221,,,0.0,0.0
1776099038.2203274,0.0009074709383522133,,,
1776099038.220687,,-0.031998528068146896,,
1776099038.2214177,,,0.0,0.0
1776099038.2239301,,,0.0,0.0
1776099038.2254193,0.0008285398230151351,,,
1776099038.2257748,,-0.007237689476418055,,
1776099038.226408,,,0.0,0.0
1776099038.228911,,,0.0,0.0
1776099038.2304542,0.0006369313863097313,,,
1776099038.230846,,-0.02458927010617766,,
1776099038.2313774,,,0.0,0.0
1776099038.2338812,,,0.0,0.0
1776099038.2352676,0.0008072862037445338,,,
1776099038.235611,,-0.0020162964803190093,,
1776099038.236379,,,0.0,0.0
1776099038.2389286,,,0.0,0.0
1776099038.2403636,0.0009232096244161045,,,
1776099038.240709,,-0.02671759441028986,,
1776099038.2413805,,,0.0,0.0
1776099038.2438903,,,0.0,0.0
1776099038.2457411,0.0008685485697281794,,,
1776099038.246146,,-0.006838784258007187,,
1776099038.2463534,,,0.0,0.0
1776099038.2489076,,,0.0,0.0
1776099038.2514648,0.0007252125271021226,,,
1776099038.2515686,,,0.0,0.0
1776099038.2517712,,-0.029818902251966116,,
1776099038.2539694,,,0.0,0.0
1776099038.2552998,0.0005372248788852636,,,
1776099038.255772,,0.000986769711522886,,
1776099038.2564034,,,0.0,0.0
1776099038.2589147,,,0.0,0.0
1776099038.2603552,0.00016918142978815978,,,
1776099038.2608526,,-0.020829978354881092,,
1776099038.2614036,,,0.0,0.0
1776099038.2638917,,,0.0,0.0
1776099038.2652447,-0.00011907757113196479,,,
1776099038.265859,,0.020507912859450146,,
1776099038.2663803,,,0.0,0.0
1776099038.2689629,,,0.0,0.0
1776099038.2705626,-0.00049937019341011,,,
1776099038.2709389,,-0.00892448829973673,,
1776099038.2714095,,,0.0,0.0
1776099038.273894,,,0.0,0.0
1776099038.2754567,-0.0008551028142473884,,,
1776099038.2758892,,0.022704691682742507,,
1776099038.2764134,,,0.0,0.0
1776099038.2789874,,,0.0,0.0
1776099038.2803264,-0.0009629136152091062,,,
1776099038.280691,,0.008207016692646925,,
1776099038.2813973,,,0.0,0.0
1776099038.283914,,,0.0,0.0
1776099038.285374,-0.0010722169229144209,,,
1776099038.285654,,0.03237621897906874,,
1776099038.2863922,,,0.0,0.0
1776099038.288902,,,0.0,0.0
1776099038.2902584,-0.0013178001906124445,,,
1776099038.2908452,,0.01277335676729554,,
1776099038.2913747,,,0.0,0.0
1776099038.293888,,,0.0,0.0
1776099038.2952516,-0.0016547620990283163,,,
1776099038.2955966,,0.036166485944942914,,
1776099038.2963855,,,0.0,0.0
1776099038.2989042,,,0.0,0.0
1776099038.3002346,-0.0018047114721257585,,,
1776099038.300593,,0.03317007264353298,,
1776099038.3013973,,,0.0,0.0
1776099038.303911,,,0.0,0.0
1776099038.3052816,-0.0023848573165347283,,,
1776099038.305637,,0.0438403716351899,,
1776099038.3063943,,,0.0,0.0
1776099038.308978,,,0.0,0.0
1776099038.3102982,-0.0027012980007244856,,,
1776099038.310707,,0.06429168489489684,,
1776099038.3114126,,,0.0,0.0
1776099038.3139045,,,0.0,0.0
1776099038.3151815,-0.003090832049129925,,,
1776099038.315517,,0.048100762809570506,,
1776099038.3163593,,,0.0,0.0
1776099038.3188756,,,0.0,0.0
1776099038.320208,-0.0027834140519352167,,,
1776099038.3205783,,0.07725865180545581,,
1776099038.3213391,,,0.0,0.0
1776099038.3238895,,,0.0,0.0
1776099038.3252273,-0.0029172248884068597,,,
1776099038.3255653,,0.04209722816169105,,
1776099038.3263774,,,0.0,0.0
1776099038.3288953,,,0.0,0.0
1776099038.3302429,-0.0023559739533043633,,,
1776099038.330653,,0.06817692532054019,,
1776099038.3313859,,,0.0,0.0
1776099038.333906,,,0.0,0.0
1776099038.3352218,-0.0022836647655352484,,,
1776099038.3356164,,0.06673074156515789,,
1776099038.3364239,,,0.0,0.0
1776099038.3389122,,,0.0,0.0
1776099038.3405404,-0.0014218861549805315,,,
1776099038.3408694,,0.05495764560512377,,
1776099038.341391,,,0.0,0.0
1776099038.3439224,,,0.0,0.0
1776099038.3455467,-0.0013468897567556566,,,
1776099038.3460279,,0.011090218912890911,,
1776099038.3464484,,,0.0,0.0
1776099038.348899,,,0.0,0.0
1776099038.3504128,-0.0006618517453584594,,,
1776099038.350866,,0.028565542654412614,,
1776099038.3513918,,,0.0,0.0
1776099038.3538826,,,0.0,0.0
1776099038.3553195,-0.0005698113348793254,,,
1776099038.3556871,,0.012735465996992783,,
1776099038.3563833,,,0.0,0.0
1776099038.3589118,,,0.0,0.0
1776099038.360314,-9.699611862532085e-05,,,
1776099038.3606274,,0.0058105531053308426,,
1776099038.361374,,,0.0,0.0
1776099038.3638895,,,0.0,0.0
1776099038.3652132,-7.086744737761706e-05,,,
1776099038.3656733,,0.006753522089197802,,
1776099038.3663857,,,0.0,0.0
1776099038.3689086,,,0.0,0.0
1776099038.370419,9.179562443544688e-05,,,
1776099038.3706203,,-0.0022286778542729762,,
1776099038.371402,,,0.0,0.0
1776099038.3739223,,,0.0,0.0
1776099038.3755527,-1.4198658969018067e-05,,,
1776099038.3758912,,-0.009168508895259164,,
1776099038.3764057,,,0.0,0.0
1776099038.3789043,,,0.0,0.0
1776099038.380357,3.537769413486792e-05,,,
1776099038.3806849,,0.0052947748993213,,
1776099038.381406,,,0.0,0.0
1776099038.3838923,,,0.0,0.0
1776099038.385241,2.0019139080132826e-05,,,
1776099038.3855531,,-0.002258690555987729,,
1776099038.3863788,,,0.0,0.0
1776099038.3889117,,,0.0,0.0
1776099038.390258,-0.00026795531818335857,,,
1776099038.3907142,,0.0040337231015806566,,
1776099038.3913755,,,0.0,0.0
1776099038.3939915,,,0.0,0.0
1776099038.3954723,-0.0002041549906293725,,,
1776099038.3959785,,0.0024912542943516564,,
1776099038.3965466,,,0.0,0.0
1776099038.398905,,,0.0,0.0
1776099038.4004192,-0.00037273142660647856,,,
1776099038.4010532,,0.004796933989296662,,
1776099038.4014182,,,0.0,0.0
1776099038.4039116,,,0.0,0.0
1776099038.40521,-0.0003531493660423616,,,
1776099038.4057786,,0.00800253323602959,,
1776099038.406367,,,0.0,0.0
1776099038.4088676,,,0.0,0.0
1776099038.4102836,-0.0004479980527343507,,,
1776099038.4105988,,0.007101653280301942,,
1776099038.4113653,,,0.0,0.0
1776099038.4139116,,,0.0,0.0
1776099038.415347,-0.00022652287408843802,,,
1776099038.4157026,,0.008534319342667827,,
1776099038.4163957,,,0.0,0.0
1776099038.4188952,,,0.0,0.0
1776099038.420305,-5.1545114531856664e-05,,,
1776099038.4207323,,0.005034764151536199,,
1776099038.4213924,,,0.0,0.0
1776099038.423909,,,0.0,0.0
1776099038.425308,0.00029302158426826937,,,
1776099038.4256818,,0.000674821608951829,,
1776099038.4263961,,,0.0,0.0
1776099038.4289184,,,0.0,0.0
1776099038.4303935,0.0003179145793115679,,,
1776099038.430629,,-0.01314615109937809,,
1776099038.4314294,,,0.0,0.0
1776099038.4339118,,,0.0,0.0
1776099038.4355505,0.0005738570500334647,,,
1776099038.4358518,,-0.002144034016784648,,
1776099038.4363923,,,0.0,0.0
1776099038.4388947,,,0.0,0.0
1776099038.440205,0.00046754234745651423,,,
1776099038.4405575,,-1.773996524563788e-05,,
1776099038.4413848,,,0.0,0.0
1776099038.4438896,,,0.0,0.0
1776099038.4455159,0.00045976108173550914,,,
1776099038.4458652,,-0.0011944259315719331,,
1776099038.4463906,,,0.0,0.0
1776099038.4488945,,,0.0,0.0
1776099038.4506288,0.000499580468036883,,,
1776099038.451042,,-0.01264930390357057,,
1776099038.4523432,,,0.0,0.0
1776099038.453897,,,0.0,0.0
1776099038.4552603,0.0005912575260993206,,,
1776099038.455678,,-0.014482845064819321,,
1776099038.4563768,,,0.0,0.0
1776099038.4588928,,,0.0,0.0
1776099038.4602532,0.0006090076937124134,,,
1776099038.4606075,,-0.015504004057454376,,
1776099038.4614046,,,0.0,0.0
1776099038.4639144,,,0.0,0.0
1776099038.4652903,0.0007385146421098167,,,
1776099038.4659142,,-0.014363671439312536,,
1776099038.4663956,,,0.0,0.0
1776099038.4688962,,,0.0,0.0
1776099038.4704125,0.0008146887581254928,,,
1776099038.470808,,-0.01202345104546151,,
1776099038.471382,,,0.0,0.0
1776099038.473908,,,0.0,0.0
1776099038.4752898,0.0007465078950182169,,,
1776099038.4757237,,-0.01652200341860013,,
1776099038.4764051,,,0.0,0.0
1776099038.4789166,,,0.0,0.0
1776099038.4807236,0.0008126977927800517,,,
1776099038.4811306,,-0.02277535311259849,,
1776099038.481403,,,0.0,0.0
1776099038.4838948,,,0.0,0.0
1776099038.4851828,0.0008315363008587482,,,
1776099038.4855933,,-0.014492099949320852,,
1776099038.486378,,,0.0,0.0
1776099038.4888816,,,0.0,0.0
1776099038.490272,0.0007869282990040096,,,
1776099038.4905024,,-0.01946210954751022,,
1776099038.4913926,,,0.0,0.0
1776099038.493927,,,0.0,0.0
1776099038.4957418,0.0006936610658530196,,,
1776099038.4961095,,-0.01759676488449042,,
1776099038.4966059,,,0.0,0.0
1776099038.498931,,,0.0,0.0
1776099038.5007555,0.0008625548487053295,,,
1776099038.5012043,,-0.014179853009730002,,
1776099038.5014307,,,0.0,0.0
1776099038.5039299,,,0.0,0.0
1776099038.5056145,0.0007848233656337035,,,
1776099038.5062559,,-0.017021850574760584,,
1776099038.5066864,,,0.0,0.0
1776099038.508924,,,0.0,0.0
1776099038.5103345,0.00082970185557111,,,
1776099038.510823,,-0.01925173165425511,,
1776099038.5114038,,,0.0,0.0
1776099038.5138824,,,0.0,0.0
1776099038.515215,0.000980041801515027,,,
1776099038.5157657,,-0.01679605432207323,,
1776099038.5163639,,,0.0,0.0
1776099038.5188892,,,0.0,0.0
1776099038.520253,0.001085503901575356,,,
1776099038.5208402,,-0.023701616933966833,,
1776099038.521402,,,0.0,0.0
1776099038.5239027,,,0.0,0.0
1776099038.5253031,0.0010174913802990931,,,
1776099038.5256522,,-0.01821120153812775,,
1776099038.5265129,,,0.0,0.0
1776099038.528911,,,0.0,0.0
1776099038.5302143,0.001063156858257368,,,
1776099038.5305543,,-0.023121444939532432,,
1776099038.5313833,,,0.0,0.0
1776099038.533885,,,0.0,0.0
1776099038.535218,0.001098030742514735,,,
1776099038.5355282,,-0.023552460368530495,,
1776099038.5363722,,,0.0,0.0
1776099038.5388942,,,0.0,0.0
1776099038.5402715,0.001184734908347719,,,
1776099038.540635,,-0.02102314758680171,,
1776099038.5413778,,,0.0,0.0
1776099038.5438752,,,0.0,0.0
1776099038.5453694,0.0011916302078917426,,,
1776099038.5456984,,-0.025557680804145288,,
1776099038.5463586,,,0.0,0.0
1776099038.5488844,,,0.0,0.0
1776099038.550209,0.0011883395470833344,,,
1776099038.5504746,,-0.02908910804599239,,
1776099038.5514078,,,0.0,0.0
1776099038.55392,,,0.0,0.0
1776099038.555275,0.00118335024018793,,,
1776099038.5556228,,-0.022194534376277684,,
1776099038.5563884,,,0.0,0.0
1776099038.558885,,,0.0,0.0
1776099038.560385,0.0011324173845172713,,,
1776099038.5607617,,-0.021042646134789872,,
1776099038.561381,,,0.0,0.0
1776099038.5638928,,,0.0,0.0
1776099038.5652926,0.000989937057912108,,,
1776099038.5657248,,-0.020990893292254037,,
1776099038.5663776,,,0.0,0.0
1776099038.5691028,,,0.0,0.0
1776099038.5704482,0.0010252591698315721,,,
1776099038.5710685,,-0.020231793121822283,,
1776099038.5714252,,,0.0,0.0
1776099038.5738966,,,0.0,0.0
1776099038.575286,0.0009226222433365515,,,
1776099038.5756156,,-0.023108606330683536,,
1776099038.5763817,,,0.0,0.0
1776099038.5789063,,,0.0,0.0
1776099038.5802302,0.0009109020190032717,,,
1776099038.580675,,-0.013681254006867812,,
1776099038.5813894,,,0.0,0.0
1776099038.583922,,,0.0,0.0
1776099038.5852776,0.0007718693117893455,,,
1776099038.5856116,,-0.022758170261232204,,
1776099038.5863874,,,0.0,0.0
1776099038.5889323,,,0.0,0.0
1776099038.5908813,0.0007376583740504878,,,
1776099038.591046,,-0.010083149979737496,,
1776099038.591411,,,0.0,0.0
1776099038.593948,,,0.0,0.0
1776099038.5953271,0.0006791199286150016,,,
1776099038.5957625,,-0.01890471567662573,,
1776099038.5964189,,,0.0,0.0
1776099038.5989401,,,0.0,0.0
1776099038.6004627,0.0006764627047864647,,,
1776099038.6008146,,-0.010324779003278065,,
1776099038.6013978,,,0.0,0.0
1776099038.6039462,,,0.0,0.0
1776099038.6052065,0.0005350494559758765,,,
1776099038.6055226,,-0.011759910125454767,,
1776099038.606365,,,0.0,0.0
1776099038.608882,,,0.0,0.0
1776099038.6104558,0.00046103528174497435,,,
1776099038.6108117,,-0.008680853103941047,,
1776099038.611384,,,0.0,0.0
1776099038.6139185,,,0.0,0.0
1776099038.6152565,0.0004160969356103207,,,
1776099038.6158524,,-0.008048548437397253,,
1776099038.6163971,,,0.0,0.0
1776099038.6188936,,,0.0,0.0
1776099038.6204662,0.00024446938310065583,,,
1776099038.620784,,-0.0035501483626068408,,
1776099038.6215441,,,0.0,0.0
1776099038.6239617,,,0.0,0.0
1776099038.6253712,0.00016634679325864144,,,
1776099038.6256976,,-0.001854465437691914,,
1776099038.6263838,,,0.0,0.0
1776099038.6289055,,,0.0,0.0
1776099038.630425,7.395974870161504e-05,,,
1776099038.6307788,,-0.002671347108044176,,
1776099038.6313927,,,0.0,0.0
1776099038.633898,,,0.0,0.0
1776099038.635221,5.510009555410433e-05,,,
1776099038.6356037,,-0.002294154045093962,,
1776099038.6363664,,,0.0,0.0
1776099038.6388822,,,0.0,0.0
1776099038.6402178,-7.205182004324653e-05,,,
1776099038.64055,,0.00437904923716688,,
1776099038.6413891,,,0.0,0.0
1776099038.6439104,,,0.0,0.0
1776099038.645526,-4.641923190379203e-06,,,
1776099038.6458547,,0.0015653088912884988,,
1776099038.646409,,,0.0,0.0
1776099038.648914,,,0.0,0.0
1776099038.650326,-2.9470851885113667e-05,,,
1776099038.650655,,0.0007295761844367931,,
1776099038.651392,,,0.0,0.0
1776099038.653911,,,0.0,0.0
1776099038.6552908,-6.749410429977376e-05,,,
1776099038.6556075,,0.00015772995198359992,,
1776099038.6563811,,,0.0,0.0
1776099038.658895,,,0.0,0.0
1776099038.6602654,-0.00011536855800973908,,,
1776099038.6606224,,0.006044770764944569,,
1776099038.6613894,,,0.0,0.0
1776099038.6638994,,,0.0,0.0
1776099038.6655731,-0.0001881153282430329,,,
1776099038.6659195,,-0.0004941615148679264,,
1776099038.6664042,,,0.0,0.0
1776099038.6689074,,,0.0,0.0
1776099038.6705647,-0.00026568245552205746,,,
1776099038.670886,,0.003455341336056077,,
1776099038.6714282,,,0.0,0.0
1776099038.6739347,,,0.0,0.0
1776099038.6756814,-0.00029906020258609495,,,
1776099038.6760392,,0.006920749966904256,,
1776099038.676596,,,0.0,0.0
1776099038.6788864,,,0.0,0.0
1776099038.6802967,-0.00015716111787183166,,,
1776099038.6808755,,8.583443037980506e-05,,
1776099038.6813898,,,0.0,0.0
1776099038.6838915,,,0.0,0.0
1776099038.685295,-1.0926518437990722e-05,,,
1776099038.6856833,,-0.002838857558297014,,
1776099038.686368,,,0.0,0.0
1776099038.6888862,,,0.0,0.0
1776099038.6903887,9.456260330591924e-05,,,
1776099038.6907568,,-0.005215102249324493,,
1776099038.6913733,,,0.0,0.0
1776099038.6939485,,,0.0,0.0
1776099038.6952791,0.0001681707457461509,,,
1776099038.6954544,,-2.5708694397149744e-05,,
1776099038.6964068,,,0.0,0.0
1776099038.6989515,,,0.0,0.0
1776099038.7007544,0.0002587516328663907,,,
1776099038.7010822,,-0.007832727200160722,,
1776099038.7014365,,,0.0,0.0
1776099038.7040148,,,0.0,0.0
1776099038.7053814,0.00022225403776604934,,,
1776099038.7055473,,-0.007102775298153896,,
1776099038.7063963,,,0.0,0.0
1776099038.7089002,,,0.0,0.0
1776099038.7104373,0.00024126906934152288,,,
1776099038.710835,,-0.006950151417364809,,
1776099038.711383,,,0.0,0.0
1776099038.7138865,,,0.0,0.0
1776099038.715242,0.0002746311760141989,,,
1776099038.7156208,,-0.007617393550818329,,
1776099038.716394,,,0.0,0.0
1776099038.7189097,,,0.0,0.0
1776099038.7206843,0.00031021960400191004,,,
1776099038.7213748,,-0.0036660726279601702,,
1776099038.7214215,,,0.0,0.0
1776099038.7239187,,,0.0,0.0
1776099038.725319,0.00030707806273828046,,,
1776099038.7256682,,-0.006800788876478926,,
1776099038.7263832,,,0.0,0.0
1776099038.7288938,,,0.0,0.0
1776099038.730234,0.0003693501957739905,,,
1776099038.7305305,,-0.0017843685176850699,,
1776099038.731393,,,0.0,0.0
1776099038.7339225,,,0.0,0.0
1776099038.7352526,0.0002457875351281086,,,
1776099038.735557,,-0.009038987654216117,,
1776099038.736383,,,0.0,0.0
1776099038.7388895,,,0.0,0.0
1776099038.7402835,0.00022376719349810205,,,
1776099038.7405875,,-0.002336717802107929,,
1776099038.7413838,,,0.0,0.0
1776099038.7438967,,,0.0,0.0
1776099038.745227,0.00016091069232539916,,,
1776099038.745592,,-0.006142370645490172,,
1776099038.7463717,,,0.0,0.0
1776099038.7489617,,,0.0,0.0
1776099038.7508383,0.00016978477743225507,,,
1776099038.7512145,,-0.0016567628650149076,,
1776099038.7516093,,,0.0,0.0
1776099038.7538824,,,0.0,0.0
1776099038.7552574,0.00011725697847246247,,,
1776099038.755607,,-0.004603140728058241,,
1776099038.7563653,,,0.0,0.0
1776099038.7588806,,,0.0,0.0
1776099038.760192,9.3870186464575e-05,,,
1776099038.7607749,,-0.003336018119452655,,
1776099038.7613769,,,0.0,0.0
1776099038.7638943,,,0.0,0.0
1776099038.7653198,6.269471436096653e-05,,,
1776099038.765554,,0.0016841185490826189,,
1776099038.7663589,,,0.0,0.0
1776099038.7689137,,,0.0,0.0
1776099038.7702603,8.988836110793911e-06,,,
1776099038.7707129,,-3.961757548135849e-05,,
1776099038.7713907,,,0.0,0.0
1776099038.7739108,,,0.0,0.0
1776099038.77557,4.208505560164582e-05,,,
1776099038.775896,,-0.0005683108372237572,,
1776099038.7764153,,,0.0,0.0
1776099038.7788978,,,0.0,0.0
1776099038.7806466,0.00010688303816973105,,,
1776099038.7809503,,-0.002796888385107938,,
1776099038.7813861,,,0.0,0.0
1776099038.78388,,,0.0,0.0
1776099038.7855656,0.000178935108177423,,,
1776099038.7858763,,-0.006636090090605289,,
1776099038.7863975,,,0.0,0.0
1776099038.7889113,,,0.0,0.0
1776099038.7904024,0.00024086490052550354,,,
1776099038.7908401,,-0.003744520967253074,,
1776099038.791414,,,0.0,0.0
1776099038.7939298,,,0.0,0.0
1776099038.7955592,0.0003411205210050376,,,
1776099038.7963958,,-0.008547487066411185,,
1776099038.796466,,,0.0,0.0
1776099038.7989156,,,0.0,0.0
1776099038.8006516,0.0003377204325857819,,,
1776099038.8010244,,-0.0056816316084586415,,
1776099038.8014226,,,0.0,0.0
1776099038.803924,,,0.0,0.0
1776099038.8053641,0.0003156617107734361,,,
1776099038.805804,,-0.006306306196808842,,
1776099038.8063974,,,0.0,0.0
1776099038.808896,,,0.0,0.0
1776099038.8102424,0.00040728389881252276,,,
1776099038.810647,,-0.008271981085665216,,
1776099038.8113756,,,0.0,0.0
1776099038.8138905,,,0.0,0.0
1776099038.8152497,0.0004776319208710211,,,
1776099038.8155928,,-0.007680474605715588,,
1776099038.8163853,,,0.0,0.0
1776099038.818905,,,0.0,0.0
1776099038.8202617,0.0005254080570395369,,,
1776099038.8205569,,-0.01249970004325045,,
1776099038.8214123,,,0.0,0.0
1776099038.8239076,,,0.0,0.0
1776099038.8253086,0.0006035033405295365,,,
1776099038.825637,,-0.009398516230438058,,
1776099038.8264048,,,0.0,0.0
1776099038.8289125,,,0.0,0.0
1776099038.8302686,0.0006824877509114975,,,
1776099038.8306346,,-0.01684037407336142,,
1776099038.8313959,,,0.0,0.0
1776099038.833918,,,0.0,0.0
1776099038.835415,0.0007315662229380219,,,
1776099038.8359044,,-0.013292085159354162,,
1776099038.8363924,,,0.0,0.0
1776099038.8388886,,,0.0,0.0
1776099038.8403342,0.0007645584529127898,,,
1776099038.8406959,,-0.017682401344939428,,
1776099038.8413801,,,0.0,0.0
1776099038.843891,,,0.0,0.0
1776099038.8452318,0.0007753105684890338,,,
1776099038.84566,,-0.013234354173851926,,
1776099038.8463798,,,0.0,0.0
1776099038.848902,,,0.0,0.0
1776099038.8508263,0.0007919608931771034,,,
1776099038.8514295,,,0.0,0.0
1776099038.8515196,,-0.018763374662524257,,
1776099038.8539295,,,0.0,0.0
1776099038.8555655,0.0007235039771035341,,,
1776099038.8560076,,-0.017793929725276787,,
1776099038.8563921,,,0.0,0.0
1776099038.858907,,,0.0,0.0
1776099038.8606002,0.0006905966670911596,,,
1776099038.8609538,,-0.01380500532316331,,
1776099038.861405,,,0.0,0.0
1776099038.8639114,,,0.0,0.0
1776099038.8653388,0.0006059987058668896,,,
1776099038.8656838,,-0.014377975275946784,,
1776099038.8663945,,,0.0,0.0
1776099038.8688965,,,0.0,0.0
1776099038.870321,0.0006369436061265215,,,
1776099038.8707142,,-0.011399632823124155,,
1776099038.8713741,,,0.0,0.0
1776099038.8738914,,,0.0,0.0
1776099038.8754253,0.0006266409461147572,,,
1776099038.8758109,,-0.01359173992823238,,
1776099038.8763785,,,0.0,0.0
1776099038.8788884,,,0.0,0.0
1776099038.880382,0.0007013757978026574,,,
1776099038.880738,,-0.010290116351303362,,
1776099038.8813922,,,0.0,0.0
1776099038.8838968,,,0.0,0.0
1776099038.8854718,0.0006765666452604538,,,
1776099038.8857677,,-0.01445702278307167,,
1776099038.8863769,,,0.0,0.0
1776099038.888907,,,0.0,0.0
1776099038.8902848,0.0007439224875352439,,,
1776099038.890627,,-0.013672441579373243,,
1776099038.8913999,,,0.0,0.0
1776099038.893915,,,0.0,0.0
1776099038.8952694,0.0007074757806796214,,,
1776099038.8957248,,-0.0160078233879775,,
1776099038.8963888,,,0.0,0.0
1776099038.8989108,,,0.0,0.0
1776099038.9003904,0.0006431496001790581,,,
1776099038.9007545,,-0.014454837521816958,,
1776099038.9013968,,,0.0,0.0
1776099038.9039173,,,0.0,0.0
1776099038.9056802,0.000614854797985012,,,
1776099038.9065552,,-0.012423399069115,,
1776099038.9066432,,,0.0,0.0
1776099038.9089227,,,0.0,0.0
1776099038.9103673,0.0005961658958157439,,,
1776099038.9116635,,,0.0,0.0
1776099038.91271,,-0.012049621025729637,,
1776099038.9139888,,,0.0,0.0
1776099038.915579,0.0005735961664357846,,,
1776099038.9157655,,-0.012664075462727567,,
1776099038.9163892,,,0.0,0.0
1776099038.9188597,,,0.0,0.0
1776099038.9201753,0.000563053874208771,,,
1776099038.9204626,,-0.012053536233963377,,
1776099038.921354,,,0.0,0.0
1776099038.9238532,,,0.0,0.0
1776099038.9251573,0.0006983425098417914,,,
1776099038.925423,,-0.01089560623245924,,
1776099038.9263556,,,0.0,0.0
1776099038.9289045,,,0.0,0.0
1776099038.9303386,0.0007678548090869675,,,
1776099038.930686,,-0.0188141774930201,,
1776099038.9313784,,,0.0,0.0
1776099038.933901,,,0.0,0.0
1776099038.9352,0.00083673374314065,,,
1776099038.9354665,,-0.01646128458800384,,
1776099038.9363832,,,0.0,0.0
1776099038.9388983,,,0.0,0.0
1776099038.9403172,0.0008818913651923797,,,
1776099038.9406376,,-0.017097974772889157,,
1776099038.941392,,,0.0,0.0
1776099038.943914,,,0.0,0.0
1776099038.945397,0.000987739190775903,,,
1776099038.945849,,-0.021479860461828496,,
1776099038.9463885,,,0.0,0.0
1776099038.9489195,,,0.0,0.0
1776099038.9507883,0.00100416683301756,,,
1776099038.9514577,,-0.02060933315398988,,
1776099038.9515517,,,0.0,0.0
1776099038.9539337,,,0.0,0.0
1776099038.955556,0.0010379977038483508,,,
1776099038.9564292,,,0.0,0.0
1776099038.956603,,-0.020619794930232496,,
1776099038.9589112,,,0.0,0.0
1776099038.9602377,0.001080035284901315,,,
1776099038.9605708,,-0.02146054655129178,,
1776099038.9613917,,,0.0,0.0
1776099038.963897,,,0.0,0.0
1776099038.9652436,0.0011295453906618614,,,
1776099038.9656131,,-0.02205105528227879,,
1776099038.9663785,,,0.0,0.0
1776099038.9689014,,,0.0,0.0
1776099038.9702392,0.0011597597183682145,,,
1776099038.9705172,,-0.024520577629450806,,
1776099038.971404,,,0.0,0.0
1776099038.9739137,,,0.0,0.0
1776099038.9753568,0.0012076922880182768,,,
1776099038.9756258,,-0.02494630451015349,,
1776099038.976385,,,0.0,0.0
1776099038.9788961,,,0.0,0.0
1776099038.9802778,0.001296601108422691,,,
1776099038.980726,,-0.023926627228674346,,
1776099038.9813855,,,0.0,0.0
1776099038.9838893,,,0.0,0.0
1776099038.9853525,0.001340545163369182,,,
1776099038.9857793,,-0.025338432839902725,,
1776099038.986376,,,0.0,0.0
1776099038.9889064,,,0.0,0.0
1776099038.9903893,0.0014087219926939337,,,
1776099038.990839,,-0.028700436347517354,,
1776099038.9914207,,,0.0,0.0
1776099038.9939048,,,0.0,0.0
1776099038.995416,0.0014475463758890788,,,
1776099038.9956963,,-0.026679070321852825,,
1776099038.9964015,,,0.0,0.0
1776099038.998908,,,0.0,0.0
1776099039.0009222,0.0014457674670772017,,,
1776099039.0013793,,-0.031839506140526226,,
1776099039.0014143,,,0.0,0.0
1776099039.0039194,,,0.0,0.0
1776099039.0052826,0.0014019664995925673,,,
1776099039.0057385,,-0.02896501986971394,,
1776099039.0063708,,,0.0,0.0
1776099039.0088937,,,0.0,0.0
1776099039.010286,0.0013788613000534345,,,
1776099039.0109031,,-0.029968458287752322,,
1776099039.011398,,,0.0,0.0
1776099039.013896,,,0.0,0.0
1776099039.0152724,0.0013079428948247047,,,
1776099039.0156305,,-0.023887000700565344,,
1776099039.0163782,,,0.0,0.0
1776099039.018881,,,0.0,0.0
1776099039.020548,0.001228076288508837,,,
1776099039.0210226,,-0.024687828879591502,,
1776099039.0215452,,,0.0,0.0
1776099039.0238945,,,0.0,0.0
1776099039.0252762,0.0010764085127148411,,,
1776099039.0257375,,-0.03511081729925017,,
1776099039.026393,,,0.0,0.0
1776099039.0289004,,,0.0,0.0
1776099039.0305114,0.001272633799720618,,,
1776099039.0310752,,-0.007992470197974708,,
1776099039.0314274,,,0.0,0.0
1776099039.03392,,,0.0,0.0
1776099039.0352795,0.0012033768467342725,,,
1776099039.0356839,,-0.025792613580995882,,
1776099039.03639,,,0.0,0.0
1776099039.0389104,,,0.0,0.0
1776099039.040418,0.00096363183441137,,,
1776099039.040624,,-0.026859882969821974,,
1776099039.0414011,,,0.0,0.0
1776099039.04391,,,0.0,0.0
1776099039.0455332,0.0010035483359897791,,,
1776099039.0458565,,-0.02366127915915097,,
1776099039.0463943,,,0.0,0.0
1776099039.0489087,,,0.0,0.0
1776099039.0505588,0.0011701802551899116,,,
1776099039.0508666,,-0.01260495571109255,,
1776099039.0513985,,,0.0,0.0
1776099039.0538976,,,0.0,0.0
1776099039.0553322,0.0009436257729007293,,,
1776099039.055925,,-0.012070799907548092,,
1776099039.0565345,,,0.0,0.0
1776099039.0589235,,,0.0,0.0
1776099039.0602238,0.0008087243871216267,,,
1776099039.0605714,,-0.025493738688997417,,
1776099039.0614102,,,0.0,0.0
1776099039.0639164,,,0.0,0.0
1776099039.0652697,0.0009547953209366371,,,
1776099039.0657098,,-0.02228652547386421,,
1776099039.0663855,,,0.0,0.0
1776099039.0688891,,,0.0,0.0
1776099039.0702255,0.0009270966277444856,,,
1776099039.0705912,,-0.02173255161002118,,
1776099039.0713904,,,0.0,0.0
1776099039.0738842,,,0.0,0.0
1776099039.0752695,0.0007859736182005556,,,
1776099039.0756366,,-0.014913157576903393,,
1776099039.0763855,,,0.0,0.0
1776099039.0789144,,,0.0,0.0
1776099039.0802393,0.000756787924178481,,,
1776099039.0806966,,-0.014462674824536543,,
1776099039.081401,,,0.0,0.0
1776099039.08391,,,0.0,0.0
1776099039.0853038,0.001033375536485584,,,
1776099039.085688,,-0.016530417740737977,,
1776099039.0864043,,,0.0,0.0
1776099039.0889003,,,0.0,0.0
1776099039.090192,0.0012096424349626895,,,
1776099039.0907578,,-0.020055755710280086,,
1776099039.0913968,,,0.0,0.0
1776099039.0939167,,,0.0,0.0
1776099039.0952883,0.0012840693212913927,,,
1776099039.0957484,,-0.027006769687914368,,
1776099039.096389,,,0.0,0.0
1776099039.0988913,,,0.0,0.0
1776099039.1002362,0.0014416946242828675,,,
1776099039.1005561,,-0.032823898309236654,,
1776099039.1013744,,,0.0,0.0
1776099039.1038928,,,0.0,0.0
1776099039.105281,0.0015334194388437958,,,
1776099039.1055536,,-0.029862073989768197,,
1776099039.106394,,,0.0,0.0
1776099039.108908,,,0.0,0.0
1776099039.110989,0.0013991881452277903,,,
1776099039.1113803,,-0.0302417640631648,,
1776099039.1114275,,,0.0,0.0
1776099039.1139245,,,0.0,0.0
1776099039.115681,0.0013145869540425244,,,
1776099039.1160288,,-0.028016815727160922,,
1776099039.1165173,,,0.0,0.0
1776099039.1188965,,,0.0,0.0
1776099039.120193,0.001295453967908567,,,
1776099039.1204243,,-0.026301844723735375,,
1776099039.121379,,,0.0,0.0
1776099039.1240246,,,0.0,0.0
1776099039.1258364,0.001106444937255926,,,
1776099039.1262796,,-0.022521664110682554,,
1776099039.1266468,,,0.0,0.0
1776099039.128893,,,0.0,0.0
1776099039.1302333,0.000867080440439491,,,
1776099039.1305459,,-0.024795623962309755,,
1776099039.1313717,,,0.0,0.0
1776099039.1338778,,,0.0,0.0
1776099039.1353068,0.0007517129432579061,,,
1776099039.1356676,,-0.012229477156930811,,
1776099039.1364377,,,0.0,0.0
1776099039.1389089,,,0.0,0.0
1776099039.140298,0.0006229317323284561,,,
1776099039.1407447,,-0.005790150224177265,,
1776099039.1413975,,,0.0,0.0
1776099039.1439066,,,0.0,0.0
1776099039.1453207,0.0003168455991517859,,,
1776099039.145789,,0.000331572439356137,,
1776099039.146424,,,0.0,0.0
1776099039.1489074,,,0.0,0.0
1776099039.1504545,0.00025472472868842894,,,
1776099039.1508205,,-0.006952802348153652,,
1776099039.1513948,,,0.0,0.0
1776099039.1539142,,,0.0,0.0
1776099039.155363,0.00024703960636912885,,,
1776099039.1558137,,-0.0021360104191552667,,
1776099039.1564622,,,0.0,0.0
1776099039.1589217,,,0.0,0.0
1776099039.16054,0.0002081622475049397,,,
1776099039.1609607,,-0.006154783852558506,,
1776099039.1614027,,,0.0,0.0
1776099039.163896,,,0.0,0.0
1776099039.165253,0.0001893851611874322,,,
1776099039.165673,,0.001148776533672899,,
1776099039.1664112,,,0.0,0.0
1776099039.1689177,,,0.0,0.0
1776099039.1704571,0.00022792775692344328,,,
1776099039.1710055,,-0.003752240351361148,,
1776099039.1714578,,,0.0,0.0
1776099039.1739128,,,0.0,0.0
1776099039.175903,0.00010392363599929816,,,
1776099039.176363,,-0.006334940799714547,,
1776099039.1764147,,,0.0,0.0
1776099039.1789005,,,0.0,0.0
1776099039.1804187,-0.0001187814910317162,,,
1776099039.1807737,,-0.00188083825909426,,
1776099039.1813908,,,0.0,0.0
1776099039.1839004,,,0.0,0.0
1776099039.185258,-0.00021375495969868698,,,
1776099039.185632,,0.013075281665559827,,
1776099039.1863842,,,0.0,0.0
1776099039.1889303,,,0.0,0.0
1776099039.1902385,-0.00044405339342740814,,,
1776099039.1905825,,0.0051575243011181375,,
1776099039.1914043,,,0.0,0.0
1776099039.1938965,,,0.0,0.0
1776099039.1954377,-0.0006192286192515648,,,
1776099039.1958034,,0.012657962659840457,,
1776099039.1963778,,,0.0,0.0
1776099039.1989343,,,0.0,0.0
1776099039.200425,-0.0006075628718535009,,,
1776099039.2013235,,0.006162784692371121,,
1776099039.2013927,,,0.0,0.0
1776099039.2039192,,,0.0,0.0
1776099039.2055333,-0.0004339021283959081,,,
1776099039.2058308,,0.016812069399131054,,
1776099039.2064168,,,0.0,0.0
1776099039.208913,,,0.0,0.0
1776099039.2103326,-0.0004758661246147497,,,
1776099039.210701,,0.005793778924864969,,
1776099039.2114081,,,0.0,0.0
1776099039.213908,,,0.0,0.0
1776099039.215728,-0.0003501133690552162,,,
1776099039.2160428,,0.007941813296286682,,
1776099039.2164357,,,0.0,0.0
1776099039.2188926,,,0.0,0.0
1776099039.2204242,-5.004867233390732e-05,,,
1776099039.2208996,,0.0010079014653380266,,
1776099039.2213974,,,0.0,0.0
1776099039.2239046,,,0.0,0.0
1776099039.2256184,7.523758670472392e-05,,,
1776099039.2260084,,-0.003895984020778109,,
1776099039.2264154,,,0.0,0.0
1776099039.2289214,,,0.0,0.0
1776099039.230571,9.679042422882687e-05,,,
1776099039.2311473,,-0.005792583180081203,,
1776099039.231572,,,0.0,0.0
1776099039.233914,,,0.0,0.0
1776099039.2352595,0.0001768979498010434,,,
1776099039.2356384,,-0.004197186617734185,,
1776099039.2363818,,,0.0,0.0
1776099039.2389627,,,0.0,0.0
1776099039.2402334,0.00021545324131779848,,,
1776099039.240768,,-0.006567065984964961,,
1776099039.2414215,,,0.0,0.0
1776099039.2439399,,,0.0,0.0
1776099039.2453566,5.023941290697092e-05,,,
1776099039.2457035,,-0.0029963271605991304,,
1776099039.2463953,,,0.0,0.0
1776099039.2489944,,,0.0,0.0
1776099039.2502244,3.803154853283057e-05,,,
1776099039.250599,,-0.0027521698731163237,,
1776099039.2514029,,,0.0,0.0
1776099039.2539244,,,0.0,0.0
1776099039.255445,5.214633087584133e-05,,,
1776099039.255793,,-0.0033009277761258185,,
1776099039.2563815,,,0.0,0.0
1776099039.2588966,,,0.0,0.0
1776099039.260277,0.00011282799863997884,,,
1776099039.260549,,-0.0023828630822143363,,
1776099039.261368,,,0.0,0.0
1776099039.2638955,,,0.0,0.0
1776099039.2653818,0.00016411267730033016,,,
1776099039.2659006,,-0.00407471229579456,,
1776099039.2663698,,,0.0,0.0
1776099039.2689102,,,0.0,0.0
1776099039.270247,0.0002839597246233363,,,
1776099039.2706106,,-0.005405804217657567,,
1776099039.2714238,,,0.0,0.0
1776099039.2739348,,,0.0,0.0
1776099039.2753508,0.00035449731235909,,,
1776099039.2757013,,-0.00708301822852192,,
1776099039.2763946,,,0.0,0.0
1776099039.2789202,,,0.0,0.0
1776099039.280552,0.00038129278702494926,,,
1776099039.2808547,,-0.00881800787451086,,
1776099039.2814126,,,0.0,0.0
1776099039.283903,,,0.0,0.0
1776099039.285291,0.0005385415305052535,,,
1776099039.2858496,,-0.008498973414176318,,
1776099039.2863977,,,0.0,0.0
1776099039.2889156,,,0.0,0.0
1776099039.2902858,0.0005224280001035115,,,
1776099039.2906432,,-0.0129730234168285,,
1776099039.291385,,,0.0,0.0
1776099039.2938824,,,0.0,0.0
1776099039.2952907,0.0005043769558313925,,,
1776099039.295648,,-0.007549219664549818,,
1776099039.2963896,,,0.0,0.0
1776099039.298896,,,0.0,0.0
1776099039.3002257,0.0004958104281368482,,,
1776099039.3005939,,-0.01630437469165978,,
1776099039.3013995,,,0.0,0.0
1776099039.303934,,,0.0,0.0
1776099039.3053818,0.0005159361668098413,,,
1776099039.3057327,,-0.007247479371820237,,
1776099039.3063996,,,0.0,0.0
1776099039.3089228,,,0.0,0.0
1776099039.3105397,0.0004194989223430672,,,
1776099039.310846,,-0.009848592837022498,,
1776099039.3113763,,,0.0,0.0
1776099039.3138852,,,0.0,0.0
1776099039.3152409,0.0005181904064678446,,,
1776099039.31555,,-0.009957186726473093,,
1776099039.3163855,,,0.0,0.0
1776099039.3189914,,,0.0,0.0
1776099039.320604,0.0006815774608481454,,,
1776099039.320898,,-0.0101606118683624,,
1776099039.3214157,,,0.0,0.0
1776099039.323909,,,0.0,0.0
1776099039.3253424,0.0006403269624767065,,,
1776099039.3257475,,-0.01786239409771055,,
1776099039.3263867,,,0.0,0.0
1776099039.3289242,,,0.0,0.0
1776099039.330313,0.000678908042469701,,,
1776099039.3306892,,-0.013304770574584861,,
1776099039.3314092,,,0.0,0.0
1776099039.3339381,,,0.0,0.0
1776099039.3353465,0.0007376102871763613,,,
1776099039.3358583,,-0.015944357877539103,,
1776099039.3364024,,,0.0,0.0
1776099039.3389106,,,0.0,0.0
1776099039.3403,0.0007855011365126754,,,
1776099039.340738,,-0.016902174864265384,,
1776099039.3414056,,,0.0,0.0
1776099039.3439057,,,0.0,0.0
1776099039.3454714,0.0007325882001751583,,,
1776099039.3458352,,-0.017176227418261435,,
1776099039.3464062,,,0.0,0.0
1776099039.3489075,,,0.0,0.0
1776099039.3503535,0.0008445495309659533,,,
1776099039.3506308,,-0.018083142753330943,,
1776099039.3513937,,,0.0,0.0
1776099039.353896,,,0.0,0.0
1776099039.3556285,0.0008776274946655216,,,
1776099039.356056,,-0.017545621874650554,,
1776099039.3564646,,,0.0,0.0
1776099039.3588982,,,0.0,0.0
1776099039.3602128,0.0007512742037341143,,,
1776099039.3606417,,-0.017949640873664477,,
1776099039.361561,,,0.0,0.0
1776099039.3639445,,,0.0,0.0
1776099039.36529,0.0006917886520404727,,,
1776099039.3656557,,-0.009565448923761107,,
1776099039.3663917,,,0.0,0.0
1776099039.3689046,,,0.0,0.0
1776099039.3704283,0.0006416258960831246,,,
1776099039.37066,,-0.008695424932688788,,
1776099039.371396,,,0.0,0.0
1776099039.373893,,,0.0,0.0
1776099039.3752573,0.000539555188089174,,,
1776099039.3757179,,-0.012782642664243192,,
1776099039.376375,,,0.0,0.0
1776099039.3788834,,,0.0,0.0
1776099039.3802319,0.0005141280201800534,,,
1776099039.380542,,-0.011874405921836861,,
1776099039.381388,,,0.0,0.0
1776099039.3838856,,,0.0,0.0
1776099039.3855329,0.000691372445229196,,,
1776099039.3860521,,-0.012754671861326923,,
1776099039.3865938,,,0.0,0.0
1776099039.3888853,,,0.0,0.0
1776099039.390236,0.0007068655378216619,,,
1776099039.3907225,,-0.014130382737773357,,
1776099039.3914292,,,0.0,0.0
1776099039.393924,,,0.0,0.0
1776099039.3953226,0.0007599389090465021,,,
1776099039.3956375,,-0.01519185016227016,,
1776099039.3964033,,,0.0,0.0
1776099039.3989038,,,0.0,0.0
1776099039.400314,0.0008760590382942883,,,
1776099039.4008565,,-0.017114559363001967,,
1776099039.4014094,,,0.0,0.0
1776099039.4038985,,,0.0,0.0
1776099039.4052653,0.0008853838284024881,,,
1776099039.4058397,,-0.01516935711597173,,
1776099039.4064076,,,0.0,0.0
1776099039.4089148,,,0.0,0.0
1776099039.4103584,0.000832794224282944,,,
1776099039.410708,,-0.018647423388118593,,
1776099039.4113786,,,0.0,0.0
1776099039.4138935,,,0.0,0.0
1776099039.4158382,0.0008088136713430517,,,
1776099039.4161837,,-0.01483703412745476,,
1776099039.4163833,,,0.0,0.0
1776099039.418917,,,0.0,0.0
1776099039.4206452,0.0007293543150459568,,,
1776099039.4210265,,-0.013647540385736779,,
1776099039.4214234,,,0.0,0.0
1776099039.4239259,,,0.0,0.0
1776099039.4253323,0.0006263698836238617,,,
1776099039.425688,,-0.01318662529419055,,
1776099039.426377,,,0.0,0.0
1776099039.4288836,,,0.0,0.0
1776099039.4303508,0.000596878952775494,,,
1776099039.430575,,-0.011930651036850001,,
1776099039.4313843,,,0.0,0.0
1776099039.4338803,,,0.0,0.0
1776099039.435197,0.0005937076377445522,,,
1776099039.4355142,,-0.010801375711634049,,
1776099039.436363,,,0.0,0.0
1776099039.4388845,,,0.0,0.0
1776099039.440203,0.0005447348501051085,,,
1776099039.4405348,,-0.009155764318471976,,
1776099039.441364,,,0.0,0.0
1776099039.4439073,,,0.0,0.0
1776099039.445602,0.0005436584409883485,,,
1776099039.4458935,,-0.01086624080110709,,
1776099039.4464018,,,0.0,0.0
1776099039.4489186,,,0.0,0.0
1776099039.4503033,0.00043342131649584426,,,
1776099039.45087,,-0.008661498311257005,,
1776099039.451425,,,0.0,0.0
1776099039.4539135,,,0.0,0.0
1776099039.4553676,0.000339694027354382,,,
1776099039.4558165,,-0.005454641247681364,,
1776099039.456438,,,0.0,0.0
1776099039.458934,,,0.0,0.0
1776099039.4603481,0.00014170580230829378,,,
1776099039.4607284,,-0.0033601125398045532,,
1776099039.4613898,,,0.0,0.0
1776099039.46389,,,0.0,0.0
1776099039.4652023,5.7939517012409436e-05,,,
1776099039.4655643,,-0.0016847868338868664,,
1776099039.466378,,,0.0,0.0
1776099039.468886,,,0.0,0.0
1776099039.4704475,-0.00010413436470074457,,,
1776099039.470831,,0.00035761064770445774,,
1776099039.4713824,,,0.0,0.0
1776099039.473895,,,0.0,0.0
1776099039.4757316,-0.00014797361004632788,,,
1776099039.4763856,,0.0028331690915117985,,
1776099039.476451,,,0.0,0.0
1776099039.478927,,,0.0,0.0
1776099039.4802873,-0.0002523924638718084,,,
1776099039.480722,,0.004921546168021409,,
1776099039.4814267,,,0.0,0.0
1776099039.4839225,,,0.0,0.0
1776099039.4856281,-0.0002731832972860112,,,
1776099039.485952,,0.005337362836305465,,
1776099039.4864,,,0.0,0.0
1776099039.488887,,,0.0,0.0
1776099039.4902482,-0.0004067767697123539,,,
1776099039.4906178,,0.00747630777253376,,
1776099039.491372,,,0.0,0.0
1776099039.4938853,,,0.0,0.0
1776099039.4952857,-0.0004767945122756071,,,
1776099039.4956803,,0.010875129544918417,,
1776099039.49638,,,0.0,0.0
1776099039.498895,,,0.0,0.0
1776099039.500288,-0.0004904039385201704,,,
1776099039.5006313,,0.006617459715271939,,
1776099039.501393,,,0.0,0.0
1776099039.5038905,,,0.0,0.0
1776099039.5052838,-0.0005340219431555092,,,
1776099039.5056617,,0.008688899960650472,,
1776099039.5063882,,,0.0,0.0
1776099039.50891,,,0.0,0.0
1776099039.5103703,-0.0005027500169171872,,,
1776099039.510736,,0.009529003844705066,,
1776099039.5114017,,,0.0,0.0
1776099039.5139163,,,0.0,0.0
1776099039.5153909,-0.000401703584594147,,,
1776099039.5156336,,0.004976683764826111,,
1776099039.5164013,,,0.0,0.0
1776099039.5189075,,,0.0,0.0
1776099039.520371,-0.0003021089111425042,,,
1776099039.5207868,,0.002984790295793256,,
1776099039.521408,,,0.0,0.0
1776099039.5239058,,,0.0,0.0
1776099039.5255828,-0.0002616550040681524,,,
1776099039.5261762,,0.0017760187700823012,,
1776099039.526577,,,0.0,0.0
1776099039.528903,,,0.0,0.0
1776099039.5302763,-8.976122844529382e-05,,,
1776099039.5306327,,0.004200312892909268,,
1776099039.531388,,,0.0,0.0
1776099039.5339046,,,0.0,0.0
1776099039.535231,-5.139315434750239e-05,,,
1776099039.535573,,-3.105791898718791e-05,,
1776099039.5363789,,,0.0,0.0
1776099039.538897,,,0.0,0.0
1776099039.5403402,4.862854905884808e-07,,,
1776099039.5406108,,0.00039689569307202916,,
1776099039.541405,,,0.0,0.0
1776099039.543916,,,0.0,0.0
1776099039.545233,2.097817149707227e-05,,,
1776099039.5456002,,0.00012028910101699293,,
1776099039.546371,,,0.0,0.0
1776099039.5488925,,,0.0,0.0
1776099039.550427,6.415609647388633e-05,,,
1776099039.550784,,-0.0030081985757881603,,
1776099039.5513792,,,0.0,0.0
1776099039.553893,,,0.0,0.0
1776099039.5557597,3.062906989647414e-05,,,
1776099039.556294,,0.0005934267734021531,,
1776099039.5563707,,,0.0,0.0
1776099039.5589013,,,0.0,0.0
1776099039.560256,3.11009914921366e-05,,,
1776099039.5606549,,-0.0011480163234814096,,
1776099039.5613782,,,0.0,0.0
1776099039.5638962,,,0.0,0.0
1776099039.565244,8.507913513783598e-06,,,
1776099039.5657132,,-0.0008293858919889893,,
1776099039.5663726,,,0.0,0.0
1776099039.5688894,,,0.0,0.0
1776099039.5702631,4.474813170680394e-06,,,
1776099039.5708282,,-0.0018145729097240413,,
1776099039.5714178,,,0.0,0.0
1776099039.5739331,,,0.0,0.0
1776099039.575299,-2.2013689716848312e-05,,,
1776099039.5757637,,0.0004472018129968465,,
1776099039.5764055,,,0.0,0.0
1776099039.5788944,,,0.0,0.0
1776099039.5804672,-1.5873263808354409e-06,,,
1776099039.580951,,-0.0020930235029176427,,
1776099039.5815237,,,0.0,0.0
1776099039.583957,,,0.0,0.0
1776099039.5852888,-3.3316320615783845e-05,,,
1776099039.5856364,,0.00014032991867699918,,
1776099039.5863764,,,0.0,0.0
1776099039.5888917,,,0.0,0.0
1776099039.5903335,-8.481610967105981e-05,,,
1776099039.5906851,,-0.0009613723494117134,,
1776099039.591416,,,0.0,0.0
1776099039.5939085,,,0.0,0.0
1776099039.59526,-0.00014955272454607012,,,
1776099039.5957513,,0.002598289125357364,,
1776099039.5963912,,,0.0,0.0
1776099039.5989163,,,0.0,0.0
1776099039.6003008,-0.00019514405087287537,,,
1776099039.600733,,0.0035101156518934687,,
1776099039.6014366,,,0.0,0.0
1776099039.6039367,,,0.0,0.0
1776099039.6055038,-0.0002797539263309845,,,
1776099039.6057744,,0.0036035396241599783,,
1776099039.6063504,,,0.0,0.0
1776099039.6088622,,,0.0,0.0
1776099039.6102066,-0.0002895579010596328,,,
1776099039.6108096,,0.0049986992714047,,
1776099039.6113577,,,0.0,0.0
1776099039.613869,,,0.0,0.0
1776099039.615324,-0.00028045107322216344,,,
1776099039.615947,,0.0044168693304313935,,
1776099039.6164122,,,0.0,0.0
1776099039.6189103,,,0.0,0.0
1776099039.6202993,-0.00025674047694029416,,,
1776099039.6206858,,0.005141737557465763,,
1776099039.6213982,,,0.0,0.0
1776099039.6240401,,,0.0,0.0
1776099039.6265435,-0.00023012667281263702,,,
1776099039.6266048,,,0.0,0.0
1776099039.6269202,,0.008073470804853248,,
1776099039.6289513,,,0.0,0.0
1776099039.6303875,-0.00020638717162693048,,,
1776099039.6308615,,0.0030688224266013737,,
1776099039.6314223,,,0.0,0.0
1776099039.633933,,,0.0,0.0
1776099039.6352406,-0.0002198546012714594,,,
1776099039.6356254,,0.0033381710194919523,,
1776099039.6363888,,,0.0,0.0
1776099039.6388922,,,0.0,0.0
1776099039.640427,-0.00023367496094165113,,,
1776099039.6407971,,0.0024154980602240305,,
1776099039.6413956,,,0.0,0.0
1776099039.643896,,,0.0,0.0
1776099039.645407,-0.00020001055340529704,,,
1776099039.645711,,0.00440683247098974,,
1776099039.646376,,,0.0,0.0
1776099039.648891,,,0.0,0.0
1776099039.6502676,-0.00022632745852946485,,,
1776099039.6506135,,0.003334397036577422,,
1776099039.651382,,,0.0,0.0
1776099039.6538973,,,0.0,0.0
1776099039.655349,-0.0002011237663755909,,,
1776099039.6557117,,0.004295865602320977,,
1776099039.6563897,,,0.0,0.0
1776099039.6589105,,,0.0,0.0
1776099039.6604185,-0.00013673072419409483,,,
1776099039.660786,,0.0012760000937207421,,
1776099039.6614242,,,0.0,0.0
1776099039.6639347,,,0.0,0.0
1776099039.6654496,-7.797206294644243e-05,,,
1776099039.665999,,0.0018328315337380078,,
1776099039.6663988,,,0.0,0.0
1776099039.668906,,,0.0,0.0
1776099039.67029,-9.566417516586545e-05,,,
1776099039.67066,,-0.0003447176552916827,,
1776099039.6713972,,,0.0,0.0
1776099039.6739426,,,0.0,0.0
1776099039.6752946,-9.046335179382865e-05,,,
1776099039.6757317,,0.0006171149018646977,,
1776099039.6765287,,,0.0,0.0
1776099039.6789255,,,0.0,0.0
1776099039.6804311,-9.840045934249612e-05,,,
1776099039.68081,,0.0015752438212858842,,
1776099039.6814015,,,0.0,0.0
1776099039.6839113,,,0.0,0.0
1776099039.6854196,-0.0001001461937206816,,,
1776099039.6858008,,0.0014769273807749544,,
1776099039.6864247,,,0.0,0.0
1776099039.6889093,,,0.0,0.0
1776099039.6905646,-9.166072203882557e-05,,,
1776099039.6908972,,0.0023730669717349495,,
1776099039.6914136,,,0.0,0.0
1776099039.6939287,,,0.0,0.0
1776099039.6956468,-4.7167329126604176e-05,,,
1776099039.695974,,-0.0014478857041515473,,
1776099039.6966326,,,0.0,0.0
1776099039.6988957,,,0.0,0.0
1776099039.7003372,8.11586307973532e-05,,,
1776099039.7005467,,0.00011576006768312963,,
1776099039.7013817,,,0.0,0.0
1776099039.70395,,,0.0,0.0
1776099039.7052336,0.00020164308507583407,,,
1776099039.7058356,,-0.0032265469144089638,,
1776099039.7063684,,,0.0,0.0
1776099039.708916,,,0.0,0.0
1776099039.710241,0.0003034932384507582,,,
1776099039.7106524,,-0.006995554646877761,,
1776099039.7113774,,,0.0,0.0
1776099039.7138865,,,0.0,0.0
1776099039.7153244,0.0004055415465610712,,,
1776099039.7156575,,-0.0070380538879644275,,
1776099039.7163923,,,0.0,0.0
1776099039.7188869,,,0.0,0.0
1776099039.7202656,0.0004490993535993918,,,
1776099039.7207613,,-0.010973525974447548,,
1776099039.7213879,,,0.0,0.0
1776099039.7239003,,,0.0,0.0
1776099039.725225,0.00043395473438340165,,,
1776099039.7257192,,-0.007339855388261758,,
1776099039.7265053,,,0.0,0.0
1776099039.7289312,,,0.0,0.0
1776099039.730227,0.0004355421278787031,,,
1776099039.7306762,,-0.0091036079231381,,
1776099039.731367,,,0.0,0.0
1776099039.7338934,,,0.0,0.0
1776099039.735564,0.00043873836778129873,,,
1776099039.7358758,,-0.010499844001936407,,
1776099039.7363877,,,0.0,0.0
1776099039.73889,,,0.0,0.0
1776099039.7402167,0.0004799096555026583,,,
1776099039.7405167,,-0.009591265091393285,,
1776099039.7413776,,,0.0,0.0
1776099039.7438912,,,0.0,0.0
1776099039.7457416,0.0005800812025766949,,,
1776099039.7460535,,-0.011061771520575457,,
1776099039.746401,,,0.0,0.0
1776099039.748899,,,0.0,0.0
1776099039.7508986,0.000703822801406415,,,
1776099039.7517383,,,0.0,0.0
1776099039.7519803,,-0.015801532674438734,,
1776099039.753977,,,0.0,0.0
1776099039.7559693,0.0008124954970434718,,,
1776099039.7561367,,-0.01531036402568708,,
1776099039.7564635,,,0.0,0.0
1776099039.7588813,,,0.0,0.0
1776099039.7601826,0.0009043379304336874,,,
1776099039.7607455,,-0.016347825925043556,,
1776099039.7613597,,,0.0,0.0
1776099039.763874,,,0.0,0.0
1776099039.765217,0.0009309299425198081,,,
1776099039.765512,,-0.018744901959810923,,
1776099039.7663658,,,0.0,0.0
1776099039.7688806,,,0.0,0.0
1776099039.7701874,0.0009408247873421366,,,
1776099039.7705252,,-0.018942798856257492,,
1776099039.771363,,,0.0,0.0
1776099039.773868,,,0.0,0.0
1776099039.7754068,0.0009185319385895819,,,
1776099039.775713,,-0.01756432398468392,,
1776099039.776363,,,0.0,0.0
1776099039.7789292,,,0.0,0.0
1776099039.78041,0.0008940357637855444,,,
1776099039.7809958,,-0.01787378725705101,,
1776099039.781429,,,0.0,0.0
1776099039.7839308,,,0.0,0.0
1776099039.7854738,0.0008937821047595696,,,
1776099039.785908,,-0.017868714076531515,,
1776099039.7865324,,,0.0,0.0
1776099039.7888985,,,0.0,0.0
1776099039.7902539,0.0009770267918723305,,,
1776099039.7905788,,-0.01886745217841353,,
1776099039.7914276,,,0.0,0.0
1776099039.7938955,,,0.0,0.0
1776099039.7951834,0.0010328017442877376,,,
1776099039.7956064,,-0.01998295122672167,,
1776099039.796383,,,0.0,0.0
1776099039.798905,,,0.0,0.0
1776099039.8004196,0.001063028784922397,,,
1776099039.800644,,-0.02378503911320621,,
1776099039.801418,,,0.0,0.0
1776099039.803909,,,0.0,0.0
1776099039.8054717,0.001022068132951364,,,
1776099039.805817,,-0.021899977049188436,,
1776099039.8064005,,,0.0,0.0
1776099039.8088863,,,0.0,0.0
1776099039.810208,0.000948323522762302,,,
1776099039.810804,,-0.01949246694888472,,
1776099039.8113897,,,0.0,0.0
1776099039.8138976,,,0.0,0.0
1776099039.815252,0.0008655741998104371,,,
1776099039.8154657,,-0.017038093721399583,,
1776099039.8163753,,,0.0,0.0
1776099039.8188937,,,0.0,0.0
1776099039.820219,0.0008294725220036451,,,
1776099039.8205516,,-0.017381909189860857,,
1776099039.8213842,,,0.0,0.0
1776099039.8239427,,,0.0,0.0
1776099039.8253307,0.0008003509753077983,,,
1776099039.825771,,-0.015600398103272167,,
1776099039.82639,,,0.0,0.0
1776099039.8289063,,,0.0,0.0
1776099039.8303406,0.0007816088555831946,,,
1776099039.8307753,,-0.018023409398347522,,
1776099039.8313982,,,0.0,0.0
1776099039.8339083,,,0.0,0.0
1776099039.8355613,0.0007311808719186364,,,
1776099039.8365357,,-0.013417609267041091,,
1776099039.836597,,,0.0,0.0
1776099039.8389082,,,0.0,0.0
1776099039.840357,0.0006565279009291226,,,
1776099039.8407292,,-0.011924549847250816,,
1776099039.8414006,,,0.0,0.0
1776099039.8439162,,,0.0,0.0
1776099039.8455434,0.0005776688565784846,,,
1776099039.8458645,,-0.010613831216387336,,
1776099039.8463838,,,0.0,0.0
1776099039.84889,,,0.0,0.0
1776099039.8502471,0.0004605778073668339,,,
1776099039.8506198,,-0.008272010232154322,,
1776099039.8513691,,,0.0,0.0
1776099039.853884,,,0.0,0.0
1776099039.855583,0.0004094973431385195,,,
1776099039.8559694,,-0.006317783051065557,,
1776099039.8563926,,,0.0,0.0
1776099039.8589215,,,0.0,0.0
1776099039.8602896,0.00040301745265955327,,,
1776099039.8606658,,-0.011384199236397174,,
1776099039.8614066,,,0.0,0.0
1776099039.8639078,,,0.0,0.0
1776099039.8652976,0.00035964729983221564,,,
1776099039.8658657,,-0.009850640539477222,,
1776099039.8665307,,,0.0,0.0
1776099039.8689015,,,0.0,0.0
1776099039.870306,0.0003722894392313702,,,
1776099039.870637,,-0.003708389179877616,,
1776099039.8713937,,,0.0,0.0
1776099039.8739157,,,0.0,0.0
1776099039.8753328,0.0004639726893178521,,,
1776099039.8755565,,-0.010604837048443557,,
1776099039.876458,,,0.0,0.0
1776099039.878918,,,0.0,0.0
1776099039.880264,0.00045491011098612686,,,
1776099039.8808532,,-0.005760495999196669,,
1776099039.8814185,,,0.0,0.0
1776099039.8839066,,,0.0,0.0
1776099039.885393,0.00048609203455918877,,,
1776099039.886008,,-0.012379535234016685,,
1776099039.886519,,,0.0,0.0
1776099039.888915,,,0.0,0.0
1776099039.8901935,0.00044127616572357754,,,
1776099039.8904681,,-0.009884444320408787,,
1776099039.8913794,,,0.0,0.0
1776099039.893884,,,0.0,0.0
1776099039.8952036,0.0003429915344038319,,,
1776099039.895532,,-0.007385827181715316,,
1776099039.8963835,,,0.0,0.0
1776099039.89891,,,0.0,0.0
1776099039.9002416,0.0002239305799195813,,,
1776099039.900621,,-0.004338452451657106,,
1776099039.9014003,,,0.0,0.0
1776099039.9039192,,,0.0,0.0
1776099039.9052722,0.0002275241737005424,,,
1776099039.905624,,-0.004410324327276329,,
1776099039.9063861,,,0.0,0.0
1776099039.9089026,,,0.0,0.0
1776099039.910284,0.00017380311191646594,,,
1776099039.910746,,-0.004135289860042636,,
1776099039.9114738,,,0.0,0.0
1776099039.9139094,,,0.0,0.0
1776099039.915218,0.00027545927217782377,,,
1776099039.9155505,,-0.005768719681045874,,
1776099039.9164126,,,0.0,0.0
1776099039.918886,,,0.0,0.0
1776099039.920258,0.0002687726379903172,,,
1776099039.920609,,-0.006434373765743581,,
1776099039.921377,,,0.0,0.0
1776099039.9239023,,,0.0,0.0
1776099039.925278,0.00028290403806729937,,,
1776099039.9256563,,-0.004585303718088991,,
1776099039.926434,,,0.0,0.0
1776099039.9289443,,,0.0,0.0
1776099039.930895,0.00023652911080339565,,,
1776099039.93146,,,0.0,0.0
1776099039.9319434,,-0.003924267428960196,,
1776099039.9339895,,,0.0,0.0
1776099039.935758,0.00022941938756400817,,,
1776099039.936106,,-0.004981153116844201,,
1776099039.9364114,,,0.0,0.0
1776099039.938901,,,0.0,0.0
1776099039.940703,0.0002796212308524956,,,
1776099039.9409776,,-0.002787642908822602,,
1776099039.941373,,,0.0,0.0
1776099039.9438748,,,0.0,0.0
1776099039.945219,0.0004388027827106753,,,
1776099039.9456203,,-0.00757004748288187,,
1776099039.9463727,,,0.0,0.0
1776099039.9489005,,,0.0,0.0
1776099039.9502234,0.0005146932332167535,,,
1776099039.9505525,,-0.014283870487914374,,
1776099039.9513829,,,0.0,0.0
1776099039.95388,,,0.0,0.0
1776099039.9552507,0.0004911513605568389,,,
1776099039.9556239,,-0.01194779724167113,,
1776099039.9563754,,,0.0,0.0
1776099039.9589143,,,0.0,0.0
1776099039.9604673,0.00048399312596484446,,,
1776099039.9606552,,-0.00953970337256237,,
1776099039.9615397,,,0.0,0.0
1776099039.9639616,,,0.0,0.0
1776099039.965344,0.0003257300529581526,,,
1776099039.9657087,,-0.007973215449324207,,
1776099039.9663975,,,0.0,0.0
1776099039.9689016,,,0.0,0.0
1776099039.9701965,0.00019083399711903128,,,
1776099039.9705222,,-0.002077747258750432,,
1776099039.9713697,,,0.0,0.0
1776099039.9738774,,,0.0,0.0
1776099039.9754245,0.00013254299980533052,,,
1776099039.9757924,,-0.0029103942335960095,,
1776099039.9764473,,,0.0,0.0
1776099039.9789164,,,0.0,0.0
1776099039.9802275,0.00013811978606575965,,,
1776099039.9805534,,-0.0026222365745806734,,
1776099039.9813771,,,0.0,0.0
1776099039.9839,,,0.0,0.0
1776099039.9854736,0.00016587483442611655,,,
1776099039.9857838,,-0.005175804462907403,,
1776099039.986381,,,0.0,0.0
1776099039.9889104,,,0.0,0.0
1776099039.9901907,0.00025413230015291263,,,
1776099039.9906032,,-0.006940953777443326,,
1776099039.9914129,,,0.0,0.0
1776099039.9939215,,,0.0,0.0
1776099039.9954593,0.0002692469580847682,,,
1776099039.9958303,,-0.005910935655334041,,
1776099039.9963825,,,0.0,0.0
1776099039.9988945,,,0.0,0.0
1776099040.0003617,0.0002932634667519033,,,
1776099040.0007792,,-0.003993105523333233,,
1776099040.0014281,,,0.0,0.0
1776099040.0038943,,,0.0,0.0
1776099040.005248,0.00030697288644897274,,,
1776099040.0056612,,-0.005199911813797098,,
1776099040.0063863,,,0.0,0.0
1776099040.0089269,,,0.0,0.0
1776099040.0105584,0.00029171085551082184,,,
1776099040.011006,,-0.004095284426586243,,
1776099040.0114188,,,0.0,0.0
1776099040.0139127,,,0.0,0.0
1776099040.0153475,0.0002968597686745486,,,
1776099040.0157623,,-0.00632996073905501,,
1776099040.0163927,,,0.0,0.0
1776099040.0189073,,,0.0,0.0
1776099040.020875,0.0003956303001514741,,,
1776099040.0212433,,-0.0061736733193992884,,
1776099040.021387,,,0.0,0.0
1776099040.0239406,,,0.0,0.0
1776099040.025617,0.00042024459102699857,,,
1776099040.0256755,,-0.008664426058029369,,
1776099040.026392,,,0.0,0.0
1776099040.028885,,,0.0,0.0
1776099040.0302112,0.00046309223544947336,,,
1776099040.0308115,,-0.011519845867598459,,
1776099040.0313897,,,0.0,0.0
1776099040.033883,,,0.0,0.0
1776099040.0357413,0.0005116372900539849,,,
1776099040.036031,,-0.013023671471987247,,
1776099040.0366006,,,0.0,0.0
1776099040.0388796,,,0.0,0.0
1776099040.0402899,0.00047884473984080366,,,
1776099040.0406892,,-0.008104424369335159,,
1776099040.0413957,,,0.0,0.0
1776099040.0439098,,,0.0,0.0
1776099040.0452847,0.00035519067680723804,,,
1776099040.04589,,-0.004965187468290649,,
1776099040.046403,,,0.0,0.0
1776099040.0489151,,,0.0,0.0
1776099040.050391,0.00020859231609996457,,,
1776099040.0506382,,-0.004031687175264772,,
1776099040.0514097,,,0.0,0.0
1776099040.053915,,,0.0,0.0
1776099040.0553398,0.0001506404436568503,,,
1776099040.05575,,-0.0022064940860292885,,
1776099040.0563996,,,0.0,0.0
1776099040.0588777,,,0.0,0.0
1776099040.0603056,4.784778020582839e-05,,,
1776099040.0606365,,0.0005155148233643471,,
1776099040.0613818,,,0.0,0.0
1776099040.0638833,,,0.0,0.0
1776099040.065387,-1.1076086474846544e-06,,,
1776099040.0658116,,0.0009616980881320499,,
1776099040.066394,,,0.0,0.0
1776099040.0688877,,,0.0,0.0
1776099040.0702486,-3.222047762521871e-05,,,
1776099040.0706515,,-0.0016135916061046176,,
1776099040.0713825,,,0.0,0.0
1776099040.0738888,,,0.0,0.0
1776099040.0753927,-1.9848875091789658e-05,,,
1776099040.0758271,,0.000803598904719592,,
1776099040.07637,,,0.0,0.0
1776099040.0789201,,,0.0,0.0
1776099040.080335,-0.00010158022365060041,,,
1776099040.0808206,,0.002438225875895807,,
1776099040.081398,,,0.0,0.0
1776099040.0839074,,,0.0,0.0
1776099040.0853305,-0.00019549784513087488,,,
1776099040.0858083,,0.0008525689755606689,,
1776099040.0863855,,,0.0,0.0
1776099040.0888944,,,0.0,0.0
1776099040.0904245,-0.0002295565171379805,,,
1776099040.0907753,,0.004331596105270212,,
1776099040.0913718,,,0.0,0.0
1776099040.0938852,,,0.0,0.0
1776099040.0952191,-0.0002529428229999632,,,
1776099040.0955613,,0.007197482527853376,,
1776099040.096379,,,0.0,0.0
1776099040.0988905,,,0.0,0.0
1776099040.10022,-0.00035710942620796273,,,
1776099040.1008,,0.006083267518222019,,
1776099040.1013927,,,0.0,0.0
1776099040.1038985,,,0.0,0.0
1776099040.1052186,-0.0004287334123016891,,,
1776099040.1055546,,0.004318200166305198,,
1776099040.106372,,,0.0,0.0
1776099040.1089082,,,0.0,0.0
1776099040.110198,-0.00042038535346624234,,,
1776099040.1107497,,0.004151238989596262,,
1776099040.1114194,,,0.0,0.0
1776099040.1139383,,,0.0,0.0
1776099040.1153543,-0.0004438906010733405,,,
1776099040.1158118,,0.006353348606708539,,
1776099040.1164038,,,0.0,0.0
1776099040.1188953,,,0.0,0.0
1776099040.1203024,-0.00047271670568985424,,,
1776099040.120923,,0.009994186644755524,,
1776099040.121384,,,0.0,0.0
1776099040.1238904,,,0.0,0.0
1776099040.1251998,-0.0003384763961873153,,,
1776099040.1255538,,0.007309380454704744,,
1776099040.126564,,,0.0,0.0
1776099040.1289647,,,0.0,0.0
1776099040.1304524,-0.0002119547168402879,,,
1776099040.1308067,,0.006777413788883789,,
1776099040.1313963,,,0.0,0.0
1776099040.1338913,,,0.0,0.0
1776099040.1353924,-0.000147183118987613,,,
1776099040.1357894,,0.004016439423009256,,
1776099040.136383,,,0.0,0.0
1776099040.1388972,,,0.0,0.0
1776099040.1406193,-1.530553345818216e-05,,,
1776099040.1412666,,0.0076407507319286964,,
1776099040.1413674,,,0.0,0.0
1776099040.1439347,,,0.0,0.0
1776099040.145351,0.00010043285041700373,,,
1776099040.1458592,,0.005325983054424979,,
1776099040.146414,,,0.0,0.0
1776099040.1489096,,,0.0,0.0
1776099040.1502903,1.8793588325193543e-05,,,
1776099040.1508117,,-0.0030335663093367807,,
1776099040.151365,,,0.0,0.0
1776099040.1538863,,,0.0,0.0
1776099040.1554043,-4.012672484976043e-05,,,
1776099040.155793,,0.005206089742118193,,
1776099040.1563761,,,0.0,0.0
1776099040.15889,,,0.0,0.0
1776099040.1602256,3.798057565672586e-05,,,
1776099040.1605768,,0.012437198184914674,,
1776099040.1613917,,,0.0,0.0
1776099040.1638844,,,0.0,0.0
1776099040.1651804,0.0002797191540852627,,,
1776099040.1656003,,0.01919353475883757,,
1776099040.1663718,,,0.0,0.0
1776099040.1688874,,,0.0,0.0
1776099040.170257,0.0009191714911293062,,,
1776099040.170741,,0.017729133904301073,,
1776099040.1714323,,,0.0,0.0
1776099040.1739295,,,0.0,0.0
1776099040.175377,0.00230233547579284,,,
1776099040.176013,,-0.013531386246984876,,
1776099040.176536,,,0.0,0.0
1776099040.178904,,,0.0,0.0
1776099040.1803658,0.004347090597826169,,,
1776099040.1807487,,-0.019786395388245184,,
1776099040.1813905,,,0.0,0.0
1776099040.1839154,,,0.0,0.0
1776099040.1852283,0.006840947322251335,,,
1776099040.185556,,-0.00038334327793596024,,
1776099040.186383,,,0.0,0.0
1776099040.1889157,,,0.0,0.0
1776099040.190293,0.00992586274887168,,,
1776099040.1905415,,0.019455798571336502,,
1776099040.191394,,,0.0,0.0
1776099040.1938934,,,0.0,0.0
1776099040.1952271,0.013282906984276425,,,
1776099040.1955729,,0.04357823659436971,,
1776099040.1963897,,,0.0,0.0
1776099040.1989646,,,0.0,0.0
1776099040.2003546,0.016640247192489507,,,
1776099040.200727,,0.06742829290508684,,
1776099040.201461,,,0.0,0.0
1776099040.203904,,,0.0,0.0
1776099040.2056284,0.019892912948193526,,,
1776099040.205929,,0.08231365463579021,,
1776099040.20637,,,0.0,0.0
1776099040.2088754,,,0.0,0.0
1776099040.2102046,0.02288241699489456,,,
1776099040.2107615,,0.06302583663645994,,
1776099040.2113633,,,0.0,0.0
1776099040.2138894,,,0.0,0.0
1776099040.2152724,0.02505467407444619,,,
1776099040.2156746,,0.14601703558826018,,
1776099040.2163718,,,0.0,0.0
1776099040.2188969,,,0.0,0.0
1776099040.2204082,0.027191265969237068,,,
1776099040.2207248,,0.2561013015940541,,
1776099040.2213767,,,0.0,0.0
1776099040.2239091,,,0.0,0.0
1776099040.2255225,0.029973848809138223,,,
1776099040.2260482,,0.3380774000971336,,
1776099040.2266657,,,0.0,0.0
1776099040.2289155,,,0.0,-1.8778211279927146
1776099040.2305617,0.03338093220890943,,,
1776099040.2309048,,0.41848843990493245,,
1776099040.2314358,,,1.646284493018893,0.0
1776099040.2339218,,,0.0,0.0
1776099040.235581,0.03694896282558157,,,
1776099040.2357683,,0.4501154895731859,,
1776099040.2363818,,,0.0,0.0
1776099040.2388957,,,0.0,0.0
1776099040.2405102,0.04128712296459369,,,
1776099040.240874,,0.522163791457914,,
1776099040.2413847,,,0.0,1.6423958515499952
1776099040.243894,,,0.0,0.0
1776099040.2453012,0.04676114441639564,,,
1776099040.2456555,,0.6494350770105093,,
1776099040.24643,,,0.0,-1.6103001588547505
1776099040.2488964,,,1.688495582968349,-1.688495582968349
1776099040.250655,0.050705202091691,,,
1776099040.2510467,,0.7905185159558319,,
1776099040.2519543,,,1.3517095300733644,-1.3517095300733644
1776099040.2539618,,,2.155732724741753,0.0
1776099040.256014,0.057566916109477936,,,
1776099040.256782,,0.7526746571437744,,
1776099040.2568524,,,1.6643802239433048,-1.6643802239433048
1776099040.259061,,,1.6929914088539066,-1.6929914088539066
1776099040.260756,0.06435753328775079,,,
1776099040.261145,,0.6864089624332792,,
1776099040.2617207,,,0.0,-1.560549406380535
1776099040.2639377,,,1.8997678057404943,0.0
1776099040.2653143,0.07129797767067608,,,
1776099040.2655113,,0.6336673835109903,,
1776099040.2663693,,,1.6681460837429498,0.0
1776099040.26888,,,0.0,0.0
1776099040.2702477,0.0783068613982979,,,
1776099040.2705455,,0.6546993739288678,,
1776099040.2713683,,,1.6336849706860985,1.6336849706860985
1776099040.2739022,,,0.0,-1.6443185602292483
1776099040.27527,0.08802292535785164,,,
1776099040.2755806,,0.5976061566546718,,
1776099040.276392,,,1.6480335879295231,1.6480335879295231
1776099040.2788808,,,0.0,0.0
1776099040.280477,0.09544758295980833,,,
1776099040.2809477,,0.5567637560998469,,
1776099040.2813904,,,1.638887538795162,0.0
1776099040.2839127,,,1.6581016807597313,0.0
1776099040.2853737,0.10314186042012799,,,
1776099040.2857318,,0.40287820689345377,,
1776099040.286421,,,1.6402581753701622,0.0
1776099040.288917,,,1.6749330655888643,-1.6749330655888643
1776099040.2903686,0.11241490603706837,,,
1776099040.290829,,0.29655658463098167,,
1776099040.2914412,,,0.0,0.0
1776099040.2939274,,,1.686440904118319,1.686440904118319
1776099040.2955735,0.12043499272497535,,,
1776099040.295796,,0.026638863595488615,,
1776099040.296381,,,1.6563974338656648,0.0
1776099040.2988987,,,0.0,1.6589354620766315
1776099040.300436,0.12753019686030612,,,
1776099040.3007736,,-0.1814810897642225,,
1776099040.3013768,,,1.6387452301073953,0.0
1776099040.303913,,,0.0,0.0
1776099040.3055325,0.13380177907757326,,,
1776099040.3058622,,-0.3504793129899726,,
1776099040.3064291,,,0.0,0.0
1776099040.3089225,,,-1.661281255422607,0.0
1776099040.310575,0.1421502304581579,,,
1776099040.3110242,,-0.6466825348340657,,
1776099040.3116155,,,-3.2776969424081606,1.6388484712040803
1776099040.3138933,,,-1.8424573123286334,1.8424573123286334
1776099040.3157163,0.1522511559485666,,,
1776099040.3159397,,-0.9439613012156074,,
1776099040.3166275,,,-1.5913794679559383,1.5913794679559383
1776099040.3189428,,,-1.7105005274125418,1.7105005274125418
1776099040.3203297,0.16510304091019107,,,
1776099040.320678,,-1.2176528914574258,,
1776099040.3214087,,,-1.670438287564497,0.0
1776099040.3239188,,,-1.674568805901651,0.0
1776099040.325556,0.17704128676483957,,,
1776099040.325956,,-1.6322828976089205,,
1776099040.3263977,,,-1.6510563771496667,1.6510563771496667
1776099040.328899,,,-3.3194328365359826,0.0
1776099040.33027,0.1900903052193359,,,
1776099040.3306015,,-2.1056336848498223,,
1776099040.331402,,,-1.6419160518054048,1.6419160518054048
1776099040.3338983,,,-4.976248885314167,3.317499256876111
1776099040.3353517,0.20340433963245785,,,
1776099040.3357067,,-2.6782127365558575,,
1776099040.3363876,,,-3.2982626197267053,1.6491313098633527
1776099040.3389072,,,-3.296904064580167,3.296904064580167
1776099040.340355,0.21177793849329235,,,
1776099040.3410194,,-2.845684713772547,,
1776099040.3414674,,,-4.920579563167925,3.280386375445283
1776099040.3439379,,,-5.003553719404197,5.003553719404197
1776099040.3452759,0.217790623301791,,,
1776099040.3456,,-3.183504842088407,,
1776099040.3464313,,,-4.973313346130844,3.3155422307538958
1776099040.3489091,,,-5.051496225271259,5.051496225271259
1776099040.3504162,0.22380530200907112,,,
1776099040.3506272,,-3.4490203458353665,,
1776099040.351431,,,-4.90710803671893,3.27140535781262
1776099040.353958,,,-5.06145779006589,3.3743051933772596
1776099040.3552165,0.23115515207156795,,,
1776099040.3559444,,-3.5960173470853034,,
1776099040.3565068,,,-3.2032099969573893,4.804814995436084
1776099040.35892,,,-5.128211573941551,3.4188077159610333
1776099040.360721,0.2335072533486653,,,
1776099040.3612614,,-3.954953443449981,,
1776099040.361475,,,-6.585712456783115,4.939284342587337
1776099040.363953,,,-4.855196247360264,4.855196247360264
1776099040.365343,0.24249758836919055,,,
1776099040.3656359,,-4.217363443266763,,
1776099040.366364,,,-5.079222148862632,3.3861480992417547
1776099040.3688848,,,-4.95309266313593,4.95309266313593
1776099040.3702717,0.2465968829596852,,,
1776099040.3709319,,-4.7134316811326356,,
1776099040.3715153,,,-4.899011429491175,4.899011429491175
1776099040.3739915,,,-6.662108867161953,4.996581650371465
1776099040.3758616,0.2563148580446656,,,
1776099040.3764374,,-4.8550316561146865,,
1776099040.376517,,,-6.505802848364527,6.505802848364527
1776099040.3789594,,,-4.954271812074271,6.6056957494323605
1776099040.3804533,0.2620890646558838,,,
1776099040.380744,,-4.993964466880186,,
1776099040.381556,,,-6.7487198121536744,3.3743599060768372
1776099040.3839543,,,-8.303353627580762,6.64268290206461
1776099040.3855133,0.26584278632048963,,,
1776099040.3859456,,-5.069038900172304,,
1776099040.386438,,,0.0,4.938893605328599
1776099040.3889291,,,-6.769322292149123,6.769322292149123
1776099040.390565,0.2662503266037234,,,
1776099040.3909717,,-5.2138848432415585,,
1776099040.3915088,,,-7.894955630409166,7.894955630409166
1776099040.3939126,,,-10.322199533930311,8.601832944941926
1776099040.3959017,0.2708770763444138,,,
1776099040.3963935,,,-8.135181677353101,9.762218012823721
1776099040.396427,,-5.394885307096929,,
1776099040.3989632,,,-4.850286602581418,6.46704880344189
1776099040.4003124,0.27322854534396035,,,
1776099040.4007382,,-5.370236340183702,,
1776099040.4014585,,,-6.701784847822068,6.701784847822068
1776099040.403935,,,-6.737617938392669,5.053213453794502
1776099040.4053824,0.2736878012064711,,,
1776099040.4054637,,-5.740211352260042,,
1776099040.4063776,,,-6.728518690220702,3.364259345110351
1776099040.408933,,,-8.427553119141548,6.742042495313239
1776099040.410374,0.27354721366961565,,,
1776099040.4107277,,-6.0806029874432035,,
1776099040.411417,,,-6.698653992711561,6.698653992711561
1776099040.413939,,,-8.282514555969838,8.282514555969838
1776099040.4152033,0.27157707947284465,,,
1776099040.415881,,-6.041200303507784,,
1776099040.416545,,,-1.6690435418422047,3.3380870836844094
1776099040.4189448,,,-10.51031924199347,8.758599368327891
1776099040.4206269,0.26562445341737967,,,
1776099040.421358,,-6.15290409622376,,
1776099040.4214303,,,-8.385744939890438,5.031446963934263
1776099040.423951,,,-10.0088765024577,6.672584334971799
1776099040.4256344,0.2552551752786619,,,
1776099040.4262755,,-5.996546055501991,,
1776099040.4263442,,,-8.350850824476787,5.0105104946860735
1776099040.4290068,,,-9.744370381148775,4.872185190574387
1776099040.4311504,0.24892395726194683,,,
1776099040.43162,,,-10.203566873810733,3.401188957936911
1776099040.4320135,,-5.869921695167689,,
1776099040.4339783,,,-4.955768333309356,3.3038455555395703
1776099040.435471,0.2416908428145807,,,
1776099040.4358735,,-5.7405809859489505,,
1776099040.4364045,,,-10.062407367007324,10.062407367007324
1776099040.43891,,,-6.700650522279148,10.050975783418723
1776099040.4407043,0.23433679318709888,,,
1776099040.4410293,,-5.593499993399314,,
1776099040.4416783,,,-6.591871930817723,1.6479679827044307
1776099040.4440765,,,-7.1548775654346555,7.1548775654346555
1776099040.4461837,0.22322239849217318,,,
1776099040.4462733,,-5.481927166930826,,
1776099040.4464307,,,-1.7254344389286311,5.176303316785893
1776099040.448923,,,-1.6718622281686837,8.359311140843419
1776099040.4504375,0.21124979400497323,,,
1776099040.4505274,,-5.242475077186827,,
1776099040.4513981,,,-8.299909552467536,4.979945731480522
1776099040.4539943,,,-9.771773980512327,8.143144983760271
1776099040.4553301,0.19693802711512945,,,
1776099040.4557316,,-5.510348001052376,,
1776099040.4564118,,,-6.695095253419795,5.021321440064846
1776099040.4588945,,,-5.047365959360541,5.047365959360541
1776099040.46071,0.1795450575706783,,,
1776099040.4616053,,-5.172347713640877,,
1776099040.4616811,,,-6.549149173674274,3.274574586837137
1776099040.4639366,,,-6.640402918678588,4.980302189008941
1776099040.4655628,0.15705545913618463,,,
1776099040.4658961,,-4.936125243254651,,
1776099040.4664285,,,-6.6173106735808425,6.6173106735808425
1776099040.468992,,,-6.699895490169463,10.049843235254194
1776099040.4707396,0.13320892526883074,,,
1776099040.471391,,-4.577503807637854,,
1776099040.4718113,,,-8.287271195458903,9.944725434550685
1776099040.4739058,,,-9.556473340080073,11.467768008096089
1776099040.4759154,0.11511528097027857,,,
1776099040.4762118,,-4.156076607417446,,
1776099040.4764287,,,-8.085006119629993,6.468004895703994
1776099040.478876,,,-6.775001476159686,3.387500738079843
1776099040.480242,0.09810095227463897,,,
1776099040.4806812,,-3.815790033504654,,
1776099040.4817185,,,-4.720447751340782,4.720447751340782
1776099040.4839132,,,-3.425284951339036,3.425284951339036
1776099040.4852493,0.08464391746521398,,,
1776099040.4855514,,-3.5104104704798518,,
1776099040.486408,,,-1.6667017664056094,1.6667017664056094
1776099040.4888895,,,-3.3560582012935587,1.6780291006467793
1776099040.4903493,0.07590863355207882,,,
1776099040.4907556,,-3.5981701145241884,,
1776099040.4913976,,,-1.6433436665538543,3.2866873331077087
1776099040.4939175,,,-3.320546524970623,3.320546524970623
1776099040.4953544,0.0687390160201503,,,
1776099040.495849,,-3.780661103156186,,
1776099040.4964619,,,-1.652684373668421,0.0
1776099040.498909,,,-5.007451907842699,5.007451907842699
1776099040.5004358,0.0546169316400912,,,
1776099040.5011609,,-3.8234365991851993,,
1776099040.502056,,,-3.060429157078051,3.060429157078051
1776099040.5043652,,,-9.661009759653483,9.661009759653483
1776099040.5056567,0.03615044062962875,,,
1776099040.5065885,,,-1.9086794350776928,1.9086794350776928
1776099040.5070589,,-3.469561589832609,,
1776099040.5089679,,,-3.3550009673745067,8.387502418436267
1776099040.510734,0.019139167565056018,,,
1776099040.511391,,,-3.3903450986884507,6.780690197376901
1776099040.5114348,,-2.9340192947837327,,
1776099040.5139248,,,-6.569219092426287,4.926914319319716
1776099040.5153406,0.005810580078456277,,,
1776099040.5157225,,-2.193944115874469,,
1776099040.5164068,,,-5.02119919455975,5.02119919455975
1776099040.5188794,,,-5.01316806549437,5.01316806549437
1776099040.52019,-0.0027003593562555704,,,
1776099040.5205789,,-1.8775707796823524,,
1776099040.5214202,,,-1.639973106527045,1.639973106527045
1776099040.5239222,,,-1.6554871813706096,0.0
1776099040.525557,-0.004533422301997054,,,
1776099040.5260015,,-1.8350473511322385,,
1776099040.5264192,,,0.0,0.0
1776099040.5289078,,,0.0,0.0
1776099040.5302405,-0.006932901954247519,,,
1776099040.5308094,,-1.7870577580872293,,
1776099040.531526,,,-1.6433703221306508,0.0
1776099040.5339534,,,-1.6738269349166361,1.6738269349166361
1776099040.535973,-0.009604000334945146,,,
1776099040.536565,,-2.257900279446983,,
1776099040.5366158,,,-3.3372306056209013,1.6686153028104507
1776099040.5389194,,,-3.500695363153326,3.500695363153326
1776099040.5403535,-0.014156522901555252,,,
1776099040.5407875,,-2.319532700888318,,
1776099040.541587,,,-1.687398835777895,3.37479767155579
1776099040.5439606,,,-5.294143666233256,5.294143666233256
1776099040.5455656,-0.024630694091254415,,,
1776099040.5459309,,-1.951371003557439,,
1776099040.546409,,,-5.018572355136217,3.3457149034241445
1776099040.5489037,,,0.0,3.3581453777145254
1776099040.5502331,-0.04076605934411599,,,
1776099040.5506754,,-1.3167696276774765,,
1776099040.5513933,,,-1.6415926079054401,1.6415926079054401
1776099040.5538747,,,-1.6673571763705888,1.6673571763705888
1776099040.55524,-0.0572042803554035,,,
1776099040.5557442,,-0.7877588219555429,,
1776099040.5563607,,,-1.6380870252874804,1.6380870252874804
1776099040.5588748,,,-1.6484252116083924,0.0
1776099040.5601714,-0.0887046609395856,,,
1776099040.5605006,,-0.22783078363916154,,
1776099040.5615337,,,0.0,0.0
1776099040.5639145,,,1.691022331711135,0.0
1776099040.5653381,-0.13147301053782057,,,
1776099040.565682,,0.7142696727021283,,
1776099040.5663936,,,1.654301367015033,-1.654301367015033
1776099040.568892,,,0.0,0.0
1776099040.5702443,-0.1808581948120767,,,
1776099040.5706162,,1.7038385939802958,,
1776099040.5714478,,,1.5973462166000227,-1.5973462166000227
1776099040.5739028,,,3.3890468694332867,-1.6945234347166434
1776099040.5758262,-0.2335550205691376,,,
1776099040.5764053,,,3.296719150401121,-3.296719150401121
1776099040.5764647,,3.050350666373422,,
1776099040.5789492,,,3.3094716047275208,-4.964207407091282
1776099040.5802653,-0.2828781043032887,,,
1776099040.5807536,,4.036812341056444,,
1776099040.5813944,,,5.054730536181315,-3.3698203574542096
1776099040.5838966,,,3.320307405471659,-4.980461108207488
1776099040.5853791,-0.3170583367542675,,,
1776099040.5858474,,5.078675493468725,,
1776099040.5865655,,,6.152238415335005,-4.614178811501254
1776099040.588906,,,5.416254929297305,-5.416254929297305
1776099040.5903125,-0.3350679193844015,,,
1776099040.5906742,,5.438867146071406,,
1776099040.5917175,,,3.3028733760947033,-6.605746752189407
1776099040.5939558,,,8.880331376036036,-7.104265100828829
1776099040.5954046,-0.342196734482174,,,
1776099040.5962734,,5.63780021520243,,
1776099040.5966532,,,8.199285754958643,-4.919571452975186
1776099040.5990076,,,8.315908199636947,-6.652726559709558
1776099040.6004584,-0.3460658885412276,,,
1776099040.6008675,,5.973385222592151,,
1776099040.6016397,,,8.446730677215033,-8.446730677215033
1776099040.6039271,,,10.117577340841782,-8.431314450701485
1776099040.6052556,-0.344376117520845,,,
1776099040.6056275,,6.089874514652694,,
1776099040.6064353,,,9.863804960180946,-9.863804960180946
1776099040.6089003,,,8.487694666664106,-6.790155733331286
1776099040.6103544,-0.34203250891889136,,,
1776099040.6110704,,6.087235077134401,,
1776099040.6114645,,,4.960536012443948,-8.267560020739912
1776099040.6139698,,,6.865614521441586,-6.865614521441586
1776099040.6154652,-0.3368495571189282,,,
1776099040.6156693,,6.224324689566012,,
1776099040.616374,,,4.945002506886255,-6.59333667584834
1776099040.6189709,,,8.176581908369403,-8.176581908369403
1776099040.620359,-0.32901764245758597,,,
1776099040.6207924,,6.342275751300998,,
1776099040.6214364,,,8.360385771355618,-8.360385771355618
1776099040.6239588,,,8.458210037352538,-8.458210037352538
1776099040.625615,-0.31960316352531,,,
1776099040.625981,,6.341708832112646,,
1776099040.626803,,,6.12992658808082,-4.5974449410606155
1776099040.6290023,,,10.163325812707098,-10.163325812707098
1776099040.6310565,-0.3098568039543806,,,
1776099040.6316154,,,10.084780738526225,-5.042390369263113
1776099040.632244,,6.377537954519333,,
1776099040.6340241,,,5.438545062277009,-9.064241770461681
1776099040.635527,-0.3066423020084726,,,
1776099040.635864,,6.201333768018476,,
1776099040.636391,,,6.95600627325003,-6.95600627325003
1776099040.6389048,,,8.247882312195204,-8.247882312195204
1776099040.6403155,-0.3013693648874725,,,
1776099040.6408153,,6.327164263936049,,
1776099040.6413999,,,8.240231431591818,-8.240231431591818
1776099040.6439247,,,10.022386207845964,-8.351988506538301
1776099040.64569,-0.29809803531040086,,,
1776099040.6460006,,6.530065164336939,,
1776099040.6463768,,,4.978114859609868,-8.29685809934978
1776099040.648866,,,10.756914049742472,-8.605531239793978
1776099040.650285,-0.29437411959205556,,,
1776099040.65063,,6.468776731649423,,
1776099040.651427,,,8.053060308824422,-8.053060308824422
1776099040.6540232,,,6.717210630321566,-5.037907972741175
1776099040.6559598,-0.2890383578388536,,,
1776099040.656347,,6.497291091581143,,
1776099040.6567457,,,5.051087533348924,0.0
1776099040.6589553,,,9.145341906460763,-9.145341906460763
1776099040.660763,-0.27601393040073935,,,
1776099040.6616051,,6.2691777069409955,,
1776099040.6616445,,,9.847065829587345,-6.564710553058229
1776099040.6639218,,,8.434328890577792,-8.434328890577792
1776099040.6657994,-0.26643704413519004,,,
1776099040.6664147,,,10.067520797815748,-1.6779201329692912
1776099040.6665175,,6.2439124294671595,,
1776099040.6689358,,,8.264471984634556,-9.917366381561468
1776099040.6709814,-0.2538874694157395,,,
1776099040.6713998,,,3.3473322503864997,-5.02099837557975
1776099040.6715336,,5.977066430837265,,
1776099040.6745307,,,6.538180113166984,-9.15345215843378
1776099040.6756828,-0.248021368953665,,,
1776099040.6761103,,5.567168864343868,,
1776099040.6765308,,,0.0,-6.547995391610555
1776099040.6789143,,,10.108885944966453,-6.739257296644301
1776099040.680582,-0.24072253247479888,,,
1776099040.680991,,5.720296017294111,,
1776099040.6815782,,,8.231292233821693,-9.877550680586033
1776099040.6839385,,,7.195862170013605,-10.793793255020407
1776099040.6852386,-0.23417395180553818,,,
1776099040.6858995,,5.589324403908897,,
1776099040.6865735,,,9.799257320233211,-8.16604776686101
1776099040.6889017,,,6.983281327549656,-8.72910165943707
1776099040.6903782,-0.23013095278065995,,,
1776099040.6906934,,5.421464496778594,,
1776099040.6914074,,,3.263445433830287,-6.526890867660574
1776099040.6939437,,,3.3542702131127458,-5.031405319669119
1776099040.6956952,-0.22722994932521512,,,
1776099040.695922,,5.20902955023119,,
1776099040.696584,,,1.6637544727471998,-4.9912634182416
1776099040.6990728,,,6.697573157255671,-6.697573157255671
1776099040.7008398,-0.2159170476312385,,,
1776099040.701039,,5.272682451042073,,
1776099040.701555,,,6.411407587547073,-8.01425948443384
1776099040.7039297,,,9.301064444014514,-7.440851555211612
1776099040.7052774,-0.20847371922687813,,,
1776099040.7056859,,5.120751567009149,,
1776099040.70636,,,6.708052424202972,-3.354026212101486
1776099040.7088869,,,8.247620811101545,-6.598096648881237
1776099040.7102354,-0.20380522039760807,,,
1776099040.7106085,,4.779571692204918,,
1776099040.7113845,,,6.574780675032385,-8.21847584379048
1776099040.7139459,,,6.744448941903024,-6.744448941903024
1776099040.7155068,-0.1955667049060718,,,
1776099040.7158825,,4.5616421622724115,,
1776099040.716419,,,6.696440256862418,-5.022330192646814
1776099040.7189062,,,3.3432932629804113,-5.014939894470617
1776099040.7204063,-0.18684069010744528,,,
1776099040.7210846,,4.2031296784288035,,
1776099040.7214296,,,4.890562511874627,-3.2603750079164175
1776099040.7239015,,,5.066308866548664,-5.066308866548664
1776099040.7260673,-0.18049251034094246,,,
1776099040.7265096,,,3.239747320024554,-3.239747320024554
1776099040.726548,,4.052051248917238,,
1776099040.728919,,,5.030798268395518,-1.6769327561318392
1776099040.730417,-0.17217423764177056,,,
1776099040.7311468,,4.0702109073171755,,
1776099040.7315688,,,4.7008780027896515,-3.1339186685264337
1776099040.7339156,,,5.364266549299911,-3.5761776995332735
1776099040.7353127,-0.160436329999187,,,
1776099040.7359514,,3.835452754465504,,
1776099040.7365327,,,3.264726716147677,-1.6323633580738386
1776099040.739044,,,5.013651167400536,-8.356085279000894
1776099040.7413578,-0.14859794203630083,,,
1776099040.7414203,,,0.0,-6.968363520044813
1776099040.742048,,3.7155286945292394,,
1776099040.743973,,,8.356760000247531,-5.0140560001485195
1776099040.7458782,-0.13574034292082515,,,
1776099040.7463043,,3.0101871973766388,,
1776099040.7466698,,,3.118664126174293,-3.118664126174293
1776099040.7488937,,,7.322587630204418,-7.322587630204418
1776099040.7508945,-0.11829456806766417,,,
1776099040.7512944,,2.382285718125124,,
1776099040.7516437,,,4.460311494971463,-4.460311494971463
1776099040.754005,,,3.6598755116456076,-1.8299377558228038
1776099040.7557387,-0.10910286860794251,,,
1776099040.7565105,,,1.7167434499777443,-1.7167434499777443
1776099040.756572,,2.041372228930691,,
1776099040.758954,,,1.6520014576698117,-1.6520014576698117
1776099040.760951,-0.10262387352589898,,,
1776099040.7613049,,1.9360403925994047,,
1776099040.7613785,,,0.0,0.0
1776099040.7638948,,,1.6384613841502143,-1.6384613841502143
1776099040.7651875,-0.09608571434392688,,,
1776099040.7657628,,1.8052772089599625,,
1776099040.7663805,,,1.6496937966165481,-1.6496937966165481
1776099040.768923,,,1.6516471028507687,-3.3032942057015373
1776099040.7707067,-0.09661319804993572,,,
1776099040.7709446,,2.275341043809571,,
1776099040.7714016,,,3.3220851587729117,-3.3220851587729117
1776099040.7739105,,,1.675175750469394,-1.675175750469394
1776099040.775883,-0.10122630434104218,,,
1776099040.7765915,,,3.185637400576179,-3.185637400576179
1776099040.7771354,,2.3990457158573153,,
1776099040.7789562,,,3.3933886399546247,-5.090082959931937
1776099040.7808,-0.10369090676319952,,,
1776099040.7812378,,2.4170284492029217,,
1776099040.7816951,,,4.897860512429841,-3.265240341619894
1776099040.7839355,,,3.3625433704827485,-1.6812716852413743
1776099040.7856398,-0.10589737302360758,,,
1776099040.7861092,,2.3004810339530675,,
1776099040.7866704,,,4.656482806353848,0.0
1776099040.788931,,,3.67878447328051,-5.518176709920766
1776099040.7902188,-0.10767146757036904,,,
1776099040.790585,,2.3712691738280762,,
1776099040.7914097,,,3.3552992065764413,-3.3552992065764413
1776099040.7938766,,,3.3178694945042024,-3.3178694945042024
1776099040.7952836,-0.10681531506605561,,,
1776099040.7956047,,2.1564311296790426,,
1776099040.7963686,,,1.640555227485242,-1.640555227485242
1776099040.7988791,,,1.6540383992028107,-1.6540383992028107
1776099040.8001995,-0.10424809728207107,,,
1776099040.8004756,,2.0206182388000307,,
1776099040.801424,,,3.276819572716721,-1.6384097863583604
1776099040.8039434,,,1.656542112273484,-3.313084224546968
1776099040.805532,-0.10009517987958204,,,
1776099040.8060596,,1.9375598907502496,,
1776099040.8066201,,,1.667691576180627,-1.667691576180627
1776099040.8089337,,,3.3313743737736403,-3.3313743737736403
1776099040.8104024,-0.0977989472333835,,,
1776099040.811085,,2.063236930786415,,
1776099040.811556,,,3.332923060826073,-1.6664615304130366
1776099040.813926,,,1.6762705278910703,-3.3525410557821407
1776099040.8159022,-0.09677575871367954,,,
1776099040.8162532,,1.9760243652269411,,
1776099040.816413,,,3.2532326420245807,-1.6266163210122904
1776099040.8188982,,,1.6851424869534712,-3.3702849739069425
1776099040.820456,-0.09568840320461096,,,
1776099040.8208542,,1.868343177437427,,
1776099040.821383,,,3.2843769752481218,-1.6421884876240609
1776099040.8238795,,,1.6619589529789474,-3.3239179059578947
1776099040.8253396,-0.09575338305018186,,,
1776099040.825709,,1.8018281301588535,,
1776099040.826411,,,3.2449819524469885,-1.6224909762234943
1776099040.8289025,,,1.6736253819347167,-1.6736253819347167
1776099040.830321,-0.0968659177497188,,,
1776099040.830737,,1.8676454030299994,,
1776099040.8314018,,,1.6493665748579351,-3.2987331497158703
1776099040.8339398,,,3.3033466397976796,-1.6516733198988398
1776099040.8355682,-0.09568087074678412,,,
1776099040.835927,,1.8701909952020097,,
1776099040.836555,,,1.6767027057704185,-1.6767027057704185
1776099040.838912,,,3.361511397173474,-3.361511397173474
1776099040.8404713,-0.09516908826885842,,,
1776099040.8408766,,1.8266475636248358,,
1776099040.8414702,,,1.6460501063941935,-1.6460501063941935
1776099040.8440707,,,1.6725478611294464,-1.6725478611294464
1776099040.8455386,-0.09678037603870086,,,
1776099040.8464015,,1.784130656171812,,
1776099040.846459,,,3.38435617701737,-1.692178088508685
1776099040.8488986,,,1.652907879972763,-3.305815759945526
1776099040.8502874,-0.09723207716433879,,,
1776099040.8506405,,1.8583147003130693,,
1776099040.8513916,,,3.2860631601257064,-1.6430315800628532
1776099040.8541517,,,1.645151890776112,-1.645151890776112
1776099040.8553429,-0.09711790489996945,,,
1776099040.8566492,,,1.8354785036645513,-1.8354785036645513
1776099040.8567085,,1.8006071057466326,,
1776099040.8589752,,,0.0,-3.3714050047554815
1776099040.8602872,-0.09812636841911056,,,
1776099040.8606381,,1.8586140165026521,,
1776099040.861518,,,1.7045261933815645,-1.7045261933815645
1776099040.863889,,,3.348922030843269,-3.348922030843269
1776099040.865634,-0.09995066403775027,,,
1776099040.8659422,,1.9646465777304083,,
1776099040.8663826,,,3.318903452444737,-3.318903452444737
1776099040.8690898,,,3.192485731283092,-1.596242865641546
1776099040.8704302,-0.10162473832535873,,,
1776099040.8709953,,1.9612230410059026,,
1776099040.8713899,,,3.40947202616538,-3.40947202616538
1776099040.8738759,,,1.6701426328464044,-1.6701426328464044
1776099040.87547,-0.10395625037140463,,,
1776099040.875837,,1.9884015372279231,,
1776099040.8763804,,,3.270684165673881,-3.270684165673881
1776099040.8788824,,,1.6594781916276855,-1.6594781916276855
1776099040.8802536,-0.10424993734415657,,,
1776099040.8805315,,2.0616902274887297,,
1776099040.8813705,,,3.2808532163738433,-1.6404266081869217
1776099040.8838997,,,1.6515422429808326,-3.3030844859616653
1776099040.8852608,-0.1026969951974129,,,
1776099040.8858755,,2.081259213222219,,
1776099040.8864262,,,3.2549379003199896,-3.2549379003199896
1776099040.8888993,,,3.374303714680274,-1.687151857340137
1776099040.8903275,-0.10124670810797402,,,
1776099040.8907,,2.063444886191711,,
1776099040.8914237,,,1.6562128808594263,-3.3124257617188526
1776099040.8939211,,,3.335543530799328,-1.667771765399664
1776099040.895685,-0.10106443433593806,,,
1776099040.8959048,,2.095372121946921,,
1776099040.8963966,,,3.297713131533809,-3.297713131533809
1776099040.898895,,,1.6649128426587658,-1.6649128426587658
1776099040.9003665,-0.1002694414608398,,,
1776099040.9008892,,2.105852027803734,,
1776099040.9013984,,,3.27403157035218,-3.27403157035218
1776099040.9039183,,,1.6908849351765527,-1.6908849351765527
1776099040.9054606,-0.10000889103088735,,,
1776099040.9059732,,2.1367466549129124,,
1776099040.9063764,,,3.3054737489583763,-3.3054737489583763
1776099040.90889,,,3.322377574396071,-1.6611887871980355
1776099040.9102404,-0.09890782416351084,,,
1776099040.910764,,2.0846150826205134,,
1776099040.9114585,,,1.6342751224322332,-3.2685502448644663
1776099040.9139407,,,3.381220418155577,-3.381220418155577
1776099040.9153779,-0.09906303753688284,,,
1776099040.9157267,,2.0666688318521604,,
1776099040.9163685,,,1.677013106050743,-1.677013106050743
1776099040.918884,,,3.295466233003077,-3.295466233003077
1776099040.9202828,-0.09783918274955265,,,
1776099040.920636,,2.0817613811437248,,
1776099040.9213877,,,3.2883253360705145,-1.6441626680352572
1776099040.9239082,,,1.663993928822342,-3.327987857644684
1776099040.9253097,-0.09560232648952842,,,
1776099040.9256322,,2.044884892499644,,
1776099040.926375,,,3.3131640560124773,-1.6565820280062387
1776099040.9288754,,,1.6549733806777758,-3.3099467613555515
1776099040.9303184,-0.09308166167091396,,,
1776099040.930655,,1.9406462203852004,,
1776099040.9313667,,,3.2741359826121896,-1.6370679913060948
1776099040.9338791,,,1.6500218554010697,-3.3000437108021394
1776099040.9356802,-0.09281374778077757,,,
1776099040.9358706,,1.929159310691039,,
1776099040.936425,,,3.208399320398892,-1.604199660199446
1776099040.938919,,,1.6777848572235574,-1.6777848572235574
1776099040.9405658,-0.09332449280481218,,,
1776099040.941197,,1.9974629830122743,,
1776099040.94144,,,3.263854892023739,-3.263854892023739
1776099040.9439213,,,1.6867830032623097,-1.6867830032623097
1776099040.9452987,-0.09108132006476165,,,
1776099040.9455416,,2.0354692898736895,,
1776099040.9464097,,,1.659702823917057,-3.319405647834114
1776099040.9489145,,,3.3349006652048256,-1.6674503326024128
1776099040.9505548,-0.08886758032445798,,,
1776099040.9512002,,1.9816018538462417,,
1776099040.951625,,,3.294892297414219,-3.294892297414219
1776099040.9539247,,,1.7880265674183549,-3.5760531348367097
1776099040.9553719,-0.08798300497101823,,,
1776099040.9557824,,1.9639103467774468,,
1776099040.9563916,,,3.3203875854177074,-1.6601937927088537
1776099040.959025,,,3.3239709968344804,-3.3239709968344804
1776099040.9604726,-0.08954184272841519,,,
1776099040.9608197,,2.0435832325445547,,
1776099040.9614224,,,1.639947259595975,-1.639947259595975
1776099040.9639053,,,1.6901151850519762,-1.6901151850519762
1776099040.9656825,-0.08796508695219216,,,
1776099040.966591,,,3.1723918180854422,-3.1723918180854422
1776099040.9666343,,2.007385027537482,,
1776099040.9689238,,,3.4940489759209696,-1.7470244879604848
1776099040.9705682,-0.08741027797924752,,,
1776099040.9709888,,2.035858493116757,,
1776099040.9714215,,,1.657876767732034,-3.315753535464068
1776099040.9739356,,,3.3383823232509866,-1.6691911616254933
1776099040.97559,-0.09025498038069446,,,
1776099040.9759293,,2.0927525411456958,,
1776099040.9764175,,,1.6610160640602172,-3.3220321281204344
1776099040.978897,,,3.3627621773631575,-1.6813810886815788
1776099040.980435,-0.0919000942365729,,,
1776099040.9807556,,2.1989319387043165,,
1776099040.9813964,,,3.297505531988294,-3.297505531988294
1776099040.9839113,,,1.6699687671895806,-1.6699687671895806
1776099040.9853702,-0.09034566451393589,,,
1776099040.9857888,,2.2256656538359696,,
1776099040.9863727,,,3.3139839767056642,-3.3139839767056642
1776099040.9888785,,,3.313165481609325,-1.6565827408046625
1776099040.9902654,-0.0878534788412113,,,
1776099040.9906468,,2.223518684232199,,
1776099040.9914136,,,1.611485763251494,-3.222971526502988
1776099040.993896,,,3.363905135037664,-3.363905135037664
1776099040.9955215,-0.08496790068876502,,,
1776099040.9960732,,2.1727351398431543,,
1776099040.9967299,,,3.33193513791922,-3.33193513791922
1776099040.9988995,,,3.319644637461782,-1.659822318730891
1776099041.0003254,-0.07961066840224972,,,
1776099041.0006878,,2.0393439618821443,,
1776099041.0014381,,,3.2851813064038957,-3.2851813064038957
1776099041.0039093,,,1.665540186194159,-3.331080372388318
1776099041.0053496,-0.0745506278359139,,,
1776099041.005867,,1.8864494728624681,,
1776099041.0063984,,,3.2812139209975255,-1.6406069604987628
1776099041.008903,,,1.6580616917614912,-1.6580616917614912
1776099041.010448,-0.06752274532782052,,,
1776099041.0108232,,1.7676084965767667,,
1776099041.0114086,,,1.64186423620149,-1.64186423620149
1776099041.0139182,,,1.6729381385040925,-1.6729381385040925
1776099041.015599,-0.0611379166251095,,,
1776099041.015951,,1.638846073497949,,
1776099041.0164216,,,1.6584716704559082,-1.6584716704559082
1776099041.0189354,,,3.304921855601958,-3.304921855601958
1776099041.0202394,-0.054659355277738554,,,
1776099041.0208075,,1.5092748465505301,,
1776099041.0214016,,,1.6750948476955576,-1.6750948476955576
1776099041.0238903,,,1.6706397985410448,-1.6706397985410448
1776099041.025767,-0.05021729951368512,,,
1776099041.0260158,,1.3702055959853223,,
1776099041.026399,,,1.6315436210882723,-1.6315436210882723
1776099041.0288892,,,1.6665416013819088,-1.6665416013819088
1776099041.0303106,-0.04641920792966592,,,
1776099041.0305285,,1.3051687168070587,,
1776099041.031359,,,1.6416703068219245,-1.6416703068219245
1776099041.033891,,,1.6453072674940687,-1.6453072674940687
1776099041.0352397,-0.04658936846420183,,,
1776099041.035571,,1.3516055818658856,,
1776099041.036376,,,1.64394152037236,0.0
1776099041.038903,,,1.6474327546181917,-1.6474327546181917
1776099041.040282,-0.04808063282769101,,,
1776099041.0406718,,1.3465243135801137,,
1776099041.0414758,,,0.0,-1.6364486931738358
1776099041.0440087,,,3.330120905482684,-1.665060452741342
1776099041.0457823,-0.05116000439841332,,,
1776099041.04639,,,1.7183042136068878,-3.4366084272137756
1776099041.0470128,,1.4049141979207684,,
1776099041.048903,,,1.6452812521519231,-1.6452812521519231
1776099041.050522,-0.05056740119448296,,,
1776099041.0508296,,1.2659596376589553,,
1776099041.0513895,,,1.6506635024267142,-1.6506635024267142
1776099041.0538986,,,1.6568201367969901,-1.6568201367969901
1776099041.0554159,-0.05129629984761314,,,
1776099041.0557044,,1.1562329682279202,,
1776099041.056399,,,1.6418901435946418,0.0
1776099041.0588977,,,0.0,-1.6608297640182197
1776099041.0603948,-0.04796085232875669,,,
1776099041.060703,,0.9680172290467198,,
1776099041.0613842,,,1.6452812521519231,-1.6452812521519231
1776099041.0638855,,,0.0,-1.662836118599049
1776099041.065199,-0.04710024396068347,,,
1776099041.0656004,,0.8588755833137542,,
1776099041.0663662,,,1.6417088090102547,-1.6417088090102547
1776099041.0688963,,,0.0,0.0
1776099041.0703342,-0.047333822276868845,,,
1776099041.0707395,,0.8635471496374617,,
1776099041.07141,,,1.6354706007710267,-1.6354706007710267
1776099041.0739605,,,1.6807424911381104,0.0
1776099041.0754535,-0.049670738728583096,,,
1776099041.0760434,,0.9088199362629257,,
1776099041.0765896,,,0.0,-1.6746496578693078
1776099041.078897,,,0.0,-1.6647400641069825
1776099041.0803347,-0.04822827145381742,,,
1776099041.0807981,,0.785376489834618,,
1776099041.0813992,,,1.6388491688233022,-1.6388491688233022
1776099041.0839036,,,0.0,0.0
1776099041.0853882,-0.045510240972051336,,,
1776099041.0859346,,0.7310158801992964,,
1776099041.0864017,,,0.0,-1.6357673111885307
1776099041.0888846,,,0.0,-1.6645939502401732
1776099041.09027,-0.04182057040733868,,,
1776099041.0907612,,0.7390263815428719,,
1776099041.0913792,,,0.0,-1.64394152037236
1776099041.0939023,,,1.6487259355256343,-1.6487259355256343
1776099041.095288,-0.0400835410707104,,,
1776099041.0957484,,0.5690561998145474,,
1776099041.0963855,,,0.0,0.0
1776099041.0989048,,,1.6532890444122255,0.0
1776099041.1002223,-0.03764441836405365,,,
1776099041.1005657,,0.426479031516866,,
1776099041.1014109,,,1.6450731590282495,-1.6450731590282495
1776099041.1039202,,,0.0,-1.6713382144225393
1776099041.1052592,-0.03565122746393436,,,
1776099041.1056917,,0.642818672802012,,
1776099041.106396,,,0.0,0.0
1776099041.1088989,,,-1.6630760287769393,0.0
1776099041.1102571,-0.03468084361007729,,,
1776099041.1106443,,0.48658262719221584,,
1776099041.1113822,,,0.0,-1.6437856996584923
1776099041.1138914,,,0.0,0.0
1776099041.115352,-0.025905973555762647,,,
1776099041.115613,,0.7308965106691121,,
1776099041.1163907,,,0.0,-1.638990797824111
1776099041.118895,,,0.0,0.0
1776099041.12044,-0.014818677877274365,,,
1776099041.1207654,,0.4262808354369207,,
1776099041.121397,,,0.0,0.0
1776099041.1239367,,,1.6499433639486822,-1.6499433639486822
1776099041.1252935,-0.003622332318955038,,,
1776099041.125634,,0.1060278186725698,,
1776099041.1263862,,,0.0,-1.6713781208084801
1776099041.1290658,,,0.0,-1.6467936163651766
1776099041.1311088,0.007278462933852384,,,
1776099041.131637,,,0.0,0.0
1776099041.1322105,,-0.31423293880088143,,
1776099041.1339915,,,-3.3812753553407098,1.6906376776703549
1776099041.1352828,0.017461754564202025,,,
1776099041.135899,,-0.5178987714078742,,
1776099041.136465,,,-1.695919272707347,0.0
1776099041.1388795,,,-3.382127852832202,1.691063926416101
1776099041.1404016,0.024991628222104996,,,
1776099041.1405845,,-0.7626906521147038,,
1776099041.1413796,,,-1.6390940698656657,1.6390940698656657
1776099041.1438682,,,-1.6532890444122255,0.0
1776099041.1455338,0.03258703191454319,,,
1776099041.145742,,-0.5223662849117289,,
1776099041.1463742,,,0.0,0.0
1776099041.1488998,,,-1.6635812156876808,-1.6635812156876808
1776099041.1502237,0.04030098706934199,,,
1776099041.1506667,,-0.4909211954716574,,
1776099041.1513898,,,-1.6425647236975651,0.0
1776099041.1539283,,,-1.639507288207152,0.0
1776099041.1553762,0.045832898632426754,,,
1776099041.1558843,,-0.5012363872931491,,
1776099041.1566777,,,0.0,-1.6575726966761637
1776099041.1588953,,,-1.6978301419602366,-1.6978301419602366
1776099041.1607063,0.046443177245638116,,,
1776099041.1610506,,-0.6554663420849423,,
1776099041.1613903,,,0.0,0.0
1776099041.1639469,,,-1.6763245379416756,1.6763245379416756
1776099041.1655796,0.04687675879378645,,,
1776099041.165907,,-0.8823705608341683,,
1776099041.1663787,,,-1.6747174047182982,1.6747174047182982
1776099041.1689005,,,-1.6524084445199045,0.0
1776099041.1703901,0.051373317655054304,,,
1776099041.17071,,-0.7346174055743686,,
1776099041.171385,,,-1.6428240555856788,1.6428240555856788
1776099041.1738977,,,-1.6539460249527718,0.0
1776099041.1756961,0.052646877879979924,,,
1776099041.1762035,,-0.6801499332280972,,
1776099041.1764154,,,-1.6179070289240838,1.6179070289240838
1776099041.178903,,,-1.6871666444331161,0.0
1776099041.1802282,0.052715660511780345,,,
1776099041.1805575,,-0.6091810833195765,,
1776099041.181377,,,0.0,1.6453072674940687
1776099041.1838927,,,0.0,0.0
1776099041.1852388,0.053712691707826776,,,
1776099041.185641,,-0.6445765180971632,,
1776099041.1863914,,,0.0,1.6391198899095625
1776099041.188916,,,0.0,0.0
1776099041.1903322,0.0549634719193835,,,
1776099041.1908877,,-0.6589336320823265,,
1776099041.1914427,,,0.0,0.0
1776099041.1939301,,,0.0,0.0
1776099041.195681,0.05178805504089369,,,
1776099041.195982,,-0.6612414717814021,,
1776099041.1965346,,,0.0,0.0
1776099041.1989186,,,0.0,0.0
1776099041.2005243,0.048868745419900134,,,
1776099041.200952,,-0.6777311733394785,,
1776099041.201761,,,0.0,1.467025820536079
1776099041.2039728,,,-1.9137230009350126,0.0
1776099041.2054324,0.04713531444355728,,,
1776099041.2065938,,,-1.6925091264330494,3.385018252866099
1776099041.2066445,,-0.7516459231934527,,
1776099041.2089748,,,-1.68053853578709,1.68053853578709
1776099041.210544,0.04648044136943582,,,
1776099041.2107391,,-0.7693248522962652,,
1776099041.2113848,,,-1.7013452359079726,1.7013452359079726
1776099041.2138898,,,0.0,0.0
1776099041.2151952,0.04435713888095525,,,
1776099041.2155228,,-0.6058849382348811,,
1776099041.216367,,,0.0,0.0
1776099041.21894,,,0.0,1.6515160300937373
1776099041.220476,0.043436310333986254,,,
1776099041.2208226,,-0.5923979190342629,,
1776099041.221398,,,0.0,0.0
1776099041.2239141,,,1.672238385115571,1.672238385115571
1776099041.2254205,0.042640717707720856,,,
1776099041.2257254,,-0.6309775978914824,,
1776099041.2263944,,,0.0,1.6536306091427762
1776099041.2288952,,,0.0,1.663767414556861
1776099041.2302341,0.04266016886393285,,,
1776099041.2308216,,-0.8068320166900225,,
1776099041.231386,,,0.0,1.6415534112432864
1776099041.2338924,,,0.0,1.6537620177756525
1776099041.2354345,0.04164041681860595,,,
1776099041.2356336,,-0.7864369757834846,,
1776099041.2364206,,,-1.6432524829615682,1.6432524829615682
1776099041.2389004,,,0.0,1.6709617370670573
1776099041.2406836,0.04146731804376355,,,
1776099041.241061,,-0.6679965367582228,,
1776099041.2416537,,,0.0,1.5039137997218097
1776099041.2439225,,,0.0,1.8575365055806068
1776099041.2454753,0.04177103425498361,,,
1776099041.2459145,,-0.4680955369792311,,
1776099041.2465854,,,1.6456982998377971,1.6456982998377971
1776099041.2489388,,,0.0,1.7044703507979555
1776099041.250559,0.04431425753789323,,,
1776099041.2508569,,-0.44954658491053645,,
1776099041.251452,,,0.0,1.6588682712633287
1776099041.2539577,,,0.0,1.688399320032522
1776099041.2556467,0.04662933942339293,,,
1776099041.2560334,,-0.5166322786001742,,
1776099041.2572877,,,0.0,1.4046989866790471
1776099041.2588985,,,0.0,0.0
1776099041.2602878,0.04936352488869119,,,
1776099041.260629,,-0.5713159879061394,,
1776099041.2613697,,,0.0,1.6548809019679986
1776099041.2638712,,,0.0,0.0
1776099041.2652037,0.04945867808612534,,,
1776099041.2655911,,-0.5201930628811158,,
1776099041.2663884,,,0.0,1.6351753869635923
1776099041.2688832,,,-1.6609623193743195,0.0
1776099041.27025,0.04842984355377614,,,
1776099041.270555,,-0.4767006182052939,,
1776099041.271373,,,0.0,1.6357666161905886
1776099041.2738967,,,0.0,1.6513453124582773
1776099041.2752714,0.04415572668956292,,,
1776099041.2756908,,-0.2935598640423187,,
1776099041.2763755,,,1.6457630209542802,0.0
1776099041.2788913,,,0.0,0.0
1776099041.280426,0.0397968640825304,,,
1776099041.2808506,,-0.2063826119016684,,
1776099041.2814057,,,0.0,0.0
1776099041.28391,,,0.0,0.0
1776099041.285261,0.03504823640849651,,,
1776099041.2856705,,-0.001760840015562204,,
1776099041.2863922,,,0.0,0.0
1776099041.2888968,,,0.0,0.0
1776099041.2903323,0.0333472711728507,,,
1776099041.2906945,,-0.25045798907703093,,
1776099041.2913914,,,0.0,0.0
1776099041.2939086,,,0.0,-1.6594910669949618
1776099041.2952619,0.02941570474702855,,,
1776099041.2957313,,-0.17182666056058798,,
1776099041.2963963,,,0.0,0.0
1776099041.2989116,,,-1.6585381146617988,0.0
1776099041.300279,0.023779398468953675,,,
1776099041.300644,,-0.6581076868226697,,
1776099041.3013787,,,0.0,0.0
1776099041.3038924,,,0.0,0.0
1776099041.3052263,0.013164934723332387,,,
1776099041.3055735,,-0.7065517295523135,,
1776099041.30639,,,0.0,1.6428114375448208
1776099041.3089066,,,-1.6559094197881543,0.0
1776099041.3103383,0.00597736422270984,,,
1776099041.3105664,,-0.36601794337362004,,
1776099041.31142,,,-1.648386393746404,1.648386393746404
1776099041.3139815,,,-1.666274006907502,1.666274006907502
1776099041.3155243,-0.004743565129727258,,,
1776099041.3160124,,-0.19623178422988224,,
1776099041.3164237,,,-1.688139464922998,1.688139464922998
1776099041.3189473,,,0.0,0.0
1776099041.320377,-0.01611611946667456,,,
1776099041.3209846,,0.37215775925206623,,
1776099041.321399,,,1.6732885984785797,0.0
1776099041.3239193,,,1.661003165018402,-1.661003165018402
1776099041.3260853,-0.02903504860998685,,,
1776099041.326659,,,1.6090416496942346,-1.6090416496942346
1776099041.3267136,,0.7908133891921034,,
1776099041.3289397,,,3.3888261201849152,-3.3888261201849152
1776099041.3302853,-0.04631039011324373,,,
1776099041.3307028,,1.1363202192572408,,
1776099041.3315184,,,1.663048730117018,0.0
1776099041.3339126,,,1.689785082836179,-1.689785082836179
1776099041.3355696,-0.07219166101137392,,,
1776099041.335887,,1.2357331261935514,,
1776099041.3363824,,,0.0,0.0
1776099041.3389175,,,1.656278431657664,-1.656278431657664
1776099041.3403528,-0.08407302101458353,,,
1776099041.340585,,0.9155215930092279,,
1776099041.3414402,,,1.6423566165204704,0.0
1776099041.3439415,,,3.369464975479878,-1.684732487739939
1776099041.3452299,-0.08809751534346305,,,
1776099041.3462174,,0.7022368421822383,,
1776099041.3464115,,,3.3177108111165543,-1.6588554055582772
1776099041.348983,,,1.6639802643092123,-1.6639802643092123
1776099041.3503077,-0.08649950960734522,,,
1776099041.350664,,0.12989127198914363,,
1776099041.35138,,,0.0,0.0
1776099041.353898,,,0.0,1.6565955712811846
1776099041.355434,-0.0793099561710342,,,
1776099041.3560476,,-0.16351835356489697,,
1776099041.3564048,,,-1.6337744022374032,1.6337744022374032
1776099041.3589156,,,-1.6661276236608356,3.332255247321671
1776099041.3603864,-0.07282445224665532,,,
1776099041.360751,,0.02586011968628732,,
1776099041.3613994,,,-1.6546831744824002,1.6546831744824002
1776099041.3639061,,,-1.666314393019479,1.666314393019479
1776099041.3653378,-0.06919560420910713,,,
1776099041.365682,,0.635293303549403,,
1776099041.3663926,,,-1.6461021865428962,0.0
1776099041.3689127,,,0.0,0.0
1776099041.370233,-0.06927169203665043,,,
1776099041.370609,,1.0143920770637973,,
1776099041.3714168,,,0.0,0.0
1776099041.373946,,,0.0,-1.6668222711967602
1776099041.3752575,-0.07094214184216048,,,
1776099041.3756456,,1.472541909475949,,
1776099041.3764057,,,3.338622605753843,-3.338622605753843
1776099041.3789375,,,3.3089980065140527,-4.963497009771079
1776099041.3803256,-0.07068285248748589,,,
1776099041.3807316,,1.56248314782775,,
1776099041.3814259,,,3.34517710388245,-5.017765655823675
1776099041.3839183,,,3.29999138150768,-3.29999138150768
1776099041.385434,-0.0692985854339073,,,
1776099041.385646,,1.2142437126085954,,
1776099041.386373,,,3.325564512138598,-1.662782256069299
1776099041.3888807,,,0.0,-1.6563974338656648
1776099041.3902335,-0.07016224505658712,,,
1776099041.390725,,1.231516905062192,,
1776099041.3913915,,,0.0,0.0
1776099041.3938916,,,-1.6574142813162058,0.0
1776099041.3953729,-0.06676377339516568,,,
1776099041.3957725,,0.3343169306972067,,
1776099041.3963656,,,-1.6428373748390925,0.0
1776099041.3989055,,,0.0,0.0
1776099041.4003181,-0.05929882349641505,,,
1776099041.4006605,,0.6264126600334747,,
1776099041.4014428,,,0.0,-1.6367582836592074
1776099041.4039342,,,-1.681734360737117,0.0
1776099041.405525,-0.05732064657237699,,,
1776099041.4058793,,0.5868491215527136,,
1776099041.406435,,,1.6435513223364624,0.0
1776099041.4089203,,,0.0,0.0
1776099041.4103565,-0.05646001014690819,,,
1776099041.4107883,,0.844891903645543,,
1776099041.41142,,,1.6499299292233685,0.0
1776099041.4139247,,,1.6703846561439497,-1.6703846561439497
1776099041.4155579,-0.054045797506437135,,,
1776099041.4159708,,1.0418861576215332,,
1776099041.4165134,,,3.2873636711840644,-1.6436818355920322
1776099041.4189098,,,3.4223527862245313,-1.7111763931122657
1776099041.4208488,-0.054822551991884086,,,
1776099041.4212763,,1.075940374132847,,
1776099041.4217095,,,1.500982169872751,-3.001964339745502
1776099041.423894,,,3.7763804260241884,-1.8881902130120942
1776099041.4253888,-0.0528497690858462,,,
1776099041.4257665,,0.9532152609654397,,
1776099041.4265242,,,1.5525202100861062,0.0
1776099041.4288862,,,0.0,0.0
1776099041.4301705,-0.04842784011909451,,,
1776099041.4305944,,0.3876760119951218,,
1776099041.4313884,,,-1.649589891408668,0.0
1776099041.4339714,,,0.0,0.0
1776099041.4353096,-0.04551262742687894,,,
1776099041.4356635,,0.4229000100592074,,
1776099041.4363866,,,-1.6948964283347254,-1.6948964283347254
1776099041.4388945,,,0.0,0.0
1776099041.440332,-0.04732112744082212,,,
1776099041.4406507,,0.5935002185653822,,
1776099041.441388,,,-1.6410342321248343,-1.6410342321248343
1776099041.443896,,,0.0,0.0
1776099041.4456038,-0.047961512442117125,,,
1776099041.4459698,,0.7868360971324189,,
1776099041.446392,,,1.634711595661096,-1.634711595661096
1776099041.448893,,,1.6677045793139167,-1.6677045793139167
1776099041.4504085,-0.055251475183491494,,,
1776099041.4509516,,0.9908573549285237,,
1776099041.4514105,,,1.640503497734197,-1.640503497734197
1776099041.453921,,,0.0,-1.6635941548020508
1776099041.4556074,-0.062065978441118254,,,
1776099041.4560523,,0.7572978085458596,,
1776099041.4564073,,,1.6478374932151847,-1.6478374932151847
1776099041.4589603,,,1.663128473454026,-1.663128473454026
1776099041.460345,-0.06964654337086527,,,
1776099041.4606264,,0.5314653213053463,,
1776099041.4614027,,,1.683914560570398,-1.683914560570398
1776099041.4639115,,,0.0,0.0
1776099041.4652317,-0.07288930568602114,,,
1776099041.465776,,0.5963205676084636,,
1776099041.4664125,,,0.0,0.0
1776099041.4688954,,,0.0,0.0
1776099041.4703062,-0.07301713279238656,,,
1776099041.4713778,,0.5824896809825911,,
1776099041.4720466,,,-1.3057064454277538,0.0
1776099041.4739108,,,0.0,0.0
1776099041.4755535,-0.07063930793073596,,,
1776099041.4758406,,0.7041367164043715,,
1776099041.4763896,,,0.0,-1.655975658842998
1776099041.4788954,,,0.0,0.0
1776099041.4809375,-0.06742773107098203,,,
1776099041.4814167,,,1.633171448805019,-1.633171448805019
1776099041.4816132,,0.8566722245867315,,
1776099041.4839458,,,0.0,0.0
1776099041.4852393,-0.06188546294339879,,,
1776099041.4856088,,0.7458268620350668,,
1776099041.4863822,,,1.6653932114455006,-1.6653932114455006
1776099041.4889047,,,0.0,-1.6493934261815002
1776099041.4902515,-0.056248869973390174,,,
1776099041.49065,,1.0164009581056321,,
1776099041.4914038,,,1.6476421502860013,-1.6476421502860013
1776099041.4939733,,,0.0,-1.661003165018402
1776099041.4954062,-0.05411521808387142,,,
1776099041.4955623,,0.9737279203152571,,
1776099041.4963894,,,1.6989135060956058,-1.6989135060956058
1776099041.4989214,,,1.653696666007207,-1.653696666007207
1776099041.5003273,-0.05070273224381754,,,
1776099041.5006957,,0.5576117281112958,,
1776099041.5013828,,,0.0,-1.6442665928800206
1776099041.5038958,,,0.0,-1.6493538561150691
1776099041.505264,-0.0459246280248268,,,
1776099041.5055957,,0.2264970092955182,,
1776099041.5063765,,,0.0,0.0
1776099041.508895,,,-1.6541307837717822,0.0
1776099041.5101852,-0.04308315468183595,,,
1776099041.5107672,,0.16966754243570104,,
1776099041.5113945,,,-1.6367200133225348,0.0
1776099041.5139458,,,0.0,0.0
1776099041.51525,-0.042471940805354234,,,
1776099041.515591,,0.33344158509266586,,
1776099041.5163789,,,0.0,0.0
1776099041.5189035,,,0.0,-1.6519482947540127
1776099041.520251,-0.040150513527328735,,,
1776099041.5206525,,0.5633343991589581,,
1776099041.5214193,,,0.0,-1.6490401892067785
1776099041.5239213,,,1.6679054312363892,-1.6679054312363892
1776099041.525463,-0.039930635635776916,,,
1776099041.525979,,0.7172154214805935,,
1776099041.5264058,,,1.6568465183295316,0.0
1776099041.5289128,,,0.0,-1.6609895495804967
1776099041.5302658,-0.04086034701744439,,,
1776099041.5308936,,0.6930424570019837,,
1776099041.5313826,,,0.0,-1.6504271598150309
1776099041.5339112,,,1.6541307837717822,0.0
1776099041.5353136,-0.040508865474033644,,,
1776099041.5358152,,0.7333098766002658,,
1776099041.5363853,,,0.0,-1.6540519009189851
1776099041.5388925,,,0.0,-1.663914102472385
1776099041.540247,-0.039960395282813074,,,
1776099041.5408347,,0.7314001894849299,,
1776099041.54138,,,0.0,-1.6459065511555961
1776099041.54389,,,-1.6531704884073901,0.0
1776099041.54522,-0.039006847251683456,,,
1776099041.545593,,0.7123292288623375,,
1776099041.5463731,,,0.0,-1.6409048383396885
1776099041.548912,,,0.0,-1.6332220243440105
1776099041.5504386,-0.03646362659691217,,,
1776099041.5508888,,0.8049547407032985,,
1776099041.5514011,,,0.0,-1.658617426006273
1776099041.5539372,,,1.6643536019528071,-3.3287072039056143
1776099041.5559428,-0.0316220293564706,,,
1776099041.5564406,,0.33867287774349175,,
1776099041.556517,,,0.0,-1.654802658824183
1776099041.5589063,,,0.0,-1.6388742835108454
1776099041.5604,-0.02684535230450679,,,
1776099041.5606203,,-0.496559886366183,,
1776099041.561444,,,1.6458284507352983,-1.6458284507352983
1776099041.5638967,,,0.0,0.0
1776099041.565251,-0.023308073362864334,,,
1776099041.5656092,,-0.7921996093890236,,
1776099041.5663989,,,-1.6399346857078763,1.6399346857078763
1776099041.5694308,,,-3.2980012721742367,1.6490006360871183
1776099041.5710208,-0.020612877925210257,,,
1776099041.571565,,,0.0,0.0
1776099041.5718489,,-0.7186013285746753,,
1776099041.573907,,,-3.3842461041252676,3.3842461041252676
1776099041.575419,-0.02226607228838536,,,
1776099041.5759306,,-0.3691135121339044,,
1776099041.5764525,,,-1.649052903112496,1.649052903112496
1776099041.578895,,,-1.7102330655727827,3.4204661311455653
1776099041.580203,-0.028041916250922342,,,
1776099041.5805156,,0.4462664828929168,,
1776099041.5813851,,,-1.641514216452902,0.0
1776099041.5839345,,,0.0,0.0
1776099041.585299,-0.03286059945969734,,,
1776099041.5858912,,0.8408114116994598,,
1776099041.586395,,,3.33396498035166,-1.66698249017583
1776099041.588906,,,1.707887245855827,-3.415774491711654
1776099041.5903592,-0.032612817937893036,,,
1776099041.5909398,,1.1055155844864442,,
1776099041.5913994,,,4.925279744112403,-3.283519829408269
1776099041.5939035,,,3.3129801643054413,-3.3129801643054413
1776099041.595252,-0.024942002577634063,,,
1776099041.595656,,0.6328774944144285,,
1776099041.5964065,,,1.6393913985322244,-1.6393913985322244
1776099041.5988955,,,0.0,-1.6713382144225393
1776099041.6002924,-0.00887180818468096,,,
1776099041.6004436,,-0.17042338369060467,,
1776099041.6014097,,,0.0,1.6425521096400788
1776099041.6038866,,,-1.672911242041931,1.672911242041931
1776099041.6053555,0.009080864676627616,,,
1776099041.6057649,,-0.9832620631389983,,
1776099041.606363,,,-1.640555227485242,1.640555227485242
1776099041.6088855,,,-3.3148014493029976,3.3148014493029976
1776099041.6108742,0.023312769373824857,,,
1776099041.6112924,,-1.0641897622568195,,
1776099041.6113412,,,-1.631274705457813,1.631274705457813
1776099041.6139216,,,-1.6454380597864509,1.6454380597864509
1776099041.6158042,0.04079207486792751,,,
1776099041.6161594,,-0.9011024913076597,,
1776099041.6165884,,,-1.6348018338280381,1.6348018338280381
1776099041.6188815,,,-1.7449412383946485,1.7449412383946485
1776099041.6202168,0.05383531353975708,,,
1776099041.6205282,,-0.8215617325135471,,
1776099041.6213603,,,0.0,1.6386803622891368
1776099041.623877,,,0.0,1.6513849781386127
1776099041.6252084,0.060173305475260216,,,
1776099041.6255176,,-0.7227612713932451,,
1776099041.6263642,,,0.0,0.0
1776099041.6288857,,,-1.6449824862635145,0.0
1776099041.6302736,0.06707417546455623,,,
1776099041.6305907,,-0.7230176847499882,,
1776099041.6315978,,,-1.6450865147761453,0.0
1776099041.633959,,,0.0,-1.7304754530592603
1776099041.6353579,0.07684927627998278,,,
1776099041.6357982,,-1.0457554283697998,,
1776099041.6363828,,,-1.6782324473101067,0.0
1776099041.6389086,,,-1.6509261060695692,0.0
1776099041.640302,0.08064152620418441,,,
1776099041.6407835,,-1.3070581571337305,,
1776099041.6413982,,,-3.2873103398176426,1.6436551699088213
1776099041.6438978,,,-3.3447992941130815,1.6723996470565408
1776099041.6456378,0.08139666298243238,,,
1776099041.646084,,-1.1341717709853736,,
1776099041.6463656,,,-3.295700377164609,3.295700377164609
1776099041.648875,,,-3.3093677712953458,1.6546838856476729
1776099041.6502259,0.08173443287227454,,,
1776099041.6506662,,-0.6439750610638115,,
1776099041.6513462,,,-3.2823021075413807,1.6411510537706904
1776099041.653958,,,0.0,0.0
1776099041.655231,0.08099264145860724,,,
1776099041.6556091,,-0.6291392327904655,,
1776099041.6563902,,,0.0,-3.293508341882686
1776099041.658901,,,0.0,-1.6622639178770098
1776099041.6602395,0.07798976963316716,,,
1776099041.6607084,,-0.09877591417818654,,
1776099041.66144,,,0.0,-1.6428373748390925
1776099041.6638935,,,0.0,0.0
1776099041.665224,0.07581712689949005,,,
1776099041.6656423,,-0.30992774525528044,,
1776099041.666386,,,-1.648242430732087,0.0
1776099041.6688967,,,0.0,0.0
1776099041.6707323,0.07827861328284465,,,
1776099041.671161,,-0.7431295840334834,,
1776099041.6718304,,,0.0,-1.6400897771379441
1776099041.673912,,,-1.9344679292324352,0.0
1776099041.675231,0.08658948434291328,,,
1776099041.6755576,,-1.2955840455232357,,
1776099041.6763744,,,0.0,1.6563582396332246
1776099041.6788805,,,-1.6536441042022618,0.0
1776099041.6802242,0.1000450790440653,,,
1776099041.6805577,,-1.7949193288592533,,
1776099041.6814673,,,-3.2266491436136144,1.6133245718068072
1776099041.6838896,,,-3.370366110552771,3.370366110552771
1776099041.6855705,0.1165080288311463,,,
1776099041.685903,,-2.2439531087399747,,
1776099041.6864743,,,-4.730506966684477,4.730506966684477
1776099041.6889257,,,-3.390649655031598,3.390649655031598
1776099041.6903281,0.13278131944340232,,,
1776099041.6907651,,-2.5056012106373426,,
1776099041.6915188,,,-1.668213305407515,5.004639916222545
1776099041.6939006,,,-5.027351593760021,3.351567729173347
1776099041.695407,0.14284452425176153,,,
1776099041.6955123,,-1.9874172152014733,,
1776099041.6963716,,,-4.958604423301359,4.958604423301359
1776099041.698922,,,-3.2575914773503927,3.2575914773503927
1776099041.7002165,0.14917994391399603,,,
1776099041.700866,,-1.2730374969109641,,
1776099041.7013836,,,-3.322376140860601,1.6611880704303006
1776099041.7039526,,,-1.6526056287059967,0.0
1776099041.7055366,0.14509416496734753,,,
1776099041.7058444,,-0.4482919167057293,,
1776099041.7063909,,,0.0,0.0
1776099041.7089007,,,0.0,-1.6713911814941411
1776099041.7103193,0.13463661540794256,,,
1776099041.7106345,,-0.3193460646185633,,
1776099041.7113736,,,1.647890391868743,-3.295780783737486
1776099041.7138762,,,0.0,-1.6581680953221591
1776099041.7152956,0.11615147832056513,,,
1776099041.7156138,,-0.4300747707081647,,
1776099041.7163804,,,1.6321197721545233,-1.6321197721545233
1776099041.7189014,,,-1.653301823918947,0.0
1776099041.7203317,0.10219818200928904,,,
1776099041.7208104,,-0.7313636383757725,,
1776099041.7213879,,,-1.6491051734513094,1.6491051734513094
1776099041.723904,,,-1.6552238364590819,0.0
1776099041.725249,0.08947801259869448,,,
1776099041.7256167,,-0.8809170304861882,,
1776099041.7263772,,,-1.7013738063158903,1.7013738063158903
1776099041.7289188,,,-1.6579424503080935,1.6579424503080935
1776099041.7303436,0.08854326029071174,,,
1776099041.7305868,,-0.9608130191017669,,
1776099041.7313929,,,-3.320997652519924,1.660498826259962
1776099041.7339177,,,-1.667677850871024,1.667677850871024
1776099041.7354174,0.0942295057375914,,,
1776099041.7357616,,-0.9940663266822775,,
1776099041.7363894,,,-1.6442532504419378,1.6442532504419378
1776099041.7388966,,,-1.6562128808594263,0.0
1776099041.7405274,0.10076312249668848,,,
1776099041.741069,,-0.9260910499049317,,
1776099041.741407,,,-1.638280806095462,0.0
1776099041.7439046,,,-1.666020196166081,0.0
1776099041.7453012,0.10191244409414563,,,
1776099041.7460327,,-0.9490774818540748,,
1776099041.7467737,,,-1.4771154740032753,1.4771154740032753
1776099041.7489119,,,-1.9789540115828488,1.9789540115828488
1776099041.7502496,0.09926763099788236,,,
1776099041.750693,,-1.0136910748906414,,
1776099041.7513843,,,0.0,0.0
1776099041.7539032,,,-1.6569121192954868,1.6569121192954868
1776099041.755541,0.09707285916535817,,,
1776099041.7564557,,,0.0,0.0
1776099041.7571442,,-0.9697956382401576,,
1776099041.758921,,,-1.6807424911381104,0.0
1776099041.7603211,0.09569019828593121,,,
1776099041.7607129,,-0.8303615041969958,,
1776099041.7614064,,,-1.662410340785722,1.662410340785722
1776099041.7639232,,,-1.6683600553888804,0.0
1776099041.7652445,0.09479971219999678,,,
1776099041.7656765,,-1.0782146518591385,,
1776099041.7663922,,,-1.6659271996574836,1.6659271996574836
1776099041.7689564,,,-3.312529787135331,1.6562648935676656
1776099041.7703245,0.09486432939067888,,,
1776099041.770788,,-1.1153461691248585,,
1776099041.7713962,,,-1.6488826942991899,1.6488826942991899
1776099041.7739453,,,0.0,0.0
1776099041.7752335,0.09566323425904369,,,
1776099041.7755709,,-1.0122156379934268,,
1776099041.776393,,,-1.6878101339503162,0.0
1776099041.7788994,,,-1.6539204462154264,1.6539204462154264
1776099041.7802923,0.09462932353362384,,,
1776099041.7805552,,-1.028175983705556,,
1776099041.7813845,,,-3.290641254087065,0.0
1776099041.7838938,,,-1.6573750389475932,1.6573750389475932
1776099041.7851822,0.08872432170616291,,,
1776099041.7857347,,-0.8765017028815282,,
1776099041.7863784,,,-1.6490917523724675,1.6490917523724675
1776099041.788941,,,-1.6234919377968844,0.0
1776099041.79054,0.0821230326368679,,,
1776099041.790935,,-0.5756720822250598,,
1776099041.7914038,,,-1.6698478070265854,1.6698478070265854
1776099041.7939222,,,0.0,0.0
1776099041.795472,0.07877000665463862,,,
1776099041.7958748,,-0.3669868734371322,,
1776099041.7964435,,,-1.6394563226571197,0.0
1776099041.798929,,,0.0,0.0
1776099041.800365,0.07661128740811968,,,
1776099041.800714,,-0.3374020635703665,,
1776099041.8014476,,,0.0,-1.645554805953439
1776099041.8039303,,,-1.6955876463486346,-1.6955876463486346
1776099041.805359,0.07863183490487032,,,
1776099041.8057146,,-0.606304398153386,,
1776099041.8063858,,,0.0,0.0
1776099041.8088946,,,-1.658180950368134,1.658180950368134
1776099041.8103209,0.08091249598631073,,,
1776099041.810846,,-0.6471212991715074,,
1776099041.8113906,,,-1.641540112801043,0.0
1776099041.8138933,,,-1.6597822466961774,1.6597822466961774
1776099041.815299,0.0821491353794675,,,
1776099041.8156598,,-0.5499476048463476,,
1776099041.8163815,,,-1.646363340758971,0.0
1776099041.8188999,,,0.0,0.0
1776099041.8205025,0.0805664580609873,,,
1776099041.8208685,,-0.37440444015613283,,
1776099041.821403,,,-1.644539106879167,0.0
1776099041.8239188,,,-1.6743801816678008,-1.6743801816678008
1776099041.825461,0.07743657146685413,,,
1776099041.8257763,,-0.4620914207416629,,
1776099041.82638,,,0.0,0.0
1776099041.828892,,,0.0,-1.6608569898782475
1776099041.8302703,0.07486957773009258,,,
1776099041.8307886,,-0.7702091295518091,,
1776099041.8313785,,,0.0,0.0
1776099041.8339007,,,-1.6546440613337845,1.6546440613337845
1776099041.8353407,0.07240547293675174,,,
1776099041.835729,,-1.1575254403855864,,
1776099041.8364222,,,-1.6401030520915594,1.6401030520915594
1776099041.838924,,,-3.336882063896762,3.336882063896762
1776099041.8408623,0.07510308592795628,,,
1776099041.8412719,,-1.0269525878263013,,
1776099041.841344,,,-1.6400639265291788,1.6400639265291788
1776099041.8439329,,,-3.2848968028023577,1.6424484014011789
1776099041.845304,0.0783929750057381,,,
1776099041.8458354,,-0.8903722858365603,,
1776099041.8463957,,,-1.6609365231604483,1.6609365231604483
1776099041.8488934,,,0.0,1.6642737410909367
1776099041.8502288,0.08553477631865594,,,
1776099041.8508365,,-0.4195457361831274,,
1776099041.8514552,,,0.0,0.0
1776099041.8539193,,,0.0,0.0
1776099041.8554146,0.09081949260700858,,,
1776099041.8556762,,-0.5252400619501805,,
1776099041.8563921,,,1.6532890444122255,0.0
1776099041.8588934,,,1.6530122036045394,0.0
1776099041.8602452,0.09841262786473123,,,
1776099041.860661,,-0.6684427437797817,,
1776099041.8613837,,,0.0,1.6437983326699932
1776099041.8638875,,,0.0,1.6564102614718774
1776099041.865306,0.10615946339195875,,,
1776099041.865697,,-1.241325503094476,,
1776099041.8663864,,,-1.6368744972857723,3.2737489945715446
1776099041.8689022,,,-1.652684373668421,3.305368747336842
1776099041.8704052,0.11330915457097579,,,
1776099041.8708684,,-1.2105859356654871,,
1776099041.8714054,,,-1.6435772829993114,3.2871545659986228
1776099041.8738995,,,-1.6675846692164358,3.3351693384328716
1776099041.8759298,0.11637541746411637,,,
1776099041.8763623,,-1.2719111935282987,,
1776099041.8764157,,,-1.641514216452902,1.641514216452902
1776099041.878928,,,0.0,1.6243029166236493
1776099041.8806934,0.11426122475560559,,,
1776099041.8812628,,-0.5087137053462087,,
1776099041.8819017,,,-1.6583002261317241,3.3166004522634482
1776099041.8839073,,,0.0,1.666501204255712
1776099041.8853688,0.10653216306551244,,,
1776099041.8856454,,-0.35413247154434613,,
1776099041.8864229,,,1.654406577553902,0.0
1776099041.8888888,,,1.6902116437505603,0.0
1776099041.8901803,0.10233485499643878,,,
1776099041.8904433,,0.09060358466325136,,
1776099041.8913636,,,1.6413588555207552,0.0
1776099041.8938782,,,0.0,0.0
1776099041.8952153,0.0947130129578343,,,
1776099041.8957615,,-0.18023486845778902,,
1776099041.8964045,,,0.0,0.0
1776099041.8989239,,,1.655065869723994,1.655065869723994
1776099041.9007936,0.08995837843090684,,,
1776099041.9011257,,-0.4378049739328105,,
1776099041.9014428,,,-1.6499037674914092,1.6499037674914092
1776099041.903898,,,-1.6682798095893197,1.6682798095893197
1776099041.9052353,0.0836785862473886,,,
1776099041.9057786,,-0.3122091302624457,,
1776099041.9063947,,,0.0,1.6442665928800206
1776099041.9089122,,,-1.6543674774803512,0.0
1776099041.9102619,0.08047290035714322,,,
1776099041.910658,,-0.445810406520303,,
1776099041.9114025,,,0.0,0.0
1776099041.9139116,,,0.0,1.668708599683785
1776099041.9153905,0.06916537471922841,,,
1776099041.9159026,,-0.14265230173486532,,
1776099041.9166262,,,0.0,0.0
1776099041.918931,,,1.7446921515331313,1.7446921515331313
1776099041.9206142,0.06062341962017279,,,
1776099041.9210029,,0.08294479388492415,,
1776099041.9214003,,,0.0,0.0
1776099041.9238987,,,1.6727099095117708,1.6727099095117708
1776099041.9252474,0.046961282028405694,,,
1776099041.9256709,,0.27664856225970613,,
1776099041.9263783,,,0.0,0.0
1776099041.92888,,,0.0,-1.6512929000175591
1776099041.9302685,0.03819347744720871,,,
1776099041.9305904,,0.28653159281494345,,
1776099041.9313629,,,1.639468889210744,0.0
1776099041.9338746,,,0.0,-1.6521460781137318
1776099041.9352663,0.03715788136143158,,,
1776099041.9355469,,0.005608240569502265,,
1776099041.9363604,,,0.0,0.0
1776099041.9389012,,,-1.6441366888766917,0.0
1776099041.9402776,0.035411719277748714,,,
1776099041.9406967,,-0.05672724125132733,,
1776099041.9414105,,,0.0,1.647523697713118
1776099041.9439142,,,-1.6759049567758963,0.0
1776099041.945558,0.03390495792009938,,,
1776099041.9459472,,0.0933160011688351,,
1776099041.9463956,,,0.0,0.0
1776099041.9489005,,,-1.6599947936783916,0.0
1776099041.95029,0.03341425691876026,,,
1776099041.9505985,,0.45565958608111334,,
1776099041.951387,,,0.0,0.0
1776099041.953901,,,1.6516471028507687,-1.6516471028507687
1776099041.9552684,0.03079958969952612,,,
1776099041.9555671,,0.534998849464948,,
1776099041.9563835,,,1.651502569745337,-1.651502569745337
1776099041.9589093,,,0.0,0.0
1776099041.9602792,0.023431595663182328,,,
1776099041.9605923,,0.6823587301918239,,
1776099041.9613945,,,1.6425647236975651,0.0
1776099041.9638932,,,0.0,-1.6671030355652836
1776099041.9654186,0.014148143355845376,,,
1776099041.9658408,,0.6685807776108277,,
1776099041.9664671,,,0.0,0.0
1776099041.9689317,,,1.651319105822029,-1.651319105822029
1776099041.9703083,0.007531629980176017,,,
1776099041.971686,,,1.6466759900609054,-1.6466759900609054
1776099041.9722555,,0.8009110451242148,,
1776099041.9739642,,,0.0,0.0
1776099041.9758782,0.0024671652029301474,,,
1776099041.9762037,,0.4045820773103538,,
1776099041.9764085,,,1.680932551645415,-1.680932551645415
1776099041.978917,,,0.0,0.0
1776099041.9804053,-0.0010022924194923336,,,
1776099041.9808228,,0.39563132645091537,,
1776099041.9813762,,,0.0,0.0
1776099041.983885,,,0.0,0.0
1776099041.9853837,-0.00882674149112171,,,
1776099041.9857895,,0.5521203078835029,,
1776099041.9863746,,,0.0,0.0
1776099041.98896,,,-1.6336205028503752,0.0
1776099041.990242,-0.013684051398847446,,,
1776099041.990926,,0.8135404869540481,,
1776099041.9914184,,,0.0,0.0
1776099041.9938927,,,0.0,-1.6807549648341455
1776099041.995672,-0.019877698418275087,,,
1776099041.9960933,,1.6061004591492165,,
1776099041.9964318,,,3.264802849883496,-3.264802849883496
1776099041.998963,,,1.6423313949913592,-3.2846627899827183
1776099042.0006838,-0.02964349231649499,,,
1776099042.0010288,,1.9064024660364307,,
1776099042.00145,,,1.6678519623307022,-1.6678519623307022
1776099042.003928,,,1.7049315390745152,-3.4098630781490304
1776099042.0055277,-0.03258738963936657,,,
1776099042.005971,,1.828318812833133,,
1776099042.006473,,,3.3206524931262607,-3.3206524931262607
1776099042.0088882,,,5.029499188873806,-3.3529994592492036
1776099042.0102577,-0.033418119359893826,,,
1776099042.0107455,,1.844933407243678,,
1776099042.0113752,,,1.6454120403080388,-4.936236120924116
1776099042.0139034,,,1.6512539469804426,-1.6512539469804426
1776099042.0153158,-0.03722872385402358,,,
1776099042.0157382,,0.8506333830465446,,
1776099042.0163748,,,1.6461282278531082,-1.6461282278531082
1776099042.0188987,,,0.0,-1.6533153136125993
1776099042.0205183,-0.04599603265617083,,,
1776099042.0208428,,1.0203838517103547,,
1776099042.021469,,,0.0,0.0
1776099042.023977,,,-1.6826457678911875,0.0
1776099042.025699,-0.05591125238142163,,,
1776099042.0260394,,1.251063410337508,,
1776099042.026418,,,-1.6700622154803717,0.0
1776099042.028911,,,0.0,-1.6927293941847477
1776099042.0302644,-0.07158444203438125,,,
1776099042.0306756,,2.281310672438261,,
1776099042.031424,,,1.6521191370924408,-1.6521191370924408
1776099042.0339632,,,1.680103645311989,-1.680103645311989
1776099042.0357668,-0.08889504301638401,,,
1776099042.03642,,2.965929757387901,,
1776099042.0364723,,,5.0145392732125575,-5.0145392732125575
1776099042.0389483,,,3.2073355288501073,-3.2073355288501073
1776099042.0406983,-0.1055280233876589,,,
1776099042.041225,,3.415033370750633,,
1776099042.0416112,,,4.800301915137091,-4.800301915137091
1776099042.043923,,,3.4953686173894134,-3.4953686173894134
1776099042.0453835,-0.1257615247297725,,,
1776099042.0457714,,2.8259324132841694,,
1776099042.0464065,,,4.986554925153566,-4.986554925153566
1776099042.0489278,,,6.573843269000028,-3.286921634500014
1776099042.0503438,-0.13345699291422888,,,
1776099042.0508704,,2.9798417769732968,,
1776099042.0514255,,,3.3297464888126984,-3.3297464888126984
1776099042.0538847,,,1.69096737041792,-3.38193474083584
1776099042.0554318,-0.1533520328391022,,,
1776099042.0558238,,1.2467106819169045,,
1776099042.056376,,,3.291057565565375,-1.6455287827826874
1776099042.058905,,,1.6515422429808326,-1.6515422429808326
1776099042.060524,-0.1738461728999499,,,
1776099042.0609114,,2.3749757257123143,,
1776099042.061417,,,1.6388233573076383,-1.6388233573076383
1776099042.063914,,,1.6750817290631688,0.0
1776099042.0655406,-0.1880948027732971,,,
1776099042.065943,,2.5945318392946106,,
1776099042.0663936,,,0.0,0.0
1776099042.0689027,,,1.662304109832469,-1.662304109832469
1776099042.0709124,-0.19898210738975028,,,
1776099042.0715652,,3.376378527891698,,
1776099042.071633,,,3.291032246318767,-1.6455161231593836
1776099042.073907,,,5.017724237724508,-3.3451494918163385
1776099042.075364,-0.21525715917580154,,,
1776099042.0760658,,4.312744285834945,,
1776099042.0770028,,,5.35603149509301,-5.35603149509301
1776099042.0788996,,,6.516320605852813,-6.516320605852813
1776099042.0807111,-0.22835303320385852,,,
1776099042.0810738,,5.013391871145873,,
1776099042.081578,,,3.235361304953975,-4.853041957430963
1776099042.0839782,,,8.56321237834759,-8.56321237834759
1776099042.0853853,-0.24102087454187815,,,
1776099042.0857985,,4.681464352274374,,
1776099042.0863876,,,6.780305079649975,-3.3901525398249874
1776099042.0888813,,,6.650281722545976,-4.9877112919094815
1776099042.0904272,-0.24863026408023203,,,
1776099042.0905354,,3.780593306739501,,
1776099042.0914195,,,3.2913445442567895,-3.2913445442567895
1776099042.0939274,,,6.640405781997438,-6.640405781997438
1776099042.0952344,-0.2543868566191141,,,
1776099042.095814,,2.6818563496291015,,
1776099042.096393,,,4.997621572526805,-4.997621572526805
1776099042.098917,,,4.999544730612036,-4.999544730612036
1776099042.1004314,-0.26360677009296457,,,
1776099042.100759,,2.3435889036693,,
1776099042.1014235,,,4.896361392171018,-3.264240928114012
1776099042.1039004,,,1.681707180693258,0.0
1776099042.1054516,-0.2704916025364967,,,
1776099042.1058156,,2.5802762806993997,,
1776099042.1064105,,,0.0,-1.6400380767352996
1776099042.108875,,,1.675864833931295,0.0
1776099042.1102946,-0.2801278186308965,,,
1776099042.1106749,,3.5714547531387097,,
1776099042.111391,,,1.6372357695470792,-1.6372357695470792
1776099042.1139135,,,3.2898342474527538,-3.2898342474527538
1776099042.1152282,-0.30546896963318687,,,
1776099042.1156936,,4.078277773184518,,
1776099042.1164687,,,4.986873572333047,-3.3245823815553646
1776099042.1189392,,,6.5982521347522285,-4.948689101064171
1776099042.1203074,-0.3211023421170843,,,
1776099042.1206853,,5.6361233458480475,,
1776099042.1213968,,,4.910583823632575,-4.910583823632575
1776099042.1239657,,,8.330436233008104,-6.664348986406483
1776099042.1256177,-0.3342945241064636,,,
1776099042.1261246,,6.200269948315871,,
1776099042.1267571,,,7.323038209068345,-7.323038209068345
1776099042.1289504,,,7.831505627204986,-7.831505627204986
1776099042.1306312,-0.350513101668763,,,
1776099042.130996,,6.567808385058042,,
1776099042.132026,,,4.706411960801013,-4.706411960801013
1776099042.1341126,,,0.0,-6.506057544878769
1776099042.1355739,-0.35335082035945337,,,
1776099042.136056,,6.624562758871849,,
1776099042.1367424,,,5.188793264922261,-8.647988774870434
1776099042.1391807,,,6.728133596863874,-10.09220039529581
1776099042.1405985,-0.3467772923054355,,,
1776099042.141243,,4.472775371667659,,
1776099042.1414175,,,7.272130594844305,-9.09016324355538
1776099042.143949,,,9.792565033050323,-9.792565033050323
1776099042.1453362,-0.3521499875845102,,,
1776099042.1456227,,3.214876676740247,,
1776099042.1463897,,,4.972163645100086,-4.972163645100086
1776099042.1488993,,,6.649853845416381,-4.987390384062286
1776099042.1503468,-0.3576573761486723,,,
1776099042.1505382,,2.8100861380150075,,
1776099042.15143,,,1.6265393533357633,-4.8796180600072905
1776099042.1539092,,,3.3890468694332867,-1.6945234347166434
1776099042.1552775,-0.3706086502122826,,,
1776099042.1556118,,3.069111619287213,,
1776099042.156384,,,1.6581416716869208,-1.6581416716869208
1776099042.1589003,,,1.6518441053639792,0.0
1776099042.1602554,-0.39119023544087733,,,
1776099042.160772,,3.992084393409574,,
1776099042.1613955,,,1.6488438548884474,-1.6488438548884474
1776099042.163914,,,3.3358368754095955,-1.6679184377047978
1776099042.165274,-0.4166224271645515,,,
1776099042.1656766,,5.08547964900265,,
1776099042.1663973,,,4.977280360233048,-3.318186906822032
1776099042.1689098,,,4.993939472090974,-3.329292981393982
1776099042.170469,-0.43839365028433636,,,
1776099042.1707819,,5.520904111398348,,
1776099042.1715803,,,6.452246511959802,-4.839184883969852
1776099042.174039,,,6.939290468985849,-6.939290468985849
1776099042.1753664,-0.4676113122664629,,,
1776099042.1757889,,7.222800053330955,,
1776099042.1764014,,,4.964879591741216,-6.6198394556549545
1776099042.179026,,,7.969038933118311,-7.969038933118311
1776099042.1805162,-0.4730078986514326,,,
1776099042.1812184,,7.817158629630858,,
1776099042.1814706,,,5.105249466397679,-6.806999288530238
1776099042.183956,,,6.826779226307191,-6.826779226307191
1776099042.1855228,-0.4805564205950461,,,
1776099042.1859987,,7.665960870029844,,
1776099042.1864448,,,5.040594694001812,-8.400991156669685
1776099042.1888947,,,5.379301701678402,-10.758603403356805
1776099042.19096,-0.4774038617819753,,,
1776099042.1910794,,7.349637319298539,,
1776099042.191753,,,8.224132340804939,-6.5793058726439515
1776099042.1939468,,,7.819651344193284,-9.774564180241605
1776099042.1956477,-0.4671149318592394,,,
1776099042.1957202,,6.794260240775968,,
1776099042.19657,,,1.6647263873368137,-3.3294527746736273
1776099042.1990836,,,11.572193418851734,-11.572193418851734
1776099042.2011914,-0.45041653702882367,,,
1776099042.201764,,5.823181089714726,,
1776099042.201813,,,7.605893628370585,-7.605893628370585
1776099042.2041643,,,7.445913476465595,-3.7229567382327975
1776099042.2058606,-0.4321952875188207,,,
1776099042.2064779,,4.656438246249188,,
1776099042.2067003,,,3.4306262740455713,-10.291878822136715
1776099042.2089226,,,9.935772754212818,-6.623848502808545
1776099042.2107239,-0.4157267253907219,,,
1776099042.2110891,,3.9714731228559987,,
1776099042.2116883,,,9.704876892861698,-8.08739741071808
1776099042.2138884,,,9.07128104590563,-5.442768627543379
1776099042.2153735,-0.4093983930424688,,,
1776099042.2159014,,3.8449064758909373,,
1776099042.2163758,,,8.236642145851155,-3.2946568583404625
1776099042.2188866,,,4.978790816103624,-4.978790816103624
1776099042.220221,-0.42499808812887935,,,
1776099042.2207263,,4.156900377619149,,
1776099042.221384,,,3.275321180376798,-3.275321180376798
1776099042.2238913,,,3.3105786179778227,-3.3105786179778227
1776099042.225275,-0.455024186011247,,,
1776099042.2256074,,4.757422335266501,,
1776099042.2263722,,,3.28720789231076,-3.28720789231076
1776099042.2289152,,,4.949789787670106,-3.299859858446737
1776099042.2305446,-0.4816968270123798,,,
1776099042.2309427,,5.290875155289157,,
1776099042.2314382,,,-1.634866394937435,-4.904599184812305
1776099042.2339594,,,6.5988289099866115,-4.9491216824899595
1776099042.2355156,-0.5096440694306273,,,
1776099042.2359412,,5.8498200036541075,,
1776099042.236511,,,3.2794293477475693,-6.558858695495139
1776099042.238965,,,10.09505837479017,-8.412548645658475
1776099042.2403903,-0.5232169934381469,,,
1776099042.240711,,6.121278483804499,,
1776099042.241443,,,5.075131178407079,-5.075131178407079
1776099042.243954,,,8.375204584271007,-8.375204584271007
1776099042.2455852,-0.5247722405797794,,,
1776099042.2460623,,6.415781366840713,,
1776099042.246762,,,3.151210064504279,-3.151210064504279
1776099042.2489882,,,10.949560509117427,-9.124633757597854
1776099042.2504032,-0.522286650798752,,,
1776099042.250999,,6.603887134833395,,
1776099042.2517524,,,6.706539192831538,-3.353269596415769
1776099042.2539449,,,6.61299714884107,-6.61299714884107
1776099042.2553964,-0.5144026992265225,,,
1776099042.2559702,,6.509226426968109,,
1776099042.2565415,,,11.527096768761117,-6.586912439292066
1776099042.2590292,,,11.629806843477525,-11.629806843477525
1776099042.260799,-0.5095319491016794,,,
1776099042.2611814,,6.037431954581511,,
1776099042.261512,,,6.626855624622786,-6.626855624622786
1776099042.263996,,,9.959092775749504,-6.6393951838330025
1776099042.2654722,-0.4954177701017882,,,
1776099042.2657447,,5.565294017077326,,
1776099042.2663925,,,10.232611690015657,-5.116305845007829
1776099042.268964,,,8.1354360968928,-8.1354360968928
1776099042.270635,-0.46980608521292794,,,
1776099042.2709947,,5.053060319300119,,
1776099042.2714608,,,-3.3733472693306896,-5.060020903996035
1776099042.274033,,,6.375426453381267,-6.375426453381267
1776099042.27541,-0.44309101598554146,,,
1776099042.2758777,,4.518758934752391,,
1776099042.2765102,,,1.7575535074479596,-5.272660522343879
1776099042.278934,,,8.365297734057515,-6.692238187246012
1776099042.280372,-0.4188895826624613,,,
1776099042.2808154,,4.034730268290787,,
1776099042.2813993,,,6.727210728097139,-6.727210728097139
1776099042.2838957,,,5.0070893828099425,-5.0070893828099425
1776099042.2852948,-0.3979230848534458,,,
1776099042.285674,,3.615400312110477,,
1776099042.2863872,,,6.587904304136343,-4.9409282281022575
1776099042.2889547,,,3.337042586517905,0.0
1776099042.2904427,-0.38469058397713424,,,
1776099042.2911205,,3.3507502945842456,,
1776099042.291469,,,5.056861738959201,-3.371241159306134
1776099042.2939324,,,3.3873889703607265,-5.08108345554109
1776099042.2954338,-0.37719781791078105,,,
1776099042.29587,,3.8651853778373346,,
1776099042.296411,,,5.009906301568742,-1.6699687671895806
1776099042.2989461,,,3.324368514847056,-4.986552772270584
1776099042.3002515,-0.3734478547244011,,,
1776099042.300808,,3.7901861141097357,,
1776099042.3014088,,,5.037378441911696,-3.358252294607797
1776099042.3039494,,,4.9415920085834735,-4.9415920085834735
1776099042.3053818,-0.37236123714976355,,,
1776099042.3056664,,5.287821547180174,,
1776099042.3063889,,,3.3543242780212554,-5.031486417031883
1776099042.3089943,,,4.958208494959618,-6.610944659946157
1776099042.310308,-0.3644988738238876,,,
1776099042.3106618,,5.538661225955276,,
1776099042.3114412,,,6.692290535155564,-6.692290535155564
1776099042.3140287,,,8.338855214699214,-6.671084171759372
1776099042.3155825,-0.35254041232967065,,,
1776099042.3161352,,5.119763204298248,,
1776099042.3164227,,,4.989547075249572,-6.652729433666095
1776099042.3189287,,,8.877603844309942,-7.102083075447954
1776099042.320868,-0.3363897920292219,,,
1776099042.321293,,4.608628445447882,,
1776099042.3213954,,,1.685634601896953,-3.371269203793906
1776099042.3240037,,,8.156567063927433,-8.156567063927433
1776099042.3258028,-0.3111693235289878,,,
1776099042.3260736,,3.4251400156467624,,
1776099042.3264358,,,6.665900942835024,-8.332376178543779
1776099042.328887,,,5.093158008473682,-6.790877344631576
1776099042.3303976,-0.2688471365407803,,,
1776099042.330815,,1.5581458348308734,,
1776099042.3313909,,,3.2942650044391764,-3.2942650044391764
1776099042.333895,,,4.99374082761211,-3.3291605517414062
1776099042.3351827,-0.2215825637066913,,,
1776099042.3358583,,0.33280254693620215,,
1776099042.3363736,,,1.649092458739592,-1.649092458739592
1776099042.3388815,,,0.0,-1.649275428201688
1776099042.3402498,-0.1790682239347688,,,
1776099042.34079,,-0.4903050983750221,,
1776099042.3413854,,,0.0,0.0
1776099042.3439043,,,-1.655131329757395,1.655131329757395
1776099042.3453481,-0.15696544420082076,,,
1776099042.3457105,,0.006119373103778081,,
1776099042.3463757,,,-3.298394015493111,1.6491970077465554
1776099042.3489003,,,-1.6515160300937373,1.6515160300937373
1776099042.3505788,-0.14800890072153106,,,
1776099042.3512046,,1.52288753278007,,
1776099042.3513985,,,-3.274805771585431,1.6374028857927154
1776099042.3539171,,,-1.6649538828353256,1.6649538828353256
1776099042.3552735,-0.13797561749927115,,,
1776099042.3556523,,3.2451467398361435,,
1776099042.3564074,,,0.0,0.0
1776099042.3589232,,,0.0,-3.3338841433453847
1776099042.3605895,-0.12820678007962621,,,
1776099042.3608687,,3.6782212225713202,,
1776099042.3614497,,,1.6561601589824342,-1.6561601589824342
1776099042.3639445,,,3.4115128247575948,-5.117269237136393
1776099042.365373,-0.11511375840805498,,,
1776099042.3660192,,3.4018385961797595,,
1776099042.3663738,,,5.039618172569344,-5.039618172569344
1776099042.3688772,,,4.972758768462929,-4.972758768462929
1776099042.3704453,-0.09800731043413428,,,
1776099042.370837,,2.8432090535800563,,
1776099042.3713806,,,6.531915498966621,-3.2659577494833103
1776099042.3739681,,,5.011517082295932,-6.682022776394575
1776099042.3753214,-0.07704975967510627,,,
1776099042.3756592,,1.8712820880178167,,
1776099042.376385,,,4.980063829226004,-4.980063829226004
1776099042.3788817,,,3.32301418637943,-3.32301418637943
1776099042.3802953,-0.051230807282064986,,,
1776099042.3807652,,0.5636433705217069,,
1776099042.3813698,,,1.6382159750386318,-1.6382159750386318
1776099042.3838837,,,0.0,0.0
1776099042.385218,-0.0146348810536973,,,
1776099042.385579,,-0.16827515404564675,,
1776099042.3864007,,,-1.6228199326329635,1.6228199326329635
1776099042.388959,,,-3.2518834547427513,1.6259417273713757
1776099042.3905506,0.022976716506177153,,,
1776099042.3909278,,-1.8639167231396583,,
1776099042.3914177,,,-1.6830554877173887,1.6830554877173887
1776099042.3939335,,,-1.680293561355586,3.360587122711172
1776099042.3952622,0.0483134083485004,,,
1776099042.3956287,,-1.970024557865682,,
1776099042.3964455,,,-3.260426088317211,1.6302130441586056
1776099042.3989058,,,-3.3888529665303837,3.3888529665303837
1776099042.4007897,0.06249190145232783,,,
1776099042.401131,,-1.706147714683537,,
1776099042.401814,,,-2.821330606110244,4.231995909165366
1776099042.4038818,,,-4.073856335367311,4.073856335367311
1776099042.405198,0.0680125054264301,,,
1776099042.4059043,,-1.8165597941655824,,
1776099042.4065688,,,-1.6213137083976057,1.6213137083976057
1776099042.4089727,,,-1.7304466746992786,1.7304466746992786
1776099042.4106102,0.07060358143297119,,,
1776099042.410921,,0.018571152624715204,,
1776099042.411378,,,-1.6507809913027314,1.6507809913027314
1776099042.413875,,,-1.660087129022399,0.0
1776099042.4155185,0.06458235868105469,,,
1776099042.415841,,0.12607218823980526,,
1776099042.4163797,,,-1.6310701400937124,1.6310701400937124
1776099042.4188898,,,0.0,1.6557904876890677
1776099042.420185,0.062370896291903455,,,
1776099042.420523,,0.5702612825028976,,
1776099042.4214242,,,0.0,0.0
1776099042.423984,,,0.0,-1.6744610154216344
1776099042.4254494,0.0668305889762881,,,
1776099042.4259663,,0.24218401617737584,,
1776099042.4264314,,,3.371459623444451,-3.371459623444451
1776099042.4289336,,,3.359556349623632,-3.359556349623632
1776099042.4307952,0.0755754817341927,,,
1776099042.431621,,-0.3404010908891131,,
1776099042.431799,,,3.135313428588562,-3.135313428588562
1776099042.4338825,,,0.0,0.0
1776099042.4354455,0.0954771035938437,,,
1776099042.4359126,,-1.5649994466571964,,
1776099042.436467,,,-1.6391331491671428,0.0
1776099042.438888,,,-1.6645932305309157,0.0
1776099042.4403374,0.1263163460778876,,,
1776099042.440734,,-2.8037072021904916,,
1776099042.4413934,,,-3.2908226741806264,3.2908226741806264
1776099042.4439263,,,-4.925552798168165,3.2837018654454435
1776099042.4453363,0.15706305873659426,,,
1776099042.445878,,-3.768106704304404,,
1776099042.4464726,,,-5.006325430087686,5.006325430087686
1776099042.4489129,,,-4.983605067369114,4.983605067369114
1776099042.450345,0.1796808539946793,,,
1776099042.4508367,,-3.8215686120106342,,
1776099042.4514318,,,-6.587329436983505,4.9404970777376285
1776099042.4539714,,,-6.784507914722939,6.784507914722939
1776099042.4554207,0.19123669790872688,,,
1776099042.4557922,,-2.6303099669667347,,
1776099042.4563916,,,-3.3976860758392764,1.6988430379196382
1776099042.458907,,,-4.976962937793849,4.976962937793849
1776099042.460373,0.19705668790976266,,,
1776099042.460792,,-1.0281614459526751,,
1776099042.4615662,,,-4.6169454972022885,3.0779636648015254
1776099042.4638722,,,-3.6062942165610354,1.8031471082805177
1776099042.4651513,0.20066197749676914,,,
1776099042.4655445,,-1.100267237692805,,
1776099042.4663515,,,0.0,0.0
1776099042.4688768,,,0.0,0.0
1776099042.470262,0.20608946020806482,,,
1776099042.4705672,,-1.0533361654556144,,
1776099042.4713888,,,0.0,-1.6372998267425238
1776099042.47386,,,0.0,0.0
1776099042.4753149,0.21501069836304706,,,
1776099042.475877,,-1.645843274611238,,
1776099042.4764404,,,0.0,0.0
1776099042.478921,,,-1.6841591185905682,0.0
1776099042.4803903,0.2309696149990977,,,
1776099042.4807148,,-1.9650216073322513,,
1776099042.4814298,,,-1.6646198601879336,3.3292397203758672
1776099042.4839096,,,-5.017443048709804,3.3449620324732026
1776099042.4855313,0.25360793284344746,,,
1776099042.4861267,,-3.989515582115769,,
1776099042.4865975,,,0.0,4.8812987910797965
1776099042.4889145,,,-5.131332878084526,3.420888585389684
1776099042.4908752,0.2804428635715588,,,
1776099042.491342,,-4.859292016864594,,
1776099042.4913914,,,-3.265214033424057,4.897821050136086
1776099042.4938872,,,-6.611682614350125,4.958761960762594
1776099042.4952965,0.30259168588265395,,,
1776099042.4958482,,-5.68171071584307,,
1776099042.496723,,,-5.81325902167528,5.81325902167528
1776099042.4989069,,,-7.7285944755389995,7.7285944755389995
1776099042.5006516,0.3147463348481312,,,
1776099042.5007164,,-5.640222005585185,,
1776099042.5014498,,,-3.3127948677313297,3.3127948677313297
1776099042.5038862,,,-8.326303341168098,8.326303341168098
1776099042.5055585,0.3199483552067866,,,
1776099042.50601,,-4.30749792760138,,
1776099042.5065477,,,-1.6068530392983411,6.4274121571933645
1776099042.5089371,,,-8.368799938740274,8.368799938740274
1776099042.5103188,0.3225572468057277,,,
1776099042.510633,,-2.7724933308270225,,
1776099042.5114713,,,-3.331187013951695,4.996780520927542
1776099042.513906,,,-5.013448775540073,5.013448775540073
1776099042.5153751,0.3255665563136274,,,
1776099042.5159295,,-2.8326795209850166,,
1776099042.5164182,,,-3.2767149892298195,3.2767149892298195
1776099042.5188963,,,-1.671512365365997,1.671512365365997
1776099042.5202863,0.3308269526754451,,,
1776099042.5207229,,-2.22829846009584,,
1776099042.5215123,,,-1.638964981847038,0.0
1776099042.5239282,,,0.0,1.659928232708899
1776099042.5252562,0.3433281512455688,,,
1776099042.5256476,,-2.677502967969901,,
1776099042.5263937,,,-1.6518441053639792,0.0
1776099042.5288978,,,-3.3183999788811516,1.6591999894405758
1776099042.53046,0.3602384125319973,,,
1776099042.5308383,,-3.0157081936984707,,
1776099042.5313866,,,-3.2992575319487307,1.6496287659743654
1776099042.533887,,,-3.3115809753781353,3.3115809753781353
1776099042.5358627,0.38720086250587515,,,
1776099042.5364609,,-5.142406084185358,,
1776099042.5365496,,,-3.2680619313272223,4.902092896990834
1776099042.5391834,,,-5.971380316248471,5.971380316248471
1776099042.540395,0.4177205141455417,,,
1776099042.5407827,,-6.358467825206,,
1776099042.5414135,,,-5.597816328661259,-1.8659387762204196
1776099042.5439591,,,-8.388248016441102,6.710598413152883
1776099042.5456398,0.44068528565752607,,,
1776099042.5461867,,-7.189877796158156,,
1776099042.5466177,,,-3.2850509611987646,3.2850509611987646
1776099042.5488994,,,-1.9887800139359884,7.955120055743953
1776099042.5504625,0.44748319100380113,,,
1776099042.5510716,,-7.367670477299093,,
1776099042.551802,,,-6.5346871976974725,8.16835899712184
1776099042.5539398,,,-10.059368084418587,12.071241701302306
1776099042.5555453,0.4482167276902404,,,
1776099042.5560112,,-7.206476121969354,,
1776099042.5564404,,,-6.698974523106383,8.373718153882978
1776099042.5588992,,,-6.789161897511613,6.789161897511613
1776099042.5607486,0.4373467688781898,,,
1776099042.561558,,,-3.355326986456235,6.71065397291247
1776099042.5616114,,-6.124806617908156,,
1776099042.564004,,,-9.76688216053771,9.76688216053771
1776099042.5653634,0.42745516643338943,,,
1776099042.5656767,,-5.098143721259817,,
1776099042.5664275,,,-6.676119177079923,6.676119177079923
1776099042.5688927,,,-5.081456774832726,8.46909462472121
1776099042.570465,0.41145991174472946,,,
1776099042.5708106,,-3.840957641481528,,
1776099042.5714643,,,-3.19729777242977,4.795946658644656
1776099042.5739536,,,-6.742373095390502,6.742373095390502
1776099042.5755622,0.4044974367136012,,,
1776099042.5759296,,-3.7017081408589627,,
1776099042.5764,,,-3.3642578752048937,3.3642578752048937
1776099042.5789056,,,-3.328281313368226,3.328281313368226
1776099042.580294,0.3926150918018249,,,
1776099042.580584,,-3.464061242623437,,
1776099042.5813794,,,-3.289964972527029,1.6449824862635145
1776099042.583906,,,-3.3117647117856954,3.3117647117856954
1776099042.5852985,0.38514029935152644,,,
1776099042.5857787,,-3.3145653936174675,,
1776099042.586392,,,-3.2935604657691373,3.2935604657691373
1776099042.5889325,,,-3.3243426804631984,3.3243426804631984
1776099042.5903203,0.37379356988984513,,,
1776099042.5909894,,-3.5522077479801095,,
1776099042.591573,,,-4.756445822177593,4.756445822177593
1776099042.5939548,,,-5.343494441496238,3.5623296276641585
1776099042.59534,0.3744719856857568,,,
1776099042.5957637,,-4.065392794178241,,
1776099042.5964375,,,-4.929837406741101,4.929837406741101
1776099042.598904,,,-5.078270795054899,6.771027726739866
1776099042.6003692,0.3618438137675683,,,
1776099042.6009085,,-4.241700357086735,,
1776099042.601557,,,-6.44464554143864,4.83348415607898
1776099042.6039622,,,-6.851810432222545,6.851810432222545
1776099042.6056755,0.37222732696481603,,,
1776099042.6062207,,-4.791241695671214,,
1776099042.6066375,,,-3.0954015814722653,3.0954015814722653
1776099042.6088853,,,-7.395651813713578,5.546738860285184
1776099042.6103184,0.37348262571812996,,,
1776099042.6107247,,-4.908676842493218,,
1776099042.6114483,,,-6.3375274923608504,6.3375274923608504
1776099042.613944,,,-6.840990001191471,6.840990001191471
1776099042.615333,0.3759581892865412,,,
1776099042.6157978,,-5.104076199103173,,
1776099042.6164007,,,-6.7605705502429005,6.7605705502429005
1776099042.6188993,,,-6.703511859330342,6.703511859330342
1776099042.6203866,0.37592467731305257,,,
1776099042.6207788,,-5.103405959633402,,
1776099042.6214595,,,-4.865535233872539,3.2436901559150257
1776099042.6238956,,,-6.744995429765828,6.744995429765828
1776099042.6254494,0.3763765710794466,,,
1776099042.6258895,,-5.201575459643216,,
1776099042.6265357,,,-8.203167636841073,4.921900582104644
1776099042.6289198,,,-5.0818726321562195,6.775830176208292
1776099042.630593,0.3726305558218322,,,
1776099042.6311991,,-4.866454761361156,,
1776099042.6314673,,,-4.901052832369507,4.901052832369507
1776099042.634387,,,-8.470823848763056,5.082494309257834
1776099042.6361642,0.3717570518600283,,,
1776099042.6365695,,-4.326718660072492,,
1776099042.6366086,,,-1.7807677145776604,0.0
1776099042.6389227,,,-1.750686746621636,1.750686746621636
1776099042.640528,0.37220951627321935,,,
1776099042.641012,,-3.8843808864194336,,
1776099042.6416664,,,-4.5679165272073154,4.5679165272073154
1776099042.6439621,,,-9.390969870984833,9.390969870984833
1776099042.6455953,0.37631772524666407,,,
1776099042.6459885,,-3.4546710718255635,,
1776099042.6464252,,,-8.026202078934798,8.026202078934798
1776099042.6489031,,,-8.368869066774742,6.695095253419795
1776099042.6506197,0.3804359703634254,,,
1776099042.6509488,,-3.220478813855447,,
1776099042.651387,,,-4.933267514348857,6.577690019131809
1776099042.653927,,,-4.968557421131586,3.312371614087724
1776099042.6554236,0.3883685397107764,,,
1776099042.6558402,,-3.379130200802466,,
1776099042.6563716,,,-3.3358108624727785,1.6679054312363892
1776099042.658944,,,-1.6516726113190294,1.6516726113190294
1776099042.6603844,0.401054871555867,,,
1776099042.6609428,,-3.6328568377042787,,
1776099042.6613975,,,-3.3591752850274004,1.6795876425137002
1776099042.663907,,,-3.343966960717851,3.343966960717851
1776099042.6652577,0.4130691102154075,,,
1776099042.6656091,,-4.296683367044368,,
1776099042.6664135,,,-3.29876000082087,3.29876000082087
1776099042.6688917,,,-4.966423104172289,4.966423104172289
1776099042.670443,0.42026753873935163,,,
1776099042.6709068,,-5.264286771280672,,
1776099042.6714194,,,-6.454401803043787,1.6136004507609467
1776099042.6739354,,,-8.428785609757892,6.743028487806313
1776099042.6754239,0.4206487743489681,,,
1776099042.67562,,-5.614581944880973,,
1776099042.6764247,,,-3.2882733777533835,0.0
1776099042.6788964,,,-8.431314450701485,6.745051560561188
1776099042.6808643,0.4129768606961364,,,
1776099042.6814141,,-5.577854140017724,,
1776099042.681894,,,-3.0919709651742884,6.183941930348577
1776099042.6839423,,,-11.763542105766414,9.802951754805344
1776099042.6857102,0.4010444133574424,,,
1776099042.6861172,,-5.018384636840112,,
1776099042.6865602,,,-6.383208866053389,3.1916044330266944
1776099042.6889672,,,-5.1431804706778195,3.428786980451879
1776099042.690859,0.38375774521777595,,,
1776099042.69158,,-3.9741204695514485,,
1776099042.691637,,,-6.734182592428986,3.367091296214493
1776099042.693909,,,-8.298714460584081,4.979228676350449
1776099042.6953843,0.3648022565681338,,,
1776099042.6960146,,-2.907804537949615,,
1776099042.6964736,,,-4.976765641547687,4.976765641547687
1776099042.6989284,,,-8.51822983340953,8.51822983340953
1776099042.7005486,0.34692719299491553,,,
1776099042.7009726,,-2.5503032664852494,,
1776099042.7014062,,,-5.005281882899483,5.005281882899483
1776099042.7039106,,,-5.022452493229068,3.3483016621527115
1776099042.7054052,0.33623032366490635,,,
1776099042.7059505,,-2.336365879885066,,
1776099042.7066174,,,-1.6231113858877557,3.2462227717755114
1776099042.7089334,,,-1.725320000868506,1.725320000868506
1776099042.7106152,0.3299484021806048,,,
1776099042.7108154,,-2.210727450199034,,
1776099042.7113795,,,0.0,0.0
1776099042.7138891,,,0.0,0.0
1776099042.7153118,0.3323043936825571,,,
1776099042.7158415,,-2.2578472802380807,,
1776099042.7163768,,,0.0,0.0
1776099042.718878,,,-1.6563047959417558,3.3126095918835117
1776099042.7202215,0.339652461268824,,,
1776099042.7206714,,-2.4048086319634185,,
1776099042.721397,,,-1.6370290104141054,3.274058020828211
1776099042.7239919,,,-3.3046849810585486,3.3046849810585486
1776099042.7254024,0.34934921135938324,,,
1776099042.7258701,,-4.882325168973924,,
1776099042.726422,,,-5.107965592675869,6.810620790234491
1776099042.7289517,,,-6.647781287468743,4.985835965601558
1776099042.7304556,0.3599902972012271,,,
1776099042.7310748,,-5.208659806930394,,
1776099042.7314732,,,-4.954548090281212,3.3030320601874745
1776099042.7338924,,,-6.689331256039814,5.016998442029861
1776099042.7356892,0.36401430054753053,,,
1776099042.7359917,,-5.1555090523975995,,
1776099042.7364626,,,-4.8295914969205995,6.439455329227465
1776099042.7389684,,,-8.393394061944838,8.393394061944838
1776099042.7405386,0.3719848318388263,,,
1776099042.7410307,,-4.8987056341183415,,
1776099042.741546,,,-4.7210555395301235,9.442111079060247
1776099042.743892,,,-8.772197707049676,8.772197707049676
1776099042.7455332,0.3728409625297552,,,
1776099042.74596,,-4.126700276350828,,
1776099042.746432,,,-4.905717849094592,8.176196415157653
1776099042.7490406,,,-6.304809430547863,6.304809430547863
1776099042.7508388,0.3737975554442883,,,
1776099042.751143,,-3.2919538348111264,,
1776099042.751455,,,-5.120379501257542,1.7067931670858472
1776099042.7540019,,,-3.38887981330121,3.38887981330121
1776099042.7555783,0.3666231568579337,,,
1776099042.7564042,,-2.944222543745612,,
1776099042.7565105,,,-1.6950620901450268,3.3901241802900537
1776099042.7589328,,,-1.666100945741644,1.666100945741644
1776099042.7602713,0.3634835761984164,,,
1776099042.7606318,,-2.8814309305552674,,
1776099042.7613945,,,-1.6684938155446214,1.6684938155446214
1776099042.763873,,,-1.6667284635693294,1.6667284635693294
1776099042.765225,0.34263792945629734,,,
1776099042.7658231,,-2.4645179957128853,,
1776099042.7663734,,,-1.6325426339221552,3.2650852678443103
1776099042.7688982,,,-4.97141031194047,4.97141031194047
1776099042.7705402,0.3286549978992008,,,
1776099042.771163,,-3.8948808934089523,,
1776099042.7715187,,,-4.78983276392648,3.193221842617653
1776099042.7739363,,,-3.381714917097688,5.072572375646533
1776099042.7755253,0.3144166360363575,,,
1776099042.7760062,,-4.074424137492205,,
1776099042.776477,,,-4.971568664164999,4.971568664164999
1776099042.779063,,,-5.044958469723435,5.044958469723435
1776099042.780859,0.3033621898067402,,,
1776099042.7815669,,-3.754744178124626,,
1776099042.7816174,,,-3.3642578752048937,3.3642578752048937
1776099042.783947,,,-6.774670648950475,3.3873353244752376
1776099042.7855601,0.2900298258185735,,,
1776099042.7862253,,-3.2674661502696893,,
1776099042.7863839,,,-3.331560313200583,6.663120626401166
1776099042.7888968,,,-3.2868697205324056,4.930304580798609
1776099042.7902672,0.2803564937330366,,,
1776099042.7907789,,-2.6226124466420724,,
1776099042.7914102,,,-6.691970644053016,6.691970644053016
1776099042.793889,,,-6.707403812862906,5.03055285964718
1776099042.7954314,0.2638003099259917,,,
1776099042.7959218,,-1.222308967702192,,
1776099042.79653,,,-4.6778900887927595,6.237186785057012
1776099042.7989218,,,-3.4803596308619738,1.7401798154309869
1776099042.8003383,0.23079588411392293,,,
1776099042.8006778,,-0.22767708886539761,,
1776099042.8013432,,,-1.6836001279968893,3.3672002559937786
1776099042.803916,,,0.0,0.0
1776099042.805343,0.1903347067505837,,,
1776099042.8057208,,0.5815464584013874,,
1776099042.806391,,,0.0,0.0
1776099042.8089464,,,1.6538543714723555,-1.6538543714723555
1776099042.8107355,0.16772441105292318,,,
1776099042.8110392,,0.528939628079788,,
1776099042.811569,,,3.3255386591627643,-1.6627693295813821
1776099042.8139153,,,3.596531200099058,-1.798265600049529
1776099042.8153512,0.1613671424956571,,,
1776099042.81568,,-0.1843369566697155,,
1776099042.8163843,,,1.6585781266442758,-1.6585781266442758
1776099042.8188972,,,1.654223178661415,0.0
1776099042.8202326,0.15208310184064422,,,
1776099042.8206112,,-1.5678523700325622,,
1776099042.8213804,,,0.0,0.0
1776099042.8239415,,,-1.6544463904368563,3.3088927808737125
1776099042.825356,0.14750266727267575,,,
1776099042.825879,,-1.8342357198097494,,
1776099042.8263986,,,-3.2789112490418,3.2789112490418
1776099042.8288994,,,-5.012321773549142,3.341547849032761
1776099042.8307788,0.13917292916435248,,,
1776099042.8311007,,-1.5029672833430292,,
1776099042.8314652,,,-3.2805163507403243,4.920774526110487
1776099042.8339412,,,-4.975811548957453,4.975811548957453
1776099042.8352609,0.1275210490742687,,,
1776099042.8362014,,-0.8260035627966549,,
1776099042.8366182,,,-3.189228941473353,3.189228941473353
1776099042.8389482,,,-1.7986848278807497,1.7986848278807497
1776099042.8403087,0.11238088062775548,,,
1776099042.8406272,,0.02704436508187058,,
1776099042.8414004,,,0.0,1.6778528579799978
1776099042.8439152,,,1.6702774036335977,-1.6702774036335977
1776099042.8453166,0.10236115253543056,,,
1776099042.845868,,0.9500845656052137,,
1776099042.8463957,,,1.6528681411004527,0.0
1776099042.84889,,,0.0,0.0
1776099042.850249,0.09854835978127531,,,
1776099042.8506598,,0.476762017380431,,
1776099042.8513875,,,1.6292934113272388,0.0
1776099042.8539531,,,1.6172403176765933,-1.6172403176765933
1776099042.855561,0.0875019690042172,,,
1776099042.8559103,,0.795881174312602,,
1776099042.8564298,,,1.650715874919946,-1.650715874919946
1776099042.858927,,,0.0,-1.6849374624052225
1776099042.8602462,0.06785271136477246,,,
1776099042.860623,,0.20015812565959745,,
1776099042.8613734,,,1.6448777681449989,0.0
1776099042.863903,,,0.0,0.0
1776099042.8654778,0.03443023935883825,,,
1776099042.8658524,,0.6992708019954146,,
1776099042.8663962,,,0.0,0.0
1776099042.8689086,,,-1.6594381362071324,1.6594381362071324
1776099042.8703277,0.005495145077536532,,,
1776099042.8705325,,1.13528214945351,,
1776099042.8714027,,,-1.6482036214779334,1.6482036214779334
1776099042.8739333,,,1.6735038914948952,-1.6735038914948952
1776099042.8755627,-0.03704014407708668,,,
1776099042.8759415,,2.6472140211804103,,
1776099042.876516,,,1.658326654820594,-1.658326654820594
1776099042.8789496,,,3.3680191523657688,-3.3680191523657688
1776099042.8808084,-0.06878436198773982,,,
1776099042.8814712,,2.673098892964296,,
1776099042.8815675,,,3.354974654696229,-3.354974654696229
1776099042.8839839,,,3.3308411742576536,0.0
1776099042.8854284,-0.10516522971417128,,,
1776099042.885782,,3.400716247492925,,
1776099042.8867114,,,6.203269286546095,-4.652451964909572
1776099042.8889291,,,5.690514466168486,-5.690514466168486
1776099042.8903997,-0.13462133793918432,,,
1776099042.8909914,,2.9616937966411925,,
1776099042.891373,,,4.94319723389534,-1.6477324112984466
1776099042.8939943,,,6.3743999064500665,-6.3743999064500665
1776099042.8954294,-0.1655444734079846,,,
1776099042.8957448,,2.8289994059323806,,
1776099042.8964357,,,5.059650727603797,-3.373100485069198
1776099042.8988993,,,3.3706124948547993,-3.3706124948547993
1776099042.9009035,-0.1969701995009882,,,
1776099042.9009671,,2.7814991839417322,,
1776099042.9014454,,,3.2879883383632933,-1.6439941691816466
1776099042.9039767,,,3.3199895873567833,-3.3199895873567833
1776099042.9055197,-0.22321223547719762,,,
1776099042.9059753,,3.555615344093571,,
1776099042.9065251,,,1.6170759331284632,-1.6170759331284632
1776099042.9089289,,,3.4333736080618,-3.4333736080618
1776099042.9103851,-0.24625209968104195,,,
1776099042.910787,,4.325508845303621,,
1776099042.9113839,,,3.330653874404569,-1.6653269372022845
1776099042.914,,,4.9400660026116645,-4.9400660026116645
1776099042.9154088,-0.2731550325056079,,,
1776099042.9157093,,5.189850534449733,,
1776099042.9163797,,,1.6551975065759008,-4.965592519727703
1776099042.9189143,,,4.966777628398757,-4.966777628398757
1776099042.920681,-0.300657448991445,,,
1776099042.9216335,,5.907636854412445,,
1776099042.921973,,,6.6240593398855045,-3.3120296699427523
1776099042.9239712,,,3.9801485531576777,-7.960297106315355
1776099042.9254415,-0.31982131532233893,,,
1776099042.9258263,,5.9490431063908,,
1776099042.926384,,,8.450850454806549,-6.760680363845239
1776099042.928906,,,8.269666177426013,-4.961799706455609
1776099042.9304276,-0.33958938740267264,,,
1776099042.9308681,,5.472273583620883,,
1776099042.9314075,,,8.222116035778575,-8.222116035778575
1776099042.933911,,,8.381819764389647,-8.381819764389647
1776099042.9358854,-0.35159762402821504,,,
1776099042.936216,,5.4491736070562435,,
1776099042.9367402,,,7.175089027479819,-5.740071221983856
1776099042.9388857,,,5.873853252520103,-5.873853252520103
1776099042.940305,-0.3671131132961122,,,
1776099042.9408786,,4.940245185883228,,
1776099042.941403,,,3.2724606220568275,-6.544921244113655
1776099042.9439309,,,6.636482489495645,-6.636482489495645
1776099042.9457748,-0.3847963200356232,,,
1776099042.9462268,,5.754489330427477,,
1776099042.9463594,,,6.69477218373824,-6.69477218373824
1776099042.9488816,,,6.609106167213559,-4.95682962541017
1776099042.950697,-0.4033456042258873,,,
1776099042.9508884,,5.816778490483819,,
1776099042.9513934,,,4.906297171879869,-6.541729562506491
1776099042.9539592,,,6.632143942267501,-8.290179927834375
1776099042.955541,-0.4258844315354358,,,
1776099042.9557714,,6.5803817253940435,,
1776099042.9564564,,,4.871804996966866,-8.119674994944777
1776099042.9590003,,,8.450297704053474,-6.76023816324278
1776099042.9603102,-0.45783602352927766,,,
1776099042.9610474,,6.770957588171643,,
1776099042.9614756,,,4.957146612388579,-8.261911020647629
1776099042.963996,,,6.787943947445347,-6.787943947445347
1776099042.9655967,-0.47946810747948115,,,
1776099042.9660282,,6.809101896946706,,
1776099042.9663844,,,10.249928880614675,-5.1249644403073376
1776099042.9689367,,,6.546880053290139,-4.910160039967605
1776099042.9706297,-0.4970452948772365,,,
1776099042.9710283,,6.613065708515043,,
1776099042.9715865,,,8.240361945883206,-6.592289556706565
1776099042.9739156,,,8.4276933244533,-10.11323198934396
1776099042.9754303,-0.5067637094595016,,,
1776099042.9758437,,6.597461742314714,,
1776099042.9765453,,,-3.2232224667676657,-4.834833700151499
1776099042.978994,,,8.236250968774538,-4.941750581264723
1776099042.9808621,-0.514943376216901,,,
1776099042.9815545,,5.973659110541583,,
1776099042.9816084,,,5.142713302079541,-6.856951069439387
1776099042.9839232,,,8.367184850822484,-6.6937478806579875
1776099042.9854,-0.5200168849400212,,,
1776099042.985773,,6.1803818761829525,,
1776099042.986394,,,3.340982395221286,-6.681964790442572
1776099042.9889228,,,8.34903624728935,-11.688650746205091
1776099042.990452,-0.5280693455661312,,,
1776099042.9909875,,6.218325526364184,,
1776099042.991554,,,11.47392715914293,-9.834794707836798
1776099042.9939382,,,10.172611925768866,-10.172611925768866
1776099042.9957237,-0.5333633743500708,,,
1776099042.9961267,,6.324206102042975,,
1776099042.996516,,,7.993244431074426,-7.993244431074426
1776099042.998917,,,6.818385516459881,-6.818385516459881
1776099043.0004618,-0.5457596325731885,,,
1776099043.0007741,,6.57213126650533,,
1776099043.001362,,,6.681753150257988,-6.681753150257988
1776099043.003974,,,6.603494880942534,-6.603494880942534
1776099043.0054045,-0.5531965061130358,,,
1776099043.005805,,6.963882314910419,,
1776099043.0063896,,,8.198639713779336,-6.558911771023468
1776099043.0089989,,,8.236314400370954,-8.236314400370954
1776099043.0108185,-0.5572060723982974,,,
1776099043.0113685,,7.746068454440929,,
1776099043.011448,,,8.288391618704438,-8.288391618704438
1776099043.0139577,,,3.270761966862436,-9.812285900587309
1776099043.0156305,-0.5544817603145424,,,
1776099043.015983,,8.279264718703063,,
1776099043.0164473,,,10.028508174600892,-5.014254087300446
1776099043.0188951,,,11.871241425560592,-10.17534979333765
1776099043.0203433,-0.5552938794986634,,,
1776099043.0210357,,8.295507102385482,,
1776099043.0216045,,,10.86179847599264,-10.86179847599264
1776099043.0239701,,,11.147811509012254,-7.431874339341502
1776099043.025399,-0.553671200216263,,,
1776099043.0260124,,9.228446270766312,,
1776099043.0264044,,,5.064662677173478,-8.441104461955796
1776099043.028944,,,8.440556686297137,-8.440556686297137
1776099043.0309653,-0.5546541589457596,,,
1776099043.0313344,,9.430365628562352,,
1776099043.031647,,,6.603545849719179,-8.254432312148973
1776099043.034059,,,12.662666073243667,-5.426856888533
1776099043.0356026,-0.5494066448164909,,,
1776099043.036014,,8.456615159802254,,
1776099043.0364099,,,5.036688680755827,-5.036688680755827
1776099043.0389311,,,13.391477150190813,-8.369673218869258
1776099043.040672,-0.5453759412438398,,,
1776099043.0410664,,7.532381585380612,,
1776099043.0415313,,,11.424659205225378,-11.424659205225378
1776099043.0438905,,,5.14946571795556,-12.015420008562975
1776099043.045288,-0.54066835382021,,,
1776099043.0459058,,6.913432423422011,,
1776099043.046563,,,10.826328354821197,-7.733091682015139
1776099043.0488946,,,12.7827882958076,-9.130563068433998
1776099043.050289,-0.540082269021668,,,
1776099043.0512235,,6.703995733388407,,
1776099043.0513828,,,8.344682307392283,-10.01361876887074
1776099043.0539234,,,8.278621317233991,-6.622897053787193
1776099043.05566,-0.5409179517842289,,,
1776099043.0559795,,6.951066009080675,,
1776099043.0564198,,,8.322833008629484,-6.6582664069035875
1776099043.0588768,,,6.735437295456214,-6.735437295456214
1776099043.0602496,-0.5478506700500816,,,
1776099043.060676,,7.08972037439773,,
1776099043.061367,,,4.921667779674818,-3.2811118531165455
1776099043.0639117,,,4.88987303448456,-8.149788390807599
1776099043.0653548,-0.5600140413725546,,,
1776099043.0658076,,7.422119425529124,,
1776099043.066544,,,1.6441626680352572,-6.576650672141029
1776099043.0688884,,,5.215084888890848,-10.430169777781696
1776099043.0708025,-0.5681318588592188,,,
1776099043.0713525,,8.827788662454942,,
1776099043.071882,,,3.201506579822161,-4.802259869733242
1776099043.0740302,,,10.455587361729275,-8.36446988938342
1776099043.0757587,-0.5705027532916432,,,
1776099043.0764396,,9.402402124894781,,
1776099043.0765085,,,6.697086749463864,-8.37135843682983
1776099043.079243,,,8.625944785035257,-10.0636022492078
1776099043.0809479,-0.5670992088115153,,,
1776099043.0815325,,,11.519873326166172,-11.519873326166172
1776099043.0816042,,9.458502646657788,,
1776099043.083976,,,11.700683077062063,-11.700683077062063
1776099043.085761,-0.5646288959382658,,,
1776099043.0861058,,9.568707280626215,,
1776099043.0867138,,,9.265785065427574,-4.632892532713787
1776099043.089037,,,9.342943276985997,-13.0801205877804
1776099043.0904233,-0.5567952066338118,,,
1776099043.0907156,,9.555256957217372,,
1776099043.091416,,,4.9658700620259,-4.9658700620259
1776099043.093894,,,13.402164091216948,-10.051623068412711
1776099043.0954177,-0.5497520181237358,,,
1776099043.095731,,9.280629134428914,,
1776099043.0964296,,,13.164961753435001,-4.9368606575381255
1776099043.0989513,,,11.852003067759492,-11.852003067759492
1776099043.1006098,-0.5372845708260876,,,
1776099043.100939,,8.371519642250334,,
1776099043.1014407,,,9.830303932086526,-9.830303932086526
1776099043.1039324,,,8.48929297216173,-8.48929297216173
1776099043.1057465,-0.5215073853804003,,,
1776099043.106169,,7.406207721716573,,
1776099043.1064649,,,9.763596155492836,-6.50906410366189
1776099043.1089475,,,13.53203013644737,-11.840526369391451
1776099043.1105306,-0.49444874882677253,,,
1776099043.1108692,,6.693832991068106,,
1776099043.1114643,,,8.20044888568972,-6.5603591085517765
1776099043.1139789,,,8.32669951743495,-9.992039420921941
1776099043.115527,-0.47023444122527874,,,
1776099043.1158442,,5.174207742770206,,
1776099043.1163921,,,1.703743976072295,-6.81497590428918
1776099043.1188939,,,9.981487294126085,-8.317906078438403
1776099043.1206832,-0.4442100954284706,,,
1776099043.121075,,5.054480060082559,,
1776099043.1218753,,,4.126357409887612,-6.8772623498126855
1776099043.1238964,,,6.346764835016074,-6.346764835016074
1776099043.125695,-0.43039670871278035,,,
1776099043.1264057,,5.1740420072785085,,
1776099043.126607,,,4.927538601433861,-4.927538601433861
1776099043.128904,,,3.27506345570317,-3.27506345570317
1776099043.1303444,-0.4237104738442301,,,
1776099043.130833,,5.046845635183161,,
1776099043.1314716,,,4.933267514348857,-4.933267514348857
1776099043.1342206,,,5.015547480360755,-6.687396640481006
1776099043.1356735,-0.4302382217221128,,,
1776099043.1360855,,5.177400592740814,,
1776099043.1367645,,,8.458964542759738,0.0
1776099043.1389103,,,7.507011512766179,-3.7535057563830896
1776099043.1406305,-0.4305222334852792,,,
1776099043.1410005,,5.709343783898968,,
1776099043.1417031,,,9.022111848995236,-7.5184265408293625
1776099043.1439257,,,9.632453779331637,-9.632453779331637
1776099043.1454608,-0.4246885615003132,,,
1776099043.1457653,,7.0323659141742025,,
1776099043.1464732,,,8.270390971836413,-8.270390971836413
1776099043.1488817,,,8.367519457474476,-8.367519457474476
1776099043.1502614,-0.4126328618359592,,,
1776099043.150835,,6.856135480259472,,
1776099043.1513996,,,6.567510159583395,-8.209387699479244
1776099043.1538804,,,8.383177641837369,-5.029906585102422
1776099043.1554546,-0.3998684217933466,,,
1776099043.1558092,,7.011331785005185,,
1776099043.156536,,,6.316542207307179,-6.316542207307179
1776099043.158941,,,12.269888421370835,-10.517047218317858
1776099043.1608276,-0.3839213508667202,,,
1776099043.1614466,,,6.5791484676696435,-6.5791484676696435
1776099043.1618078,,6.8670563753785085,,
1776099043.1640108,,,6.6362708608572785,-6.6362708608572785
1776099043.1657972,-0.36502456418801854,,,
1776099043.166345,,6.695495659192092,,
1776099043.166899,,,10.04862351715481,-8.373852930962341
1776099043.1689432,,,8.41832827889035,-6.313746209167762
1776099043.170774,-0.34905075104553396,,,
1776099043.1710694,,6.40959364061721,,
1776099043.1718113,,,7.153808002884645,-7.153808002884645
1776099043.1739182,,,12.083991051848455,-10.069992543207045
1776099043.1758754,-0.3376601987388299,,,
1776099043.1761134,,6.152471746306708,,
1776099043.1764631,,,9.881856456204515,-6.587904304136343
1776099043.1788874,,,3.345983868046177,-10.037951604138533
1776099043.1802237,-0.33027288118935333,,,
1776099043.1806645,,6.004725395317177,,
1776099043.1813738,,,6.567249695471465,-3.2836248477357324
1776099043.1838834,,,5.150740230751273,-8.58456705125212
1776099043.1853206,-0.3295400225852643,,,
1776099043.1860623,,5.353756355550918,,
1776099043.1865387,,,8.144998669500794,-3.2579994678003175
1776099043.1891756,,,10.150592414446155,-6.76706160963077
1776099043.190573,-0.33617648147735996,,,
1776099043.1909668,,5.825025829830491,,
1776099043.1914282,,,5.07806538515561,-1.6926884617185365
1776099043.1939108,,,8.360926821673761,-8.360926821673761
1776099043.1952238,-0.3453046984036452,,,
1776099043.1957164,,6.007590168356195,,
1776099043.196454,,,9.780048329083261,-8.15004027423605
1776099043.1990292,,,8.405271945466506,-8.405271945466506
1776099043.2006714,-0.34808391760429175,,,
1776099043.2014332,,6.350687326754199,,
1776099043.2015278,,,8.242129587023118,-8.242129587023118
1776099043.2039258,,,1.6941222768979243,-3.3882445537958485
1776099043.2060306,-0.3481761814215541,,,
1776099043.206629,,,6.6312957594847886,-8.289119699355986
1776099043.206685,,6.427674959333541,,
1776099043.2091553,,,1.6904038519807594,-5.071211555942279
1776099043.2107828,-0.34475934682025944,,,
1776099043.211137,,6.420891048478132,,
1776099043.2117379,,,4.728283797529788,-9.456567595059576
1776099043.2138917,,,9.552347639813416,-9.552347639813416
1776099043.215633,-0.3376642066216603,,,
1776099043.2159672,,5.990009927712257,,
1776099043.2164495,,,11.340527984550858,-6.480301705457633
1776099043.2188962,,,10.257261129646968,-10.257261129646968
1776099043.220462,-0.3259633221358864,,,
1776099043.2209837,,5.640480849956066,,
1776099043.2215502,,,9.39269582230599,-9.39269582230599
1776099043.2238853,,,7.0853204026095025,-7.0853204026095025
1776099043.2255337,-0.31344817758507476,,,
1776099043.225962,,5.024192050118798,,
1776099043.2264366,,,6.428504153449783,-6.428504153449783
1776099043.2288957,,,3.391838545414694,-5.087757818122042
1776099043.2310684,-0.30179012966933916,,,
1776099043.231281,,4.692306825900779,,
1776099043.2316794,,,4.433487962866874,-4.433487962866874
1776099043.2339725,,,5.713555185844049,-3.809036790562699
1776099043.2358758,-0.2867566109885762,,,
1776099043.2363214,,4.87899591878255,,
1776099043.2363977,,,1.6922747828268456,-5.076824348480537
1776099043.2389276,,,6.4471925026415375,-4.835394376981154
1776099043.240514,-0.27134610851428903,,,
1776099043.2414713,,5.168327478711565,,
1776099043.2415621,,,1.6572951329598475,1.6572951329598475
1776099043.2439306,,,1.6313514306989276,-6.5254057227957105
1776099043.2453558,-0.25714603824619847,,,
1776099043.2456663,,5.553146336284445,,
1776099043.2464156,,,8.372709284903193,-8.372709284903193
1776099043.2489138,,,8.421001881712849,-8.421001881712849
1776099043.2503617,-0.2444837481410606,,,
1776099043.2506645,,5.621920170738091,,
1776099043.251565,,,1.6495630336880571,-1.6495630336880571
1776099043.2540712,,,10.115610174929774,-5.057805087464887
1776099043.2557545,-0.22794102078982587,,,
1776099043.255819,,5.479987363323234,,
1776099043.256442,,,10.202980989528102,-10.202980989528102
1776099043.258898,,,6.82538136070711,-8.531726700883887
1776099043.2605689,-0.2178660124110112,,,
1776099043.2609575,,5.173101373439901,,
1776099043.26145,,,8.197731936076307,-8.197731936076307
1776099043.2639189,,,8.526964884956566,-6.821571907965254
1776099043.2654395,-0.2054279885143473,,,
1776099043.2658412,,4.348782422224181,,
1776099043.2664635,,,4.906991289019358,-4.906991289019358
1776099043.268921,,,5.039862267453957,-5.039862267453957
1776099043.2705598,-0.19953765419227107,,,
1776099043.2709343,,3.9753052010074232,,
1776099043.2713926,,,3.3209446565813474,-1.6604723282906737
1776099043.2738962,,,3.334473188453366,-3.334473188453366
1776099043.2754385,-0.19472263963608968,,,
1776099043.27598,,4.087245163064457,,
1776099043.2764585,,,3.265470210206229,-1.6327351051031145
1776099043.278928,,,5.119412668655983,-3.4129417791039884
1776099043.2803977,-0.19387267878631145,,,
1776099043.2807798,,4.898410638180851,,
1776099043.2813957,,,4.931239194593345,-4.931239194593345
1776099043.283975,,,6.588583565706636,-4.941437674279977
1776099043.2855847,-0.18870536890301198,,,
1776099043.2860005,,4.795064440514862,,
1776099043.2865474,,,3.1849060988234332,-3.1849060988234332
1776099043.288953,,,3.4926669591728965,-6.985333918345793
1776099043.2907047,-0.17856807559747798,,,
1776099043.2909205,,5.765551888229457,,
1776099043.2916162,,,8.280070613307942,-8.280070613307942
1776099043.294009,,,7.168015552033048,-8.960019440041311
1776099043.2954488,-0.163843637478886,,,
1776099043.2964375,,5.471063125857618,,
1776099043.2967222,,,5.093074910901384,-5.093074910901384
1776099043.2988997,,,6.699405830586346,-6.699405830586346
1776099043.3003743,-0.14850129813838553,,,
1776099043.3010929,,4.924800001897481,,
1776099043.3013835,,,8.391970678792788,-8.391970678792788
1776099043.3039541,,,8.214183369101853,-9.857020042922224
1776099043.305261,-0.13191046606538825,,,
1776099043.3057833,,4.592983360437536,,
1776099043.3064554,,,8.187209422461859,-8.187209422461859
1776099043.3089104,,,6.8438021532235105,-6.8438021532235105
1776099043.3106198,-0.11673515373919228,,,
1776099043.310905,,3.3406050197660337,,
1776099043.3114197,,,6.488845462341046,-4.866634096755785
1776099043.3139374,,,3.298813704342271,-3.298813704342271
1776099043.315406,-0.11036922555913037,,,
1776099043.3157413,,2.9139161113810808,,
1776099043.3164246,,,3.285233167049978,-1.642616583524989
1776099043.3189526,,,0.0,0.0
1776099043.3204217,-0.10152111229861172,,,
1776099043.3208632,,3.1057376086813093,,
1776099043.3214064,,,1.682904669965187,-1.682904669965187
1776099043.3239834,,,1.6267310988447379,-1.6267310988447379
1776099043.3252459,-0.09249196165996904,,,
1776099043.3257113,,2.925154595908456,,
1776099043.3263762,,,3.4187500344966644,-1.7093750172483322
1776099043.3288875,,,3.3099467613555515,-4.9649201420333275
1776099043.3308709,-0.08312266806474747,,,
1776099043.3315394,,4.2795193380837535,,
1776099043.3315942,,,4.862233433115711,-4.862233433115711
1776099043.3339272,,,6.806217092671871,-5.104662819503904
1776099043.3353004,-0.07123071038117976,,,
1776099043.3356373,,4.602982926990855,,
1776099043.336422,,,5.0067681470105025,-5.0067681470105025
1776099043.3388922,,,3.3532155655003,-6.7064311310006
1776099043.3407407,-0.055459562362189484,,,
1776099043.3411014,,4.429051424626317,,
1776099043.3414266,,,3.274393561329407,-6.548787122658814
1776099043.3440034,,,8.470961769873465,-6.776769415898773
1776099043.3455315,-0.04194128515225256,,,
1776099043.3464637,,4.1493597014623536,,
1776099043.346748,,,4.959709525547144,-4.959709525547144
1776099043.3489196,,,6.621948725482438,-3.310974362741219
1776099043.3506124,-0.03407253349221906,,,
1776099043.3510828,,3.2015243853948476,,
1776099043.351431,,,3.2997537990983834,-3.2997537990983834
1776099043.3539624,,,3.3733738709877876,-6.746747741975575
1776099043.3556213,-0.027480997963753723,,,
1776099043.3564305,,3.069693674825541,,
1776099043.356505,,,5.072694907522553,-5.072694907522553
1776099043.3589182,,,4.893096405869073,-3.2620642705793816
1776099043.3602214,-0.028355303845664308,,,
1776099043.3606489,,2.9452886410642614,,
1776099043.36136,,,3.330120905482684,-3.330120905482684
1776099043.363879,,,1.6559884799173288,-1.6559884799173288
1776099043.3654304,-0.03310830556576518,,,
1776099043.3659627,,3.104166385814031,,
1776099043.3664281,,,3.236494105020818,-1.618247052510409
1776099043.3690088,,,1.6711633743622056,-1.6711633743622056
1776099043.3711321,-0.02782122562727377,,,
1776099043.371596,,,1.7151434934145138,-5.145430480243541
1776099043.3717782,,3.5318822238550593,,
1776099043.373978,,,5.386408781363861,-5.386408781363861
1776099043.3753755,-0.01720246843543407,,,
1776099043.3758526,,3.7839507924864586,,
1776099043.3764327,,,1.687453565336893,-5.062360696010679
1776099043.378925,,,6.730315395117602,-6.730315395117602
1776099043.3807864,-0.006505087761183952,,,
1776099043.3810105,,3.9988741802737207,,
1776099043.3815954,,,6.609582715281943,-4.957187036461457
1776099043.3840442,,,3.3903450986884507,-6.780690197376901
1776099043.3855317,0.0008500313776291623,,,
1776099043.3858695,,3.911192880618748,,
1776099043.3864117,,,6.714229276134961,-6.714229276134961
1776099043.388926,,,6.673388168128384,-5.005041126096288
1776099043.390462,0.013291424920563068,,,
1776099043.390591,,3.287719077614183,,
1776099043.391422,,,4.9849988758011055,-4.9849988758011055
1776099043.3938935,,,3.375482647419666,-5.0632239711295
1776099043.3955548,0.025551201717866123,,,
1776099043.3959625,,2.85493411333903,,
1776099043.3963838,,,3.278241175519753,-1.6391205877598765
1776099043.3988807,,,1.6612282103760383,-1.6612282103760383
1776099043.4002314,0.03680818268136166,,,
1776099043.4006019,,2.670962912644183,,
1776099043.4013867,,,1.6337230992199432,-1.6337230992199432
1776099043.4040394,,,1.642746948362982,-3.285493896725964
1776099043.4053478,0.05077155351815713,,,
1776099043.4057796,,2.8941100798777386,,
1776099043.4064062,,,3.3130058223879355,-1.6565029111939678
1776099043.408902,,,3.3362386822924788,-5.004358023438718
1776099043.4105136,0.06388300515268525,,,
1776099043.410893,,3.1105804903593564,,
1776099043.411424,,,4.937094899513392,-3.2913965996755943
1776099043.4139462,,,5.0648292468702625,-5.0648292468702625
1776099043.41592,0.07643483355390455,,,
1776099043.4164267,,2.8595439223349706,,
1776099043.4165108,,,3.2065688605342486,-3.2065688605342486
1776099043.4189034,,,5.0977370544846625,-5.0977370544846625
1776099043.4202676,0.07719987209933463,,,
1776099043.4205346,,2.844243151426369,,
1776099043.4214253,,,4.949906459453116,-3.2999376396354103
1776099043.4239378,,,3.3553810854370236,-3.3553810854370236
1776099043.42523,0.07069123332394928,,,
1776099043.4256232,,2.9744159269340757,,
1776099043.4263752,,,3.358498375788411,-3.358498375788411
1776099043.4288988,,,3.297165238259947,-3.297165238259947
1776099043.4302444,0.053722903818178736,,,
1776099043.4306107,,3.3137825170494866,,
1776099043.4313834,,,1.6470021450016914,-1.6470021450016914
1776099043.4339259,,,3.3095512621878167,-3.3095512621878167
1776099043.4354615,0.037468926716914375,,,
1776099043.435878,,3.638862059074774,,
1776099043.4364455,,,4.91302356739993,-3.2753490449332863
1776099043.4389174,,,3.3888813048009503,-3.3888813048009503
1776099043.4403646,0.030965242056019603,,,
1776099043.4408102,,3.7689357522926694,,
1776099043.4414217,,,6.618050049975958,-3.309025024987979
1776099043.4439373,,,6.699895490169463,-5.024921617627097
1776099043.4457839,0.03330817892642356,,,
1776099043.4465601,,,3.3296932132835626,-6.659386426567125
1776099043.44662,,3.72207701488459,,
1776099043.4489322,,,6.745654286917312,-5.059240715187984
1776099043.4505656,0.04164833090848953,,,
1776099043.4512765,,3.5552739752432707,,
1776099043.4518938,,,4.980978739689391,-4.980978739689391
1776099043.4539127,,,6.4109111475659715,-4.808183360674479
1776099043.455309,0.0498998966300785,,,
1776099043.4557695,,3.3902426608114915,,
1776099043.456526,,,3.311528279550679,-3.311528279550679
1776099043.458898,,,5.062362914849522,-3.374908609899681
1776099043.460563,0.05583031354658142,,,
1776099043.4609442,,3.2457874836349534,,
1776099043.4616568,,,3.2835478336387656,-3.2835478336387656
1776099043.4638891,,,5.291718107352175,-3.5278120715681163
1776099043.465281,0.05806423564408095,,,
1776099043.4655368,,3.2269558805314427,,
1776099043.4663923,,,3.2932984542816346,-3.2932984542816346
1776099043.4689045,,,3.324793404537139,-1.6623967022685695
1776099043.4704237,0.05846983272224167,,,
1776099043.4706793,,3.218843938968228,,
1776099043.4714677,,,4.927811906012938,-3.2852079373419585
1776099043.4739165,,,3.345203263102411,-3.345203263102411
1776099043.475867,0.0589514402429151,,,
1776099043.4762743,,3.2092117885547595,,
1776099043.476601,,,4.849419069359559,-4.849419069359559
1776099043.4788935,,,5.28745693812425,-3.5249712920828333
1776099043.4811797,0.05403883626805976,,,
1776099043.4812503,,3.307463868051866,,
1776099043.4814053,,,3.247387843595215,-4.871081765392822
1776099043.483958,,,4.930264593968631,-4.930264593968631
1776099043.48655,0.06687982985927697,,,
1776099043.4866147,,,5.087300663198534,-3.3915337754656893
1776099043.4870853,,3.050643996227522,,
1776099043.4889219,,,3.2897555362899977,-3.2897555362899977
1776099043.4903169,0.07680844361429404,,,
1776099043.4907382,,2.8520717211271807,,
1776099043.491404,,,3.3302001197993905,-3.3302001197993905
1776099043.4938886,,,5.024960968456248,-3.349973978970832
1776099043.4955301,0.08389368975616898,,,
1776099043.495958,,2.710366798289682,,
1776099043.496401,,,3.298996026709133,-3.298996026709133
1776099043.4989738,,,3.321421680927722,-1.660710840463861
1776099043.5003927,0.08913145248288383,,,
1776099043.5009062,,2.605611543755385,,
1776099043.5014482,,,3.3620265706591415,-3.3620265706591415
1776099043.5039358,,,3.3921433701430863,-1.6960716850715432
1776099043.5055254,0.10355675510215372,,,
1776099043.505899,,2.317105491369987,,
1776099043.5065377,,,3.228704316915562,-3.228704316915562
1776099043.5089786,,,3.3466295596108675,-3.3466295596108675
1776099043.5102696,0.10306338857296049,,,
1776099043.5108645,,2.3269728219538517,,
1776099043.511474,,,1.6533806352429035,-1.6533806352429035
1776099043.514106,,,3.350892423911034,-1.675446211955517
1776099043.5166466,0.08944040573096813,,,
1776099043.5167131,,,3.4505255750615285,-3.4505255750615285
1776099043.5171013,,2.599432478793699,,
1776099043.5189142,,,3.3667644591826944,-1.6833822295913472
1776099043.5203874,0.08646976219072916,,,
1776099043.5207531,,2.6588453495984785,,
1776099043.5213828,,,3.3103693954928435,-3.3103693954928435
1776099043.5238836,,,3.3197777424129162,-3.3197777424129162
1776099043.5253377,0.08608870392871676,,,
1776099043.525524,,2.666466514838726,,
1776099043.5263646,,,3.284843551445966,-3.284843551445966
1776099043.5289187,,,3.295779373062045,-3.295779373062045
1776099043.530345,0.08314597046077123,,,
1776099043.5307324,,2.725321184197637,,
1776099043.531415,,,4.942729728664293,-3.2951531524428623
1776099043.533903,,,3.36600061471064,-3.36600061471064
1776099043.535865,0.08216286732591932,,,
1776099043.5362327,,2.744983246894675,,
1776099043.5365472,,,3.125110542085055,-3.125110542085055
1776099043.5389445,,,3.5429927387725093,-3.5429927387725093
1776099043.5404549,0.066552961107494,,,
1776099043.5414565,,3.057181371263182,,
1776099043.5415347,,,3.3281748577615997,-3.3281748577615997
1776099043.5439472,,,3.325672237198098,-1.662836118599049
1776099043.5460114,0.041956283675642345,,,
1776099043.5460675,,3.5491149199002145,,
1776099043.5465913,,,3.3487050212887324,-3.3487050212887324
1776099043.5488806,,,3.3530534832005294,-3.3530534832005294
1776099043.550556,0.014256630613018738,,,
1776099043.5510592,,4.103107981152687,,
1776099043.5514603,,,1.579075317250792,-4.737225951752376
1776099043.5539007,,,5.10399510867528,-5.10399510867528
1776099043.5555356,-0.028934087601200496,,,
1776099043.5558243,,4.966922345437071,,
1776099043.556369,,,6.618789591616011,-4.964092193712008
1776099043.5589216,,,6.62786240875025,-6.62786240875025
1776099043.5604415,-0.0777894033042644,,,
1776099043.5609367,,5.94402865949835,,
1776099043.5615494,,,3.281500583936823,-6.563001167873646
1776099043.5639195,,,8.411118759034967,-5.04667125542098
1776099043.565694,-0.12663714504907053,,,
1776099043.5665212,,5.858332016871147,,
1776099043.5666034,,,3.301301527348188,-4.951952291022282
1776099043.5689123,,,4.9310855062742895,0.0
1776099043.5704167,-0.16819239778809747,,,
1776099043.5709128,,6.689437071651686,,
1776099043.5714712,,,9.66030595690998,-4.83015297845499
1776099043.5739207,,,8.52906547529208,0.0
1776099043.575263,-0.20745369901376068,,,
1776099043.575648,,1.1797587568943824,,
1776099043.5763633,,,6.660613410016624,-3.330306705008312
1776099043.5788739,,,9.903114848455381,-3.30103828281846
1776099043.5802488,-0.24851435976750608,,,
1776099043.5806596,,1.7596903990261183,,
1776099043.5813885,,,9.810510645324802,-1.6350851075541337
1776099043.583891,,,6.625746519812187,-1.6564366299530469
1776099043.58528,-0.29610972970194344,,,
1776099043.5857143,,2.6179363146783943,,
1776099043.586377,,,4.925399464086738,1.6417998213622458
1776099043.5889041,,,4.976251029309186,1.6587503431030617
1776099043.5902574,-0.3473263995549665,,,
1776099043.5906608,,3.8514425828160395,,
1776099043.5914228,,,4.946728589610003,0.0
1776099043.5939722,,,3.2875447300473484,0.0
1776099043.5953438,-0.40551784945183644,,,
1776099043.5958526,,5.0152715807534385,,
1776099043.596398,,,5.058706690563453,-1.6862355635211508
1776099043.5989377,,,8.330036096428888,-1.6660072192857778
1776099043.600585,-0.4633810116693607,,,
1776099043.600923,,7.239050005341413,,
1776099043.601467,,,6.527659979209827,-3.2638299896049134
1776099043.6039608,,,8.371831730208795,-3.3487326920835176
1776099043.605464,-0.5237995188667947,,,
1776099043.6059077,,8.807144195091618,,
1776099043.606398,,,10.105529391692542,-5.052764695846271
1776099043.6088958,,,9.969201745171821,-6.6461344967812135
1776099043.6103609,-0.566656236786447,,,
1776099043.6110501,,10.019605972059729,,
1776099043.6119676,,,6.738964158570324,-6.738964158570324
1776099043.6139183,,,10.90291039279499,-8.722328314235993
1776099043.6158953,-0.5693390123856644,,,
1776099043.6164026,,10.659611678700566,,
1776099043.616456,,,3.30043552608513,-3.30043552608513
1776099043.6189373,,,8.08896746438435,-6.471173971507479
1776099043.6203554,-0.5299565068313254,,,
1776099043.6208012,,9.659324687206663,,
1776099043.6215591,,,5.00443825122885,-8.340730418714749
1776099043.6239045,,,10.3001208241854,-10.3001208241854
1776099043.6257393,-0.4686942433750843,,,
1776099043.6264672,,8.556119131398209,,
1776099043.626632,,,4.931277091815598,-6.575036122420797
1776099043.6290135,,,10.08192417434375,-10.08192417434375
1776099043.6307876,-0.4157348748912033,,,
1776099043.6312766,,6.99038701278081,,
1776099043.63133,,,8.36678117624287,-6.693424940994296
1776099043.6339827,,,11.500224763193307,-9.857335511308548
1776099043.6357462,-0.37675457298528736,,,
1776099043.636214,,5.724487357190055,,
1776099043.6367135,,,3.279507565548228,-6.559015131096456
1776099043.63899,,,0.0,-4.416379595456092
1776099043.6407495,-0.3617153931638359,,,
1776099043.6413019,,5.11940386423855,,
1776099043.6417787,,,4.90981146489011,-8.183019108150182
1776099043.643925,,,3.996713077232873,-7.993426154465746
1776099043.6455803,-0.3874270968253663,,,
1776099043.6460118,,5.3045570511247995,,
1776099043.6464627,,,3.3224564207520766,-4.983684631128115
1776099043.6488936,,,10.0638671907685,-6.7092447938456665
1776099043.650312,-0.4382535728075856,,,
1776099043.6505735,,6.8067140326012465,,
1776099043.651378,,,1.6495891846153419,-1.6495891846153419
1776099043.6539426,,,8.202391665444553,-8.202391665444553
1776099043.6554418,-0.4971250945267152,,,
1776099043.6557775,,7.470272005999953,,
1776099043.6564028,,,6.705242680656643,-5.028932010492483
1776099043.6589298,,,9.89635631733913,-8.246963597782607
1776099043.6606982,-0.5504003757486371,,,
1776099043.6611223,,8.896034600752216,,
1776099043.6616232,,,4.701695113150059,-4.701695113150059
1776099043.6639867,,,10.972283482237781,-10.972283482237781
1776099043.6653636,-0.5947026731386917,,,
1776099043.6662776,,9.171082595203012,,
1776099043.666878,,,9.7022314659859,-4.85111573299295
1776099043.6689165,,,6.624164763457272,-4.968123572592955
1776099043.6706269,-0.6383958498648196,,,
1776099043.6710944,,0.0,,
1776099043.6716447,,,3.094502173471141,-6.189004346942282
1776099043.6739337,,,9.287350937779468,-11.144821125335362
1776099043.6755137,-0.6625217533442975,,,
1776099043.676102,,0.0,,
1776099043.6764455,,,6.604174529329772,-8.255218161662214
1776099043.6788821,,,10.237985827474867,-10.237985827474867
1776099043.6806357,-0.6905034658178214,,,
1776099043.681007,,0.0,,
1776099043.6816714,,,6.153922470876531,-10.769364324033932
1776099043.6839223,,,7.592687026172744,-11.389030539259117
1776099043.685813,-0.7139165989300813,,,
1776099043.68628,,0.0,,
1776099043.6868176,,,9.091484821536039,-7.576237351280032
1776099043.6889098,,,12.152624012708335,-12.152624012708335
1776099043.6907132,-0.7422812166418089,,,
1776099043.690974,,0.0,,
1776099043.6914313,,,6.520137118239318,-6.520137118239318
1776099043.693888,,,8.494425091283453,-6.795540073026763
1776099043.6954598,-0.7616837841137656,,,
1776099043.695933,,0.0,,
1776099043.6965687,,,4.889105106906282,-4.889105106906282
1776099043.6989217,,,5.049166463152166,-10.098332926304332
1776099043.7004573,-0.765592219767878,,,
1776099043.7007816,,0.0,,
1776099043.7014048,,,6.696443168711403,-8.370553960889254
1776099043.7038825,,,8.351854432349848,-10.022225318819817
1776099043.7052493,-0.7969320827798172,,,
1776099043.705568,,0.0,,
1776099043.7063975,,,8.1220868409919,-4.8732521045951405
1776099043.708881,,,6.682451903720383,-8.353064879650479
1776099043.7101526,-0.8173571750189192,,,
1776099043.7106278,,0.0,,
1776099043.7114706,,,8.012404792761172,-8.012404792761172
1776099043.713924,,,5.0486345630596645,-6.731512750746219
1776099043.715637,-0.8522256598554602,,,
1776099043.7163198,,0.0,,
1776099043.7163754,,,6.677085980499446,-8.346357475624307
1776099043.7188823,,,5.095613979450765,-6.7941519726010196
1776099043.7209554,-0.8802842071933731,,,
1776099043.7214282,,0.0,,
1776099043.721654,,,6.126763530997208,-7.65845441374651
1776099043.723933,,,5.463220223956849,-5.463220223956849
1776099043.7252424,-0.8902019168110982,,,
1776099043.7257676,,0.0,,
1776099043.7264297,,,4.992460813507488,-6.656614418009983
1776099043.7289135,,,5.009904128475222,-6.679872171300295
1776099043.7304037,-0.9027912460024486,,,
1776099043.7307181,,0.0,,
1776099043.7314243,,,4.8544779382374434,-6.472637250983258
1776099043.733901,,,3.3570063300244533,-6.7140126600489065
1776099043.735328,-0.9061827241416051,,,
1776099043.7360296,,0.0,,
1776099043.7364097,,,4.893745322451863,-4.893745322451863
1776099043.7389169,,,3.3668189276149456,-5.050228391422419
1776099043.7405486,-0.9172257932975796,,,
1776099043.7408538,,0.0,,
1776099043.7415936,,,4.895168150745431,-4.895168150745431
1776099043.7439597,,,3.361430686291116,-3.361430686291116
1776099043.7452204,-0.9416125828516919,,,
1776099043.7456758,,0.0,,
1776099043.7463796,,,3.387664677410178,-5.081497016115267
1776099043.748934,,,1.6548552943064365,-3.309710588612873
1776099043.7503428,-0.9361575233409031,,,
1776099043.7507098,,0.0,,
1776099043.7514193,,,3.3069984427836245,-3.3069984427836245
1776099043.7539287,,,3.362706371561055,-3.362706371561055
1776099043.7553504,-0.9312253605708966,,,
1776099043.7558198,,0.0,,
1776099043.7565105,,,1.6542359726135158,-1.6542359726135158
1776099043.7590892,,,1.6203536191441557,0.0
1776099043.7610228,-0.9288379043451341,,,
1776099043.7613506,,0.0,,
1776099043.7614095,,,1.7336937679581026,-3.467387535916205
1776099043.7638917,,,1.6992464348142888,-1.6992464348142888
1776099043.76534,-0.910606271220922,,,
1776099043.7657773,,0.0,,
1776099043.7664146,,,1.6357415966579947,-3.2714831933159894
1776099043.7688797,,,1.6756751883064653,-1.6756751883064653
1776099043.7701356,-0.8657980497450619,,,
1776099043.7703846,,0.0,,
1776099043.7713742,,,1.6472889581219472,-1.6472889581219472
1776099043.773883,,,0.0,0.0
1776099043.7752304,-0.8185920609878109,,,
1776099043.775623,,0.0,,
1776099043.7763474,,,0.0,-1.6488826942991899
1776099043.7789552,,,0.0,-1.6231873451265812
1776099043.7804227,-0.7680028357629828,,,
1776099043.780994,,0.0,,
1776099043.781409,,,0.0,-1.6748121138014695
1776099043.7838972,,,0.0,0.0
1776099043.7862308,-0.7223911836288236,,,
1776099043.786602,,,0.0,0.0
1776099043.786997,,0.0,,
1776099043.7889159,,,0.0,0.0
1776099043.7905982,-0.691681457871405,,,
1776099043.7909439,,0.0,,
1776099043.7913935,,,0.0,0.0
1776099043.7938714,,,0.0,1.6600212764086677
1776099043.7953546,-0.6796624513186521,,,
1776099043.795478,,0.0,,
1776099043.7963893,,,0.0,0.0
1776099043.7989008,,,0.0,1.6668756741009725
1776099043.8002229,-0.6797380225563592,,,
1776099043.8005767,,0.0,,
1776099043.8014178,,,0.0,0.0
1776099043.8039272,,,0.0,0.0
1776099043.805349,-0.7170782663821877,,,
1776099043.8056662,,0.0,,
1776099043.8063786,,,0.0,0.0
1776099043.8089113,,,0.0,0.0
1776099043.8102198,-0.746265720036417,,,
1776099043.8105624,,0.0,,
1776099043.811415,,,0.0,0.0
1776099043.8139074,,,0.0,-1.6658601621030056
1776099043.815264,-0.7692448062968529,,,
1776099043.8157296,,0.0,,
1776099043.816405,,,0.0,0.0
1776099043.8189135,,,0.0,0.0
1776099043.82033,-0.7872017569199691,,,
1776099043.82056,,0.0,,
1776099043.8214123,,,0.0,0.0
1776099043.8239,,,0.0,0.0
1776099043.8255389,-0.804821902479474,,,
1776099043.8259506,,0.0,,
1776099043.826411,,,0.0,0.0
1776099043.8289104,,,0.0,0.0
1776099043.8302784,-0.8216951984709362,,,
1776099043.8307152,,0.0,,
1776099043.8313937,,,0.0,0.0
1776099043.8339105,,,0.0,0.0
1776099043.8353038,-0.8486914605122168,,,
1776099043.8358097,,0.0,,
1776099043.836396,,,0.0,0.0
1776099043.8388982,,,0.0,0.0
1776099043.8402383,-0.8661407881340762,,,
1776099043.840572,,0.0,,
1776099043.8413832,,,0.0,0.0
1776099043.8438919,,,0.0,0.0
1776099043.8452237,-0.873876842879707,,,
1776099043.8455555,,0.0,,
1776099043.8463953,,,0.0,0.0
1776099043.8489046,,,0.0,0.0
1776099043.850307,-0.8753502576351799,,,
1776099043.8506482,,0.0,,
1776099043.8513732,,,0.0,0.0
1776099043.8539655,,,0.0,0.0
1776099043.8553784,-0.8783808338761541,,,
1776099043.8559437,,0.0,,
1776099043.8565087,,,0.0,0.0
1776099043.8589146,,,0.0,0.0
1776099043.8603406,-0.8787698250004127,,,
1776099043.8606715,,0.0,,
1776099043.8613844,,,0.0,0.0
1776099043.8639035,,,0.0,0.0
1776099043.8654597,-0.8787204316570804,,,
1776099043.8660588,,0.0,,
1776099043.86637,,,0.0,0.0
1776099043.869077,,,0.0,0.0
1776099043.8702314,-0.8807875310650344,,,
1776099043.8705392,,0.0,,
1776099043.871431,,,0.0,0.0
1776099043.8738806,,,0.0,0.0
1776099043.8756979,-0.8847234114793875,,,
1776099043.8760157,,0.0,,
1776099043.876409,,,0.0,0.0
1776099043.8788965,,,0.0,0.0
1776099043.880235,-0.8900706382382013,,,
1776099043.8806381,,0.0,,
1776099043.8813763,,,0.0,0.0
1776099043.8838856,,,0.0,0.0
1776099043.885412,-0.8968933755790648,,,
1776099043.8857708,,0.0,,
1776099043.8863893,,,0.0,0.0
1776099043.8888917,,,0.0,0.0
1776099043.8904448,-0.9047760777148969,,,
1776099043.8907437,,0.0,,
1776099043.8913722,,,0.0,0.0
1776099043.8938937,,,0.0,0.0
1776099043.895226,-0.9141944579746938,,,
1776099043.8955703,,0.0,,
1776099043.8963716,,,0.0,0.0
1776099043.8988914,,,0.0,0.0
1776099043.9002428,-0.924372759405169,,,
1776099043.9006562,,0.0,,
1776099043.901386,,,0.0,0.0
1776099043.9038932,,,0.0,0.0
1776099043.9052398,-0.9341377521006503,,,
1776099043.905591,,0.0,,
1776099043.9063792,,,0.0,0.0
1776099043.9088871,,,0.0,0.0
1776099043.9102323,-0.9434207917194976,,,
1776099043.9105814,,0.0,,
1776099043.9113688,,,0.0,0.0
1776099043.9138927,,,0.0,0.0
1776099043.9157772,-0.9520020797041991,,,
1776099043.91609,,0.0,,
1776099043.9164073,,,0.0,0.0
1776099043.9189112,,,0.0,0.0
1776099043.9202578,-0.959264452667564,,,
1776099043.920625,,0.0,,
1776099043.921421,,,0.0,0.0
1776099043.9239323,,,0.0,0.0
1776099043.9256394,-0.9647216739844279,,,
1776099043.926522,,,0.0,0.0
1776099043.9271324,,0.0,,
1776099043.9289722,,,0.0,0.0
1776099043.9302878,-0.9690190225100479,,,
1776099043.9306242,,0.0,,
1776099043.931381,,,0.0,0.0
1776099043.9338899,,,0.0,0.0
1776099043.935254,-0.9726268087656332,,,
1776099043.9356513,,0.0,,
1776099043.9363737,,,0.0,0.0
1776099043.9389179,,,0.0,0.0
1776099043.940305,-0.9755355567898811,,,
1776099043.9406705,,0.0,,
1776099043.9413962,,,0.0,0.0
1776099043.943909,,,0.0,0.0
1776099043.945431,-0.9776831039447467,,,
1776099043.9461925,,0.0,,
1776099043.946405,,,0.0,0.0
1776099043.948912,,,0.0,0.0
1776099043.950271,-0.9796345626623382,,,
1776099043.9507453,,0.0,,
1776099043.9514065,,,0.0,0.0
1776099043.953909,,,0.0,0.0
1776099043.9555292,-0.9815331075126482,,,
1776099043.9558344,,0.0,,
1776099043.956393,,,0.0,0.0
1776099043.9589045,,,0.0,0.0
1776099043.960579,-0.9834237359127197,,,
1776099043.960901,,0.0,,
1776099043.9615455,,,0.0,0.0
1776099043.9639225,,,0.0,0.0
1776099043.9652677,-0.9854995417584194,,,
1776099043.9656131,,0.0,,
1776099043.9663904,,,0.0,0.0
1776099043.9688933,,,0.0,0.0
1776099043.970509,-0.9878473628901621,,,
1776099043.9707913,,0.0,,
1776099043.971375,,,0.0,0.0
1776099043.973883,,,0.0,0.0
1776099043.9752305,-0.9902846522472049,,,
1776099043.9755557,,0.0,,
1776099043.9763737,,,0.0,0.0
1776099043.9788978,,,0.0,0.0
1776099043.9802155,-0.9927992490617228,,,
1776099043.9805675,,0.0,,
1776099043.981402,,,0.0,0.0
1776099043.983906,,,0.0,0.0
1776099043.9853888,-0.9953647645393477,,,
1776099043.9858696,,0.0,,
1776099043.9869895,,,0.0,0.0
1776099043.9888976,,,0.0,0.0
1776099043.990252,-0.9978103667310524,,,
1776099043.9909842,,0.0,,
1776099043.9913843,,,0.0,0.0
1776099043.9938982,,,0.0,0.0
1776099043.9951882,-1.0000706942552384,,,
1776099043.99541,,0.0,,
1776099043.9963737,,,0.0,0.0
1776099043.9988782,,,0.0,0.0
1776099044.0003464,-1.002105149281905,,,
1776099044.0006745,,0.0,,
1776099044.0013754,,,0.0,0.0
1776099044.0038998,,,0.0,0.0
1776099044.0052152,-1.0039118973842167,,,
1776099044.005599,,0.0,,
1776099044.0063653,,,0.0,0.0
1776099044.0088835,,,0.0,0.0
1776099044.0101714,-1.0054427287080487,,,
1776099044.010519,,0.0,,
1776099044.011388,,,0.0,0.0
1776099044.0139353,,,0.0,0.0
1776099044.0165744,-1.0067825409053683,,,
1776099044.0166342,,,0.0,0.0
1776099044.017188,,0.0,,
1776099044.0188959,,,0.0,0.0
1776099044.0202413,-1.0081565925613223,,,
1776099044.0208154,,0.0,,
1776099044.021369,,,0.0,0.0
1776099044.0238764,,,0.0,0.0
1776099044.0252612,-1.0096774736105227,,,
1776099044.0259728,,0.0,,
1776099044.0264187,,,0.0,0.0
1776099044.028888,,,0.0,0.0
1776099044.0302,-1.0110938041646802,,,
1776099044.0306344,,0.0,,
1776099044.031368,,,0.0,0.0
1776099044.0338652,,,0.0,0.0
1776099044.0352046,-1.012607133301204,,,
1776099044.035533,,0.0,,
1776099044.0363617,,,0.0,0.0
1776099044.038893,,,0.0,0.0
1776099044.0403175,-1.0140990822742577,,,
1776099044.040677,,0.0,,
1776099044.0414019,,,0.0,0.0
1776099044.043907,,,0.0,0.0
1776099044.0453215,-1.0155245881952313,,,
1776099044.0456307,,0.0,,
1776099044.0464249,,,0.0,0.0
1776099044.048906,,,0.0,0.0
1776099044.0502324,-1.016732929402961,,,
1776099044.0506885,,0.0,,
1776099044.0513992,,,0.0,0.0
1776099044.053913,,,0.0,0.0
1776099044.0553243,-1.0177730494196602,,,
1776099044.055735,,0.0,,
1776099044.0564191,,,0.0,0.0
1776099044.0589173,,,0.0,0.0
1776099044.0605345,-1.0185220257915564,,,
1776099044.0611255,,0.0,,
1776099044.061526,,,0.0,0.0
1776099044.0638962,,,0.0,0.0
1776099044.0652897,-1.0192920351164325,,,
1776099044.0656433,,0.0,,
1776099044.066394,,,0.0,0.0
1776099044.0689137,,,0.0,0.0
1776099044.070285,-1.0198934072386465,,,
1776099044.0706384,,0.0,,
1776099044.0714161,,,0.0,0.0
1776099044.0739298,,,0.0,0.0
1776099044.0753326,-1.020557121708685,,,
1776099044.075598,,0.0,,
1776099044.0764,,,0.0,0.0
1776099044.0789025,,,0.0,0.0
1776099044.0802858,-1.0212567267405908,,,
1776099044.0810952,,0.0,,
1776099044.0814037,,,0.0,0.0
1776099044.083895,,,0.0,0.0
1776099044.0853705,-1.0220317931508818,,,
1776099044.0857306,,0.0,,
1776099044.0863771,,,0.0,0.0
1776099044.0888987,,,0.0,0.0
1776099044.0903006,-1.0227080605568202,,,
1776099044.0905557,,0.0,,
1776099044.0913875,,,0.0,0.0
1776099044.0938783,,,0.0,0.0
1776099044.095223,-1.0235884895824925,,,
1776099044.0955563,,0.0,,
1776099044.0963771,,,0.0,0.0
1776099044.098875,,,0.0,0.0
1776099044.100237,-1.0243793153265353,,,
1776099044.1005538,,0.0,,
1776099044.1014254,,,0.0,0.0
1776099044.103916,,,0.0,0.0
1776099044.1058965,-1.0250905874369254,,,
1776099044.106205,,0.0,,
1776099044.1063886,,,0.0,0.0
1776099044.108906,,,0.0,0.0
1776099044.1103683,-1.0257528666418052,,,
1776099044.110884,,0.0,,
1776099044.111433,,,0.0,0.0
1776099044.113882,,,0.0,0.0
1776099044.1151872,-1.0265020453606393,,,
1776099044.115533,,0.0,,
1776099044.1163595,,,0.0,0.0
1776099044.1188798,,,0.0,0.0
1776099044.1202004,-1.0270503456971922,,,
1776099044.120576,,0.0,,
1776099044.1213675,,,0.0,0.0
1776099044.1238544,,,0.0,0.0
1776099044.1251948,-1.0275505406019914,,,
1776099044.1255393,,0.0,,
1776099044.1263807,,,0.0,0.0
1776099044.1288989,,,0.0,0.0
1776099044.130242,-1.0280546985439125,,,
1776099044.130617,,0.0,,
1776099044.1313837,,,0.0,0.0
1776099044.1339307,,,0.0,0.0
1776099044.135424,-1.028565994770511,,,
1776099044.1357934,,0.0,,
1776099044.136671,,,0.0,0.0
1776099044.1389525,,,0.0,0.0
1776099044.1404376,-1.0289894134677702,,,
1776099044.1406822,,0.0,,
1776099044.141405,,,0.0,0.0
1776099044.143892,,,0.0,0.0
1776099044.1452808,-1.0293468467903406,,,
1776099044.1456459,,0.0,,
1776099044.1463816,,,0.0,0.0
1776099044.1489003,,,0.0,0.0
1776099044.150215,-1.0297023594571872,,,
1776099044.1506078,,0.0,,
1776099044.151384,,,0.0,0.0
1776099044.1538684,,,0.0,0.0
1776099044.1551895,-1.0299826720079908,,,
1776099044.1555138,,0.0,,
1776099044.156385,,,0.0,0.0
1776099044.1588857,,,0.0,0.0
1776099044.1602018,-1.0302713580121479,,,
1776099044.1604693,,0.0,,
1776099044.161388,,,0.0,0.0
1776099044.1639326,,,0.0,0.0
1776099044.16552,-1.0305757966546625,,,
1776099044.1657858,,0.0,,
1776099044.166402,,,0.0,0.0
1776099044.1689067,,,0.0,0.0
1776099044.1702952,-1.0309406402267476,,,
1776099044.1705613,,0.0,,
1776099044.1713853,,,0.0,0.0
1776099044.1739047,,,0.0,0.0
1776099044.1754677,-1.0312438717812202,,,
1776099044.1758308,,0.0,,
1776099044.1763895,,,0.0,0.0
1776099044.1789148,,,0.0,0.0
1776099044.1802514,-1.0315693617565598,,,
1776099044.1806238,,0.0,,
1776099044.1813936,,,0.0,0.0
1776099044.183892,,,0.0,0.0
1776099044.185513,-1.031773639811562,,,
1776099044.1858587,,0.0,,
1776099044.1863954,,,0.0,0.0
1776099044.188902,,,0.0,0.0
1776099044.1902833,-1.0320121071915023,,,
1776099044.190623,,0.0,,
1776099044.1913621,,,0.0,0.0
1776099044.1939058,,,0.0,0.0
1776099044.195411,-1.0323239181485593,,,
1776099044.1957538,,0.0,,
1776099044.1963744,,,0.0,0.0
1776099044.198889,,,0.0,0.0
1776099044.2002432,-1.032712238865844,,,
1776099044.2005482,,0.0,,
1776099044.2013752,,,0.0,0.0
1776099044.2039087,,,0.0,0.0
1776099044.2052548,-1.0331194487692572,,,
1776099044.2056086,,0.0,,
1776099044.2063868,,,0.0,0.0
1776099044.2088885,,,0.0,0.0
1776099044.2102456,-1.0335107352128035,,,
1776099044.2106242,,0.0,,
1776099044.2113848,,,0.0,0.0
1776099044.2139063,,,0.0,0.0
1776099044.215407,-1.0338262045079867,,,
1776099044.2157822,,0.0,,
1776099044.216391,,,0.0,0.0
1776099044.2189057,,,0.0,0.0
1776099044.2203956,-1.0340285540746925,,,
1776099044.2208202,,0.0,,
1776099044.22142,,,0.0,0.0
1776099044.2239037,,,0.0,0.0
1776099044.2253544,-1.0341457160511875,,,
1776099044.2255828,,0.0,,
1776099044.2263856,,,0.0,0.0
1776099044.2288883,,,0.0,0.0
1776099044.2302632,-1.0342677848917332,,,
1776099044.2304537,,0.0,,
1776099044.2313814,,,0.0,0.0
1776099044.2338908,,,0.0,0.0
1776099044.2353663,-1.0344396278944437,,,
1776099044.2357209,,0.0,,
1776099044.236376,,,0.0,0.0
1776099044.238894,,,0.0,0.0
1776099044.24037,-1.0346471452649626,,,
1776099044.2407155,,0.0,,
1776099044.2413795,,,0.0,0.0
1776099044.2438893,,,0.0,0.0
1776099044.2455678,-1.0348801286328588,,,
1776099044.2464132,,0.0,,
1776099044.2465343,,,0.0,0.0
1776099044.248889,,,0.0,0.0
1776099044.2502873,-1.0351395440965045,,,
1776099044.2507248,,0.0,,
1776099044.2515886,,,0.0,0.0
1776099044.2539613,,,0.0,0.0
1776099044.2552886,-1.0353377970673159,,,
1776099044.2555687,,0.0,,
1776099044.256388,,,0.0,0.0
1776099044.2589004,,,0.0,0.0
1776099044.2602408,-1.0354901448534233,,,
1776099044.2605538,,0.0,,
1776099044.2613769,,,0.0,0.0
1776099044.2638874,,,0.0,0.0
1776099044.265455,-1.0356082558432917,,,
1776099044.2658007,,0.0,,
1776099044.2663736,,,0.0,0.0
1776099044.268895,,,0.0,0.0
1776099044.270254,-1.0357155473268582,,,
1776099044.2706032,,0.0,,
1776099044.2713845,,,0.0,0.0
1776099044.2738936,,,0.0,0.0
1776099044.275374,-1.0358308312475408,,,
1776099044.275751,,0.0,,
1776099044.2763982,,,0.0,0.0
1776099044.2789037,,,0.0,0.0
1776099044.280236,-1.0358918931155088,,,
1776099044.2805853,,0.0,,
1776099044.2813995,,,0.0,0.0
1776099044.283926,,,0.0,0.0
1776099044.2853956,-1.0359567691481182,,,
1776099044.2857673,,0.0,,
1776099044.2863967,,,0.0,0.0
1776099044.2889042,,,0.0,0.0
1776099044.2904756,-1.0360012175576532,,,
1776099044.2908254,,0.0,,
1776099044.2914083,,,0.0,0.0
1776099044.293901,,,0.0,0.0
1776099044.295249,-1.035990694781761,,,
1776099044.295635,,0.0,,
1776099044.2963998,,,0.0,0.0
1776099044.2989125,,,0.0,0.0
1776099044.3003085,-1.0359541605435643,,,
1776099044.3008604,,0.0,,
1776099044.3013983,,,0.0,0.0
1776099044.3039,,,0.0,0.0
1776099044.3052459,-1.0361164683749025,,,
1776099044.3056116,,0.0,,
1776099044.3063781,,,0.0,0.0
1776099044.3088732,,,0.0,0.0
1776099044.3106017,-1.036296946259446,,,
1776099044.3109598,,0.0,,
1776099044.3114173,,,0.0,0.0
1776099044.3139136,,,0.0,0.0
1776099044.3152702,-1.0365438391564379,,,
1776099044.3155215,,0.0,,
1776099044.3163948,,,0.0,0.0
1776099044.318897,,,0.0,0.0
1776099044.320184,-1.0367957246904722,,,
1776099044.3205245,,0.0,,
1776099044.3213863,,,0.0,0.0
1776099044.3238974,,,0.0,0.0
1776099044.325221,-1.0369846071521829,,,
1776099044.3255632,,0.0,,
1776099044.3263774,,,0.0,0.0
1776099044.3288887,,,0.0,0.0
1776099044.3302774,-1.0371225888437623,,,
1776099044.3305018,,0.0,,
1776099044.3315287,,,0.0,0.0
1776099044.3339906,,,0.0,0.0
1776099044.3355405,-1.0372621578735557,,,
1776099044.3359883,,0.0,,
1776099044.3364117,,,0.0,0.0
1776099044.3388915,,,0.0,0.0
1776099044.3403008,-1.0373478840208612,,,
1776099044.3406847,,0.0,,
1776099044.3414176,,,0.0,0.0
1776099044.3439083,,,0.0,0.0
1776099044.3452127,-1.037460363003874,,,
1776099044.3456721,,0.0,,
1776099044.346366,,,0.0,0.0
1776099044.3488815,,,0.0,0.0
1776099044.3501694,-1.0376130732271487,,,
1776099044.3505218,,0.0,,
1776099044.3513777,,,0.0,0.0
1776099044.353895,,,0.0,0.0
1776099044.355305,-1.0377095957976394,,,
1776099044.35563,,0.0,,
1776099044.356393,,,0.0,0.0
1776099044.358898,,,0.0,0.0
1776099044.3603272,-1.0377523568005864,,,
1776099044.3606663,,0.0,,
1776099044.3614047,,,0.0,0.0
1776099044.3638906,,,0.0,0.0
1776099044.3652298,-1.037799077545371,,,
1776099044.3655612,,0.0,,
1776099044.3663812,,,0.0,0.0
1776099044.3689022,,,0.0,0.0
1776099044.3702161,-1.0377732997927738,,,
1776099044.3705952,,0.0,,
1776099044.3714755,,,0.0,0.0
1776099044.373934,,,0.0,0.0
1776099044.37534,-1.0376639382158257,,,
1776099044.375732,,0.0,,
1776099044.3763986,,,0.0,0.0
1776099044.3789067,,,0.0,0.0
1776099044.3803208,-1.0374993227330218,,,
1776099044.3805811,,0.0,,
1776099044.3813992,,,0.0,0.0
1776099044.3838959,,,0.0,0.0
1776099044.3853588,-1.0373057555875285,,,
1776099044.3857417,,0.0,,
1776099044.3863707,,,0.0,0.0
1776099044.3888736,,,0.0,0.0
1776099044.3902197,-1.0370849658415644,,,
1776099044.3905175,,0.0,,
1776099044.3913665,,,0.0,0.0
1776099044.3938918,,,0.0,0.0
1776099044.3954334,-1.0370292484710923,,,
1776099044.395774,,0.0,,
1776099044.3963795,,,0.0,0.0
1776099044.3989036,,,0.0,0.0
1776099044.4004061,-1.0370524837732493,,,
1776099044.4007456,,0.0,,
1776099044.4013975,,,0.0,0.0
1776099044.4039154,,,0.0,0.0
1776099044.4053965,-1.037123280252636,,,
1776099044.4056737,,0.0,,
1776099044.406377,,,0.0,0.0
1776099044.4088738,,,0.0,0.0
1776099044.410303,-1.0372920237515333,,,
1776099044.4107125,,0.0,,
1776099044.4113803,,,0.0,0.0
1776099044.4138842,,,0.0,0.0
1776099044.4154146,-1.037520855203272,,,
1776099044.415779,,0.0,,
1776099044.4163916,,,0.0,0.0
1776099044.4188964,,,0.0,0.0
1776099044.420231,-1.0376330160613314,,,
1776099044.4206142,,0.0,,
1776099044.4213798,,,0.0,0.0
1776099044.4238899,,,0.0,0.0
1776099044.4252107,-1.0378307760525747,,,
1776099044.425546,,0.0,,
1776099044.4263868,,,0.0,0.0
1776099044.4288964,,,0.0,0.0
1776099044.4302323,-1.0380050885658851,,,
1776099044.4305713,,0.0,,
1776099044.4314013,,,0.0,0.0
1776099044.4339306,,,0.0,0.0
1776099044.435643,-1.0381887138382606,,,
1776099044.4359608,,0.0,,
1776099044.436457,,,0.0,0.0
1776099044.4388974,,,0.0,0.0
1776099044.4403667,-1.0383086241601784,,,
1776099044.4407713,,0.0,,
1776099044.441399,,,0.0,0.0
1776099044.4439006,,,0.0,0.0
1776099044.4452703,-1.038518201587654,,,
1776099044.4457414,,0.0,,
1776099044.4464083,,,0.0,0.0
1776099044.4489114,,,0.0,0.0
1776099044.4502456,-1.0386913565745384,,,
1776099044.4508767,,0.0,,
1776099044.4514043,,,0.0,0.0
1776099044.4539044,,,0.0,0.0
1776099044.4553175,-1.038831200100916,,,
1776099044.4556928,,0.0,,
1776099044.456379,,,0.0,0.0
1776099044.4589005,,,0.0,0.0
1776099044.4602344,-1.038902814137224,,,
1776099044.4608374,,0.0,,
1776099044.4613998,,,0.0,0.0
1776099044.4639409,,,0.0,0.0
1776099044.4652822,-1.0389881194439456,,,
1776099044.465805,,0.0,,
1776099044.4663916,,,0.0,0.0
1776099044.4688876,,,0.0,0.0
1776099044.4702418,-1.039263829432349,,,
1776099044.470602,,0.0,,
1776099044.4713833,,,0.0,0.0
1776099044.473887,,,0.0,0.0
1776099044.4752584,-1.0395578324219261,,,
1776099044.475613,,0.0,,
1776099044.4763877,,,0.0,0.0
1776099044.4788918,,,0.0,0.0
1776099044.4802377,-1.0397870635857078,,,
1776099044.4805605,,0.0,,
1776099044.4813743,,,0.0,0.0
1776099044.483885,,,0.0,0.0
1776099044.4852436,-1.0399610878313807,,,
1776099044.4856818,,0.0,,
1776099044.486381,,,0.0,0.0
1776099044.4888947,,,0.0,0.0
1776099044.4903774,-1.0400138842000068,,,
1776099044.4908824,,0.0,,
1776099044.4916239,,,0.0,0.0
1776099044.4939451,,,0.0,0.0
1776099044.4952624,-1.0398085325500195,,,
1776099044.4957676,,0.0,,
1776099044.4963763,,,0.0,0.0
1776099044.4988701,,,0.0,0.0
1776099044.5003166,-1.0395252949688727,,,
1776099044.5008616,,0.0,,
1776099044.501362,,,0.0,0.0
1776099044.5038874,,,0.0,0.0
1776099044.5054026,-1.0393214116441984,,,
1776099044.5057395,,0.0,,
1776099044.506409,,,0.0,0.0
1776099044.5089042,,,0.0,0.0
1776099044.510422,-1.039164365810866,,,
1776099044.5108254,,0.0,,
1776099044.5114152,,,0.0,0.0
1776099044.5139327,,,0.0,0.0
1776099044.5155244,-1.0390363555596407,,,
1776099044.5158393,,0.0,,
1776099044.516388,,,0.0,0.0
1776099044.5189037,,,0.0,0.0
1776099044.520473,-1.0388413977243538,,,
1776099044.520965,,0.0,,
1776099044.5214198,,,0.0,0.0
1776099044.5239344,,,0.0,0.0
1776099044.5252109,-1.0386105902498857,,,
1776099044.5255888,,0.0,,
1776099044.5264037,,,0.0,0.0
1776099044.5289078,,,0.0,0.0
1776099044.5304425,-1.0384520828927237,,,
1776099044.5307996,,0.0,,
1776099044.5313747,,,0.0,0.0
1776099044.5338955,,,0.0,0.0
1776099044.5352273,-1.0382898348205047,,,
1776099044.535823,,0.0,,
1776099044.536364,,,0.0,0.0
1776099044.5389163,,,0.0,0.0
1776099044.5404353,-1.0382295535254016,,,
1776099044.5407722,,0.0,,
1776099044.5414548,,,0.0,0.0
1776099044.5438678,,,0.0,0.0
1776099044.5454524,-1.0382401195547974,,,
1776099044.5458243,,0.0,,
1776099044.5463774,,,0.0,0.0
1776099044.5489056,,,0.0,0.0
1776099044.5503469,-1.03832266851468,,,
1776099044.550904,,0.0,,
1776099044.5514069,,,0.0,0.0
1776099044.5539129,,,0.0,0.0
1776099044.555233,-1.0384839812997309,,,
1776099044.5555964,,0.0,,
1776099044.5563955,,,0.0,0.0
1776099044.5589054,,,0.0,0.0
1776099044.5602736,-1.038665759967402,,,
1776099044.5606186,,0.0,,
1776099044.5613954,,,0.0,0.0
1776099044.5639343,,,0.0,0.0
1776099044.5652602,-1.0388625367925834,,,
1776099044.5656383,,0.0,,
1776099044.5663846,,,0.0,0.0
1776099044.569058,,,0.0,0.0
1776099044.5708463,-1.0390510106306237,,,
1776099044.5712569,,0.0,,
1776099044.5715332,,,0.0,0.0
1776099044.5738938,,,0.0,0.0
1776099044.5755517,-1.0391097177680226,,,
1776099044.5758393,,0.0,,
1776099044.5763993,,,0.0,0.0
1776099044.5788918,,,0.0,0.0
1776099044.580238,-1.0389589060572166,,,
1776099044.580595,,0.0,,
1776099044.5813694,,,0.0,0.0
1776099044.5839088,,,0.0,0.0
1776099044.585291,-1.0387745616735267,,,
1776099044.58547,,0.0,,
1776099044.586406,,,0.0,0.0
1776099044.588911,,,0.0,0.0
1776099044.5902247,-1.0386046839535963,,,
1776099044.5907025,,0.0,,
1776099044.5914063,,,0.0,0.0
1776099044.5939057,,,0.0,0.0
1776099044.5952868,-1.038509374010418,,,
1776099044.5956945,,0.0,,
1776099044.5963814,,,0.0,0.0
1776099044.5988915,,,0.0,0.0
1776099044.6002429,-1.038536636465388,,,
1776099044.6005533,,0.0,,
1776099044.601381,,,0.0,0.0
1776099044.6038883,,,0.0,0.0
1776099044.6058009,-1.038627813299069,,,
1776099044.6062164,,0.0,,
1776099044.6068842,,,0.0,0.0
1776099044.608914,,,0.0,0.0
1776099044.610578,-1.038656179185036,,,
1776099044.611176,,0.0,,
1776099044.6116285,,,0.0,0.0
1776099044.6139443,,,0.0,0.0
1776099044.6156018,-1.0385688339391481,,,
1776099044.6158867,,0.0,,
1776099044.61642,,,0.0,0.0
1776099044.6188903,,,0.0,0.0
1776099044.6202393,-1.0384186243846905,,,
1776099044.6206102,,0.0,,
1776099044.6213746,,,0.0,0.0
1776099044.623896,,,0.0,0.0
1776099044.6252496,-1.038304060401813,,,
1776099044.6258225,,0.0,,
1776099044.6264236,,,0.0,0.0
1776099044.6289208,,,0.0,0.0
1776099044.6302998,-1.0382644354394224,,,
1776099044.631128,,0.0,,
1776099044.6315522,,,0.0,0.0
1776099044.6339302,,,0.0,0.0
1776099044.635338,-1.0382789353641018,,,
1776099044.6356893,,0.0,,
1776099044.6364267,,,0.0,0.0
1776099044.639031,,,0.0,0.0
1776099044.6413593,-1.0382612990672306,,,
1776099044.6414225,,,0.0,0.0
1776099044.6419487,,0.0,,
1776099044.6439283,,,0.0,0.0
1776099044.645258,-1.0383341778939787,,,
1776099044.6456258,,0.0,,
1776099044.6463778,,,0.0,0.0
1776099044.648886,,,0.0,0.0
1776099044.6502113,-1.038450467805682,,,
1776099044.6505294,,0.0,,
1776099044.6513677,,,0.0,0.0
1776099044.653877,,,0.0,0.0
1776099044.6552217,-1.0385835799204963,,,
1776099044.6554615,,0.0,,
1776099044.6564558,,,0.0,0.0
1776099044.6589086,,,0.0,0.0
1776099044.6605628,-1.038793133236186,,,
1776099044.6608953,,0.0,,
1776099044.6614072,,,0.0,0.0
1776099044.663893,,,0.0,0.0
1776099044.6652963,-1.0390532441786162,,,
1776099044.6657705,,0.0,,
1776099044.6663897,,,0.0,0.0
1776099044.6689067,,,0.0,0.0
1776099044.67024,-1.0391514425437005,,,
1776099044.6705732,,0.0,,
1776099044.6714041,,,0.0,0.0
1776099044.6739123,,,0.0,0.0
1776099044.6752217,-1.0391037397109035,,,
1776099044.6755233,,0.0,,
1776099044.6763792,,,0.0,0.0
1776099044.6788983,,,0.0,0.0
1776099044.680251,-1.0389058755051925,,,
1776099044.6805663,,0.0,,
1776099044.6813807,,,0.0,0.0
1776099044.6838882,,,0.0,0.0
1776099044.6852872,-1.0386553294567291,,,
1776099044.6855967,,0.0,,
1776099044.6863875,,,0.0,0.0
1776099044.6889088,,,0.0,0.0
1776099044.6904495,-1.0384484122478999,,,
1776099044.6908286,,0.0,,
1776099044.691403,,,0.0,0.0
1776099044.693904,,,0.0,0.0
1776099044.6953578,-1.038372545872507,,,
1776099044.695775,,0.0,,
1776099044.6963985,,,0.0,0.0
1776099044.6989155,,,0.0,0.0
1776099044.7005117,-1.0383827292992949,,,
1776099044.7008555,,0.0,,
1776099044.7014184,,,0.0,0.0
1776099044.7039175,,,0.0,0.0
1776099044.7053099,-1.0384557795437408,,,
1776099044.7054484,,0.0,,
1776099044.7064002,,,0.0,0.0
1776099044.7088997,,,0.0,0.0
1776099044.710249,-1.0386307842187124,,,
1776099044.7105825,,0.0,,
1776099044.7113872,,,0.0,0.0
1776099044.7138846,,,0.0,0.0
1776099044.7152588,-1.0387410507727959,,,
1776099044.7157328,,0.0,,
1776099044.716373,,,0.0,0.0
1776099044.718886,,,0.0,0.0
1776099044.720265,-1.0388680309827758,,,
1776099044.7206295,,0.0,,
1776099044.7213764,,,0.0,0.0
1776099044.7238817,,,0.0,0.0
1776099044.7252011,-1.0389421124792353,,,
1776099044.725774,,0.0,,
1776099044.7263808,,,0.0,0.0
1776099044.728896,,,0.0,0.0
1776099044.7302258,-1.0390744964372172,,,
1776099044.7305512,,0.0,,
1776099044.7313926,,,0.0,0.0
1776099044.7339106,,,0.0,0.0
1776099044.7352526,-1.0391435686593065,,,
1776099044.7355933,,0.0,,
1776099044.7363806,,,0.0,0.0
1776099044.7388976,,,0.0,0.0
1776099044.7407029,-1.039271009488569,,,
1776099044.7411568,,0.0,,
1776099044.7414348,,,0.0,0.0
1776099044.7439122,,,0.0,0.0
1776099044.7454581,-1.0391993711577245,,,
1776099044.7458277,,0.0,,
1776099044.746434,,,0.0,0.0
1776099044.7489069,,,0.0,0.0
1776099044.7502363,-1.0390916195466964,,,
1776099044.7505574,,0.0,,
1776099044.7513812,,,0.0,0.0
1776099044.753881,,,0.0,0.0
1776099044.755226,-1.0389204420839426,,,
1776099044.7555556,,0.0,,
1776099044.7563713,,,0.0,0.0
1776099044.7589025,,,0.0,0.0
1776099044.760282,-1.0387816886660195,,,
1776099044.7611802,,0.0,,
1776099044.7617784,,,0.0,0.0
1776099044.7639296,,,0.0,0.0
1776099044.7653227,-1.038720448900706,,,
1776099044.7654116,,0.0,,
1776099044.7663867,,,0.0,0.0
1776099044.7688947,,,0.0,0.0
1776099044.7702732,-1.038742985025854,,,
1776099044.7707465,,0.0,,
1776099044.7713852,,,0.0,0.0
1776099044.77388,,,0.0,0.0
1776099044.7753785,-1.0387616014287298,,,
1776099044.7757204,,0.0,,
1776099044.7763655,,,0.0,0.0
1776099044.7788963,,,0.0,0.0
1776099044.7804236,-1.0386914311951339,,,
1776099044.780758,,0.0,,
1776099044.7813792,,,0.0,0.0
1776099044.7838955,,,0.0,0.0
1776099044.7852461,-1.0386323402613764,,,
1776099044.7857723,,0.0,,
1776099044.7863772,,,0.0,0.0
1776099044.7888863,,,0.0,0.0
1776099044.7902403,-1.0385797919374742,,,
1776099044.7905345,,0.0,,
1776099044.7913952,,,0.0,0.0
1776099044.7938914,,,0.0,0.0
1776099044.795211,-1.0385886410265055,,,
1776099044.795686,,0.0,,
1776099044.7963684,,,0.0,0.0
1776099044.798899,,,0.0,0.0
1776099044.8004088,-1.0386687929385947,,,
1776099044.8009155,,0.0,,
1776099044.8014019,,,0.0,0.0
1776099044.8038921,,,0.0,0.0
1776099044.8053045,-1.03879928719729,,,
1776099044.805702,,0.0,,
1776099044.80637,,,0.0,0.0
1776099044.8089159,,,0.0,0.0
1776099044.8103101,-1.0389685830612823,,,
1776099044.810769,,0.0,,
1776099044.8113945,,,0.0,0.0
1776099044.813903,,,0.0,0.0
1776099044.8152683,-1.0389445440127107,,,
1776099044.8157108,,0.0,,
1776099044.816401,,,0.0,0.0
1776099044.8189082,,,0.0,0.0
1776099044.8202174,-1.0388581773940724,,,
1776099044.8206403,,0.0,,
1776099044.821407,,,0.0,0.0
1776099044.8239467,,,0.0,0.0
1776099044.8254275,-1.0386706415719833,,,
1776099044.8258586,,0.0,,
1776099044.8263943,,,0.0,0.0
1776099044.8289034,,,0.0,0.0
1776099044.830257,-1.038554251759619,,,
1776099044.8306882,,0.0,,
1776099044.8313718,,,0.0,0.0
1776099044.8338747,,,0.0,0.0
1776099044.8352137,-1.0383513605801915,,,
1776099044.8355358,,0.0,,
1776099044.8363707,,,0.0,0.0
1776099044.8388941,,,0.0,0.0
1776099044.8402796,-1.038275118365496,,,
1776099044.8406467,,0.0,,
1776099044.841393,,,0.0,0.0
1776099044.8438973,,,0.0,0.0
1776099044.845477,-1.038261948846593,,,
1776099044.8458595,,0.0,,
1776099044.8463967,,,0.0,0.0
1776099044.8489196,,,0.0,0.0
1776099044.8502667,-1.0383479220022147,,,
1776099044.8506696,,0.0,,
1776099044.851423,,,0.0,0.0
1776099044.8539171,,,0.0,0.0
1776099044.8555195,-1.038402201446399,,,
1776099044.8560112,,0.0,,
1776099044.8565376,,,0.0,0.0
1776099044.858903,,,0.0,0.0
1776099044.860423,-1.0384966687207602,,,
1776099044.8607628,,0.0,,
1776099044.8613849,,,0.0,0.0
1776099044.8639085,,,0.0,0.0
1776099044.8652992,-1.038513472210167,,,
1776099044.8655214,,0.0,,
1776099044.8664224,,,0.0,0.0
1776099044.8688896,,,0.0,0.0
1776099044.8708842,-1.0384613822802227,,,
1776099044.8711271,,0.0,,
1776099044.8715243,,,0.0,0.0
1776099044.8739054,,,0.0,0.0
1776099044.8752413,-1.0384239345209954,,,
1776099044.8754401,,0.0,,
1776099044.8764603,,,0.0,0.0
1776099044.8789067,,,0.0,0.0
1776099044.880435,-1.0384549073736673,,,
1776099044.8807342,,0.0,,
1776099044.8814266,,,0.0,0.0
1776099044.8839235,,,0.0,0.0
1776099044.885573,-1.0384965228211422,,,
1776099044.8859231,,0.0,,
1776099044.8865337,,,0.0,0.0
1776099044.888927,,,0.0,0.0
1776099044.890725,-1.0385954923252358,,,
1776099044.8909605,,0.0,,
1776099044.8914032,,,0.0,0.0
1776099044.8938725,,,0.0,0.0
1776099044.8953445,-1.038780496400411,,,
1776099044.895679,,0.0,,
1776099044.8963869,,,0.0,0.0
1776099044.898921,,,0.0,0.0
1776099044.9004552,-1.0388379969234773,,,
1776099044.9007664,,0.0,,
1776099044.9013922,,,0.0,0.0
1776099044.9039116,,,0.0,0.0
1776099044.905279,-1.0387890380227685,,,
1776099044.9056256,,0.0,,
1776099044.906415,,,0.0,0.0
1776099044.9088993,,,0.0,0.0
1776099044.910291,-1.0387284130181929,,,
1776099044.9107156,,0.0,,
1776099044.911396,,,0.0,0.0
1776099044.9139118,,,0.0,0.0
1776099044.91528,-1.0385686838198231,,,
1776099044.9156277,,0.0,,
1776099044.9163811,,,0.0,0.0
1776099044.9188938,,,0.0,0.0
1776099044.9202523,-1.0383415209775764,,,
1776099044.9207025,,0.0,,
1776099044.9213815,,,0.0,0.0
1776099044.923882,,,0.0,0.0
1776099044.9255362,-1.0382362948874795,,,
1776099044.9260235,,0.0,,
1776099044.926908,,,0.0,0.0
1776099044.9289064,,,0.0,0.0
1776099044.9302747,-1.0382398607130827,,,
1776099044.9311082,,0.0,,
1776099044.931545,,,0.0,0.0
1776099044.9338872,,,0.0,0.0
1776099044.9356952,-1.038228694952882,,,
1776099044.9360023,,0.0,,
1776099044.9364197,,,0.0,0.0
1776099044.9388921,,,0.0,0.0
1776099044.940221,-1.0383901213074997,,,
1776099044.9405446,,0.0,,
1776099044.941391,,,0.0,0.0
1776099044.9438913,,,0.0,0.0
1776099044.9456477,-1.0385642092528207,,,
1776099044.9460108,,0.0,,
1776099044.946576,,,0.0,0.0
1776099044.9489174,,,0.0,0.0
1776099044.9503977,-1.0387367153695726,,,
1776099044.9507053,,0.0,,
1776099044.9513786,,,0.0,0.0
1776099044.9538822,,,0.0,0.0
1776099044.9552505,-1.0388277857604469,,,
1776099044.9556782,,0.0,,
1776099044.95638,,,0.0,0.0
1776099044.9589183,,,0.0,0.0
1776099044.9602666,-1.038887966774275,,,
1776099044.96085,,0.0,,
1776099044.9614086,,,0.0,0.0
1776099044.9639177,,,0.0,0.0
1776099044.9654093,-1.0389611670972134,,,
1776099044.9659054,,0.0,,
1776099044.966516,,,0.0,0.0
1776099044.9689245,,,0.0,0.0
1776099044.9702654,-1.039080750656797,,,
1776099044.9705703,,0.0,,
1776099044.9713993,,,0.0,0.0
1776099044.9739118,,,0.0,0.0
1776099044.9756885,-1.0392033222770394,,,
1776099044.976085,,0.0,,
1776099044.9763873,,,0.0,0.0
1776099044.9789343,,,0.0,0.0
1776099044.9802692,-1.0393493290175022,,,
1776099044.980571,,0.0,,
1776099044.981381,,,0.0,0.0
1776099044.9838934,,,0.0,0.0
1776099044.985406,-1.0394859742337308,,,
1776099044.9857764,,0.0,,
1776099044.9863715,,,0.0,0.0
1776099044.9888976,,,0.0,0.0
1776099044.992036,-1.0395501591232195,,,
1776099044.9921138,,0.0,,
1776099044.9921372,,,0.0,0.0
1776099044.993978,,,0.0,0.0
1776099044.9953105,-1.0395510410278712,,,
1776099044.9957776,,0.0,,
1776099044.9963996,,,0.0,0.0
1776099044.9988809,,,0.0,0.0
1776099045.0006678,-1.0395247667086316,,,
1776099045.0011678,,0.0,,
1776099045.0017567,,,0.0,0.0
1776099045.0038972,,,0.0,0.0
1776099045.0053034,-1.039557443981216,,,
1776099045.0056868,,0.0,,
1776099045.0063705,,,0.0,0.0
1776099045.0088887,,,0.0,0.0
1776099045.0103693,-1.0395761729196393,,,
1776099045.0107224,,0.0,,
1776099045.011408,,,0.0,0.0
1776099045.0139272,,,0.0,0.0
1776099045.0153852,-1.0395855542082015,,,
1776099045.0158422,,0.0,,
1776099045.0163953,,,0.0,0.0
1776099045.018907,,,0.0,0.0
1776099045.0203235,-1.0396638386975983,,,
1776099045.0206978,,0.0,,
1776099045.0215282,,,0.0,0.0
1776099045.0239315,,,0.0,0.0
1776099045.025554,-1.039794591372314,,,
1776099045.025882,,0.0,,
1776099045.026408,,,0.0,0.0
1776099045.0289216,,,0.0,0.0
1776099045.0303512,-1.0398532267675074,,,
1776099045.0307486,,0.0,,
1776099045.0314262,,,0.0,0.0
1776099045.0339024,,,0.0,0.0
1776099045.0352468,-1.0399883930733755,,,
1776099045.0355556,,0.0,,
1776099045.0363681,,,0.0,0.0
1776099045.0389056,,,0.0,0.0
1776099045.0402677,-1.0400684973790095,,,
1776099045.0407276,,0.0,,
1776099045.041396,,,0.0,0.0
1776099045.0438976,,,0.0,0.0
1776099045.0453243,-1.0400557483035584,,,
1776099045.0457056,,0.0,,
1776099045.0463638,,,0.0,0.0
1776099045.048901,,,0.0,0.0
1776099045.050428,-1.039984102930093,,,
1776099045.0507655,,0.0,,
1776099045.0513682,,,0.0,0.0
1776099045.0538921,,,0.0,0.0
1776099045.0552654,-1.0399729478043571,,,
1776099045.0555997,,0.0,,
1776099045.0563831,,,0.0,0.0
1776099045.0589614,,,0.0,0.0
1776099045.0602407,-1.0398577173349803,,,
1776099045.0605736,,0.0,,
1776099045.0614183,,,0.0,0.0
1776099045.0639586,,,0.0,0.0
1776099045.0653942,-1.0398159603495118,,,
1776099045.065873,,0.0,,
1776099045.0663998,,,0.0,0.0
1776099045.0689049,,,0.0,0.0
1776099045.0702777,-1.039885110369287,,,
1776099045.0706768,,0.0,,
1776099045.071401,,,0.0,0.0
1776099045.0739017,,,0.0,0.0
1776099045.0752985,-1.0399883884637278,,,
1776099045.0758529,,0.0,,
1776099045.0764575,,,0.0,0.0
1776099045.078931,,,0.0,0.0
1776099045.080272,-1.03997880879996,,,
1776099045.080626,,0.0,,
1776099045.0814056,,,0.0,0.0
1776099045.0839193,,,0.0,0.0
1776099045.0852675,-1.040030446928522,,,
1776099045.0856087,,0.0,,
1776099045.0863948,,,0.0,0.0
1776099045.0889852,,,0.0,0.0
1776099045.0905628,-1.0400737561312219,,,
1776099045.091031,,0.0,,
1776099045.091411,,,0.0,0.0
1776099045.093916,,,0.0,0.0
1776099045.09537,-1.0400921815983941,,,
1776099045.09571,,0.0,,
1776099045.0963774,,,0.0,0.0
1776099045.0988982,,,0.0,0.0
1776099045.1002662,-1.0401118136724075,,,
1776099045.1007116,,0.0,,
1776099045.101409,,,0.0,0.0
1776099045.103918,,,0.0,0.0
1776099045.1052558,-1.0401230456996835,,,
1776099045.1057045,,0.0,,
1776099045.1063952,,,0.0,0.0
1776099045.108906,,,0.0,0.0
1776099045.1102822,-1.0401471833710887,,,
1776099045.1106446,,0.0,,
1776099045.1113958,,,0.0,0.0
1776099045.1138911,,,0.0,0.0
1776099045.1152632,-1.0401380001409664,,,
1776099045.1156461,,0.0,,
1776099045.1163821,,,0.0,0.0
1776099045.1188946,,,0.0,0.0
1776099045.1204178,-1.0400270924796031,,,
1776099045.1207824,,0.0,,
1776099045.121414,,,0.0,0.0
1776099045.123936,,,0.0,0.0
1776099045.1253374,-1.0398350168976773,,,
1776099045.125693,,0.0,,
1776099045.1264038,,,0.0,0.0
1776099045.1289122,,,0.0,0.0
1776099045.13028,-1.0397505137068648,,,
1776099045.130674,,0.0,,
1776099045.1314034,,,0.0,0.0
1776099045.133898,,,0.0,0.0
1776099045.1351886,-1.0396295510712776,,,
1776099045.135575,,0.0,,
1776099045.1363897,,,0.0,0.0
1776099045.1390383,,,0.0,0.0
1776099045.141424,,,0.0,0.0
1776099045.1420078,-1.0395443167314,,,
1776099045.142033,,0.0,,
1776099045.1439059,,,0.0,0.0
1776099045.1452742,-1.0395452351288554,,,
1776099045.1456509,,0.0,,
1776099045.146379,,,0.0,0.0
1776099045.1488893,,,0.0,0.0
1776099045.1505227,-1.039601611114225,,,
1776099045.1508844,,0.0,,
1776099045.1514063,,,0.0,0.0
1776099045.1539066,,,0.0,0.0
1776099045.1553202,-1.0396197024846894,,,
1776099045.1555758,,0.0,,
1776099045.1564007,,,0.0,0.0
1776099045.1588843,,,0.0,0.0
1776099045.1602428,-1.039628775125701,,,
1776099045.16067,,0.0,,
1776099045.161381,,,0.0,0.0
1776099045.1638882,,,0.0,0.0
1776099045.1651952,-1.0395605730038802,,,
1776099045.1655595,,0.0,,
1776099045.1663604,,,0.0,0.0
1776099045.1688795,,,0.0,0.0
1776099045.170184,-1.0393675805536196,,,
1776099045.170437,,0.0,,
1776099045.1713703,,,0.0,0.0
1776099045.173897,,,0.0,0.0
1776099045.1752725,-1.0391607548412558,,,
1776099045.1755285,,0.0,,
1776099045.1763878,,,0.0,0.0
1776099045.1788878,,,0.0,0.0
1776099045.180529,-1.0389099861434168,,,
1776099045.1809485,,0.0,,
1776099045.1814046,,,0.0,0.0
1776099045.1839104,,,0.0,0.0
1776099045.1855428,-1.038802889268126,,,
1776099045.1860871,,0.0,,
1776099045.1864653,,,0.0,0.0
1776099045.1889136,,,0.0,0.0
1776099045.190634,-1.03884913274138,,,
1776099045.1909509,,0.0,,
1776099045.1913834,,,0.0,0.0
1776099045.193905,,,0.0,0.0
1776099045.1954558,-1.0389682304810661,,,
1776099045.195891,,0.0,,
1776099045.1963997,,,0.0,0.0
1776099045.1988883,,,0.0,0.0
1776099045.2002673,-1.0392385738332217,,,
1776099045.2005608,,0.0,,
1776099045.2013812,,,0.0,0.0
1776099045.2039156,,,0.0,0.0
1776099045.205275,-1.0394495251806846,,,
1776099045.205753,,0.0,,
1776099045.2063973,,,0.0,0.0
1776099045.2091503,,,0.0,0.0
1776099045.2111278,-1.0394078336411294,,,
1776099045.2114615,,,0.0,0.0
1776099045.2115562,,0.0,,
1776099045.2144184,,,0.0,0.0
1776099045.2164252,,,0.0,0.0
1776099045.2174592,-1.0392107777352826,,,
1776099045.2179139,,0.0,,
1776099045.218868,,,0.0,0.0
1776099045.220437,-1.0391120673931515,,,
1776099045.2207968,,0.0,,
1776099045.2213495,,,0.0,0.0
1776099045.2238495,,,0.0,0.0
1776099045.225141,-1.0388854467161428,,,
1776099045.2254164,,0.0,,
1776099045.226341,,,0.0,0.0
1776099045.2288525,,,0.0,0.0
1776099045.2301528,-1.0387948725595115,,,
1776099045.2304707,,0.0,,
1776099045.2313428,,,0.0,0.0
1776099045.2338994,,,0.0,0.0
1776099045.2353005,-1.0388961261219252,,,
1776099045.2357755,,0.0,,
1776099045.2364032,,,0.0,0.0
1776099045.2389052,,,0.0,0.0
1776099045.240336,-1.0390455489999448,,,
1776099045.2408519,,0.0,,
1776099045.2415035,,,0.0,0.0
1776099045.243957,,,0.0,0.0
1776099045.2455175,-1.0391232854248822,,,
1776099045.2457807,,0.0,,
1776099045.2464023,,,0.0,0.0
1776099045.248913,,,0.0,0.0
1776099045.2502823,-1.0392143259836681,,,
1776099045.2507484,,0.0,,
1776099045.2514617,,,0.0,0.0
1776099045.2539477,,,0.0,0.0
1776099045.255265,-1.039311758408881,,,
1776099045.2557228,,0.0,,
1776099045.25638,,,0.0,0.0
1776099045.258928,,,0.0,0.0
1776099045.2602713,-1.0393362863693905,,,
1776099045.2606213,,0.0,,
1776099045.2613852,,,0.0,0.0
1776099045.263886,,,0.0,0.0
1776099045.2653599,-1.0394968310761086,,,
1776099045.2657115,,0.0,,
1776099045.2663832,,,0.0,0.0
1776099045.2689223,,,0.0,0.0
1776099045.2702873,-1.0396374997191786,,,
1776099045.270664,,0.0,,
1776099045.2714052,,,0.0,0.0
1776099045.273913,,,0.0,0.0
1776099045.2753804,-1.0398065882347667,,,
1776099045.2757096,,0.0,,
1776099045.2763772,,,0.0,0.0
1776099045.2788851,,,0.0,0.0
1776099045.2802498,-1.040078764857933,,,
1776099045.2806242,,0.0,,
1776099045.281391,,,0.0,0.0
1776099045.283911,,,0.0,0.0
1776099045.28558,-1.0403637929920189,,,
1776099045.285905,,0.0,,
1776099045.2864358,,,0.0,0.0
1776099045.288942,,,0.0,0.0
1776099045.2906303,-1.0405726838939449,,,
1776099045.2910361,,0.0,,
1776099045.2914011,,,0.0,0.0
1776099045.293897,,,0.0,0.0
1776099045.2961247,-1.0408563803491357,,,
1776099045.296704,,0.0,,
1776099045.2972047,,,0.0,0.0
1776099045.298945,,,0.0,0.0
1776099045.300473,-1.041013350685337,,,
1776099045.300849,,0.0,,
1776099045.3014598,,,0.0,0.0
1776099045.303887,,,0.0,0.0
1776099045.305297,-1.041034115678811,,,
1776099045.305607,,0.0,,
1776099045.3063593,,,0.0,0.0
1776099045.308872,,,0.0,0.0
1776099045.3102388,-1.0409860492548577,,,
1776099045.3104055,,0.0,,
1776099045.3114321,,,0.0,0.0
1776099045.3139029,,,0.0,0.0
1776099045.3152666,-1.0409634134614634,,,
1776099045.3156676,,0.0,,
1776099045.3164024,,,0.0,0.0
1776099045.318901,,,0.0,0.0
1776099045.3203511,-1.0408966701480689,,,
1776099045.3208082,,0.0,,
1776099045.321503,,,0.0,0.0
1776099045.323938,,,0.0,0.0
1776099045.3252416,-1.0409439460313705,,,
1776099045.3255434,,0.0,,
1776099045.3263924,,,0.0,0.0
1776099045.3288841,,,0.0,0.0
1776099045.330203,-1.0409537576938632,,,
1776099045.3304713,,0.0,,
1776099045.3314242,,,0.0,0.0
1776099045.3339193,,,0.0,0.0
1776099045.335245,-1.0411067042683484,,,
1776099045.335776,,0.0,,
1776099045.3363886,,,0.0,0.0
1776099045.3389053,,,0.0,0.0
1776099045.340414,-1.0411611262363223,,,
1776099045.3407948,,0.0,,
1776099045.3413792,,,0.0,0.0
1776099045.3438926,,,0.0,0.0
1776099045.345219,-1.0411979352814662,,,
1776099045.3455613,,0.0,,
1776099045.3463998,,,0.0,0.0
1776099045.3489068,,,0.0,0.0
1776099045.3502533,-1.041138310444157,,,
1776099045.350854,,0.0,,
1776099045.3513799,,,0.0,0.0
1776099045.353889,,,0.0,0.0
1776099045.3552527,-1.041041557037975,,,
1776099045.3558662,,0.0,,
1776099045.3564026,,,0.0,0.0
1776099045.3589027,,,0.0,0.0
1776099045.360261,-1.0408254793251548,,,
1776099045.3607943,,0.0,,
1776099045.3614078,,,0.0,0.0
1776099045.3639295,,,0.0,0.0
1776099045.3652182,-1.040688925693969,,,
1776099045.365598,,0.0,,
1776099045.366384,,,0.0,0.0
1776099045.3688836,,,0.0,0.0
1776099045.3701947,-1.0405686828220855,,,
1776099045.3705158,,0.0,,
1776099045.3713815,,,0.0,0.0
1776099045.3738847,,,0.0,0.0
1776099045.3755207,-1.0404722318457384,,,
1776099045.375947,,0.0,,
1776099045.3763995,,,0.0,0.0
1776099045.3789015,,,0.0,0.0
1776099045.3802836,-1.0404860095447315,,,
1776099045.3807268,,0.0,,
1776099045.3813915,,,0.0,0.0
1776099045.3839083,,,0.0,0.0
1776099045.3852725,-1.0405554979855343,,,
1776099045.3857226,,0.0,,
1776099045.3863964,,,0.0,0.0
1776099045.3889024,,,0.0,0.0
1776099045.390555,-1.040568679073709,,,
1776099045.3909326,,0.0,,
1776099045.3914378,,,0.0,0.0
1776099045.3939295,,,0.0,0.0
1776099045.3952997,-1.04053615135653,,,
1776099045.3957632,,0.0,,
1776099045.3963847,,,0.0,0.0
1776099045.3989062,,,0.0,0.0
1776099045.4005117,-1.04054716116405,,,
1776099045.4008796,,0.0,,
1776099045.4014041,,,0.0,0.0
1776099045.403902,,,0.0,0.0
1776099045.405226,-1.040503025787446,,,
1776099045.4059823,,0.0,,
1776099045.4063857,,,0.0,0.0
1776099045.408914,,,0.0,0.0
1776099045.4102643,-1.0403541428672674,,,
1776099045.4109063,,0.0,,
1776099045.411391,,,0.0,0.0
1776099045.413899,,,0.0,0.0
1776099045.4152715,-1.0402281737239754,,,
1776099045.4156156,,0.0,,
1776099045.4163756,,,0.0,0.0
1776099045.4188755,,,0.0,0.0
1776099045.4202507,-1.0401601921895267,,,
1776099045.4205449,,0.0,,
1776099045.4213955,,,0.0,0.0
1776099045.4239097,,,0.0,0.0
1776099045.4252717,-1.0400952515547295,,,
1776099045.4255629,,0.0,,
1776099045.4263783,,,0.0,0.0
1776099045.4288855,,,0.0,0.0
1776099045.430239,-1.0399967769241798,,,
1776099045.4305594,,0.0,,
1776099045.4313917,,,0.0,0.0
1776099045.4339561,,,0.0,0.0
1776099045.4353378,-1.0399612068296071,,,
1776099045.4357095,,0.0,,
1776099045.4363947,,,0.0,0.0
1776099045.4389005,,,0.0,0.0
1776099045.4405954,-1.0398785228311316,,,
1776099045.4406567,,0.0,,
1776099045.4414055,,,0.0,0.0
1776099045.4439998,,,0.0,0.0
1776099045.445208,-1.039695979491839,,,
1776099045.4456708,,0.0,,
1776099045.4463992,,,0.0,0.0
1776099045.4489222,,,0.0,0.0
1776099045.4502268,-1.0395442529948746,,,
1776099045.4505725,,0.0,,
1776099045.4513981,,,0.0,0.0
1776099045.453915,,,0.0,0.0
1776099045.4552996,-1.0394314482810463,,,
1776099045.455554,,0.0,,
1776099045.4563794,,,0.0,0.0
1776099045.4588842,,,0.0,0.0
1776099045.4602213,-1.039343844766522,,,
1776099045.4605484,,0.0,,
1776099045.4613712,,,0.0,0.0
1776099045.4639137,,,0.0,0.0
1776099045.4654615,-1.0392957845556297,,,
1776099045.4660141,,0.0,,
1776099045.4664555,,,0.0,0.0
1776099045.4688957,,,0.0,0.0
1776099045.4704545,-1.0392935752168944,,,
1776099045.4708316,,0.0,,
1776099045.4714003,,,0.0,0.0
1776099045.473909,,,0.0,0.0
1776099045.4752288,-1.039170229524194,,,
1776099045.4758017,,0.0,,
1776099045.476405,,,0.0,0.0
1776099045.478884,,,0.0,0.0
1776099045.4802692,-1.0391106779583976,,,
1776099045.4805996,,0.0,,
1776099045.481393,,,0.0,0.0
1776099045.4839187,,,0.0,0.0
1776099045.4857829,-1.0390833858579003,,,
1776099045.4861164,,0.0,,
1776099045.4864144,,,0.0,0.0
1776099045.4889126,,,0.0,0.0
1776099045.4902768,-1.038996336659406,,,
1776099045.4906251,,0.0,,
1776099045.4914079,,,0.0,0.0
1776099045.4939773,,,0.0,0.0
1776099045.495577,-1.0387916852106966,,,
1776099045.495859,,0.0,,
1776099045.4965727,,,0.0,0.0
1776099045.4989247,,,0.0,0.0
1776099045.5002325,-1.038459917128895,,,
1776099045.5005713,,0.0,,
1776099045.5013893,,,0.0,0.0
1776099045.5038867,,,0.0,0.0
1776099045.5052714,-1.0380194279022177,,,
1776099045.5055883,,0.0,,
1776099045.506375,,,0.0,0.0
1776099045.5088868,,,0.0,0.0
1776099045.5108616,-1.0375319239451068,,,
1776099045.5112934,,0.0,,
1776099045.5116243,,,0.0,0.0
1776099045.5139754,,,0.0,0.0
1776099045.5152986,-1.0372438233317602,,,
1776099045.5156837,,0.0,,
1776099045.5163815,,,0.0,0.0
1776099045.5188832,,,0.0,0.0
1776099045.5202208,-1.037491192784356,,,
1776099045.5206723,,0.0,,
1776099045.521392,,,0.0,0.0
1776099045.523909,,,0.0,0.0
1776099045.5252604,-1.0380877068200356,,,
1776099045.5256188,,0.0,,
1776099045.526373,,,0.0,0.0
1776099045.528905,,,0.0,0.0
1776099045.5304549,-1.0375194795631293,,,
1776099045.5307825,,0.0,,
1776099045.5313804,,,0.0,0.0
1776099045.5338924,,,0.0,0.0
1776099045.5354397,-1.0353146530730002,,,
1776099045.535769,,0.0,,
1776099045.536379,,,0.0,0.0
1776099045.538862,,,0.0,0.0
1776099045.5402715,-1.0324861896689084,,,
1776099045.540865,,0.0,,
1776099045.5413904,,,0.0,0.0
1776099045.5439026,,,0.0,0.0
1776099045.5453146,-1.028963641002304,,,
1776099045.5457609,,0.0,,
1776099045.5463881,,,0.0,0.0
1776099045.5488985,,,0.0,0.0
1776099045.5502071,-1.0245611681147782,,,
1776099045.55067,,0.0,,
1776099045.55138,,,0.0,0.0
1776099045.553889,,,0.0,0.0
1776099045.555284,-1.020882765415261,,,
1776099045.5557368,,0.0,,
1776099045.5563965,,,0.0,0.0
1776099045.558906,,,0.0,0.0
1776099045.5604014,-1.0186781359136377,,,
1776099045.5606582,,0.0,,
1776099045.561388,,,0.0,0.0
1776099045.563908,,,0.0,0.0
1776099045.5653107,-1.0174651346840482,,,
1776099045.565912,,0.0,,
1776099045.5665202,,,0.0,0.0
1776099045.5688972,,,0.0,0.0
1776099045.5703104,-1.0178806457683807,,,
1776099045.5707054,,0.0,,
1776099045.5714216,,,0.0,0.0
1776099045.5739274,,,0.0,0.0
1776099045.5753734,-1.0200344758658213,,,
1776099045.57582,,0.0,,
1776099045.5764108,,,0.0,0.0
1776099045.5788841,,,0.0,0.0
1776099045.580264,-1.0240516585008623,,,
1776099045.5807583,,0.0,,
1776099045.5814571,,,0.0,0.0
1776099045.5839016,,,0.0,0.0
1776099045.5852041,-1.0287307150384721,,,
1776099045.5854592,,0.0,,
1776099045.586383,,,0.0,0.0
1776099045.5888898,,,0.0,0.0
1776099045.5903828,-1.0342382352024275,,,
1776099045.5907164,,0.0,,
1776099045.5913835,,,0.0,0.0
1776099045.5938873,,,0.0,0.0
1776099045.5952537,-1.0404216127809212,,,
1776099045.5955353,,0.0,,
1776099045.5963888,,,0.0,0.0
1776099045.5988896,,,0.0,0.0
1776099045.6006112,-1.0483149152208273,,,
1776099045.600939,,0.0,,
1776099045.601429,,,0.0,0.0
1776099045.603927,,,0.0,0.0
1776099045.6052878,-1.0575601410452278,,,
1776099045.6057804,,0.0,,
1776099045.6064086,,,0.0,0.0
1776099045.6089137,,,0.0,0.0
1776099045.6104403,-1.068993296337346,,,
1776099045.6107903,,0.0,,
1776099045.6113794,,,0.0,0.0
1776099045.613878,,,0.0,0.0
1776099045.615238,-1.0804540894947126,,,
1776099045.6155903,,0.0,,
1776099045.6163785,,,0.0,0.0
1776099045.6189117,,,0.0,0.0
1776099045.6202796,-1.0920720810194449,,,
1776099045.6207023,,0.0,,
1776099045.6213965,,,0.0,0.0
1776099045.623907,,,0.0,0.0
1776099045.6253197,-1.1024749651317858,,,
1776099045.6256742,,0.0,,
1776099045.626393,,,0.0,0.0
1776099045.628909,,,0.0,0.0
1776099045.6303563,-1.1119544484659152,,,
1776099045.6307592,,0.0,,
1776099045.6314402,,,0.0,0.0
1776099045.63393,,,0.0,0.0
1776099045.6353636,-1.1200150422598265,,,
1776099045.6357756,,0.0,,
1776099045.6363933,,,0.0,0.0
1776099045.6388836,,,0.0,0.0
1776099045.6405149,-1.1267681595294012,,,
1776099045.6410635,,0.0,,
1776099045.641571,,,0.0,0.0
1776099045.6439412,,,0.0,0.0
1776099045.645334,-1.132318767335129,,,
1776099045.6455486,,0.0,,
1776099045.646396,,,0.0,0.0
1776099045.6488886,,,0.0,0.0
1776099045.650194,-1.1377742472877452,,,
1776099045.650504,,0.0,,
1776099045.6513603,,,0.0,0.0
1776099045.6538773,,,0.0,0.0
1776099045.6555755,-1.1425539467930288,,,
1776099045.6556318,,0.0,,
1776099045.6563709,,,0.0,0.0
1776099045.658915,,,0.0,0.0
1776099045.660419,-1.1466868066054625,,,
1776099045.6610224,,0.0,,
1776099045.6614268,,,0.0,0.0
1776099045.6639006,,,0.0,0.0
1776099045.6654062,-1.1497138881627291,,,
1776099045.6657968,,0.0,,
1776099045.666399,,,0.0,0.0
1776099045.6688962,,,0.0,0.0
1776099045.6707513,-1.1532520036981324,,,
1776099045.6710052,,0.0,,
1776099045.6714025,,,0.0,0.0
1776099045.6738896,,,0.0,0.0
1776099045.675262,-1.154599107396318,,,
1776099045.6756074,,0.0,,
1776099045.6763797,,,0.0,0.0
1776099045.6788902,,,0.0,0.0
1776099045.6802654,-1.156893570639927,,,
1776099045.6806073,,0.0,,
1776099045.6813748,,,0.0,0.0
1776099045.6838832,,,0.0,0.0
1776099045.685228,-1.15968088079206,,,
1776099045.6857047,,0.0,,
1776099045.6863794,,,0.0,0.0
1776099045.6889412,,,0.0,0.0
1776099045.6903596,-1.1645630593592864,,,
1776099045.6906204,,0.0,,
1776099045.691405,,,0.0,0.0
1776099045.6939373,,,0.0,0.0
1776099045.6952903,-1.170926951790558,,,
1776099045.6956775,,0.0,,
1776099045.6963935,,,0.0,0.0
1776099045.6988833,,,0.0,0.0
1776099045.700216,-1.1779224795027226,,,
1776099045.700611,,0.0,,
1776099045.701374,,,1.638564589484229,0.0
1776099045.703905,,,0.0,0.0
1776099045.7054532,-1.1849760718959719,,,
1776099045.7058036,,0.0,,
1776099045.706391,,,1.643538693121337,0.0
1776099045.7089264,,,0.0,0.0
1776099045.7103105,-1.1916316311306479,,,
1776099045.710721,,0.0,,
1776099045.7113907,,,1.6588025153118897,0.0
1776099045.7139077,,,0.0,0.0
1776099045.7152872,-1.1973060135929374,,,
1776099045.7156346,,0.0,,
1776099045.7164028,,,0.0,0.0
1776099045.7189019,,,0.0,0.0
1776099045.7204747,-1.2021426805596402,,,
1776099045.7207742,,0.0,,
1776099045.7214036,,,0.0,0.0
1776099045.7239022,,,-1.6712707406869938,0.0
1776099045.7252402,-1.2050929919543187,,,
1776099045.7256422,,0.0,,
1776099045.7263887,,,0.0,0.0
1776099045.7289076,,,-1.6535908355118734,0.0
1776099045.730276,-1.2083213745494812,,,
1776099045.7306328,,0.0,,
1776099045.7313824,,,0.0,0.0
1776099045.733887,,,0.0,0.0
1776099045.7352505,-1.2117539649385398,,,
1776099045.7356737,,0.0,,
1776099045.7363822,,,0.0,0.0
1776099045.7388914,,,0.0,0.0
1776099045.740668,-1.2153651394928442,,,
1776099045.7414453,,,1.6351233014722693,0.0
1776099045.7421267,,0.0,,
1776099045.7439165,,,0.0,0.0
1776099045.7452905,-1.2188361683095814,,,
1776099045.7457788,,0.0,,
1776099045.7463844,,,0.0,0.0
1776099045.7488775,,,1.6499299292233685,0.0
1776099045.7502148,-1.2225384574181783,,,
1776099045.7505188,,0.0,,
1776099045.7513914,,,0.0,0.0
1776099045.7538865,,,-1.6647134306039464,0.0
1776099045.7552857,-1.2260733125489742,,,
1776099045.7556434,,0.0,,
1776099045.7564545,,,0.0,0.0
1776099045.7589126,,,0.0,0.0
1776099045.7602704,-1.228645243884602,,,
1776099045.7606964,,0.0,,
1776099045.7614052,,,-1.6507682507366475,0.0
1776099045.7640035,,,0.0,0.0
1776099045.7654643,-1.230762743747276,,,
1776099045.765952,,0.0,,
1776099045.766554,,,0.0,0.0
1776099045.7689035,,,1.7499936341383657,0.0
1776099045.7715578,,,0.0,0.0
1776099045.7716148,-1.2321357267305377,,,
1776099045.7720492,,0.0,,
1776099045.7738936,,,0.0,0.0
1776099045.7751808,-1.2318983837063033,,,
1776099045.775627,,0.0,,
1776099045.776384,,,0.0,0.0
1776099045.7788846,,,0.0,0.0
1776099045.7802386,-1.2316328850668754,,,
1776099045.7805822,,0.0,,
1776099045.7813976,,,0.0,0.0
1776099045.7839,,,0.0,0.0
1776099045.7854164,-1.2320356935067602,,,
1776099045.7857442,,0.0,,
1776099045.78645,,,0.0,0.0
1776099045.788898,,,0.0,0.0
1776099045.7903106,-1.232017991585128,,,
1776099045.7907512,,0.0,,
1776099045.7913876,,,0.0,0.0
1776099045.793915,,,0.0,0.0
1776099045.7953045,-1.2327234264648932,,,
1776099045.7959216,,0.0,,
1776099045.796416,,,0.0,0.0
1776099045.798896,,,0.0,0.0
1776099045.8002498,-1.2339951567062295,,,
1776099045.8006518,,0.0,,
1776099045.8014097,,,0.0,0.0
1776099045.8039033,,,0.0,0.0
1776099045.8053086,-1.2352246256966357,,,
1776099045.8057032,,0.0,,
1776099045.8063834,,,0.0,0.0
1776099045.8089316,,,0.0,0.0
1776099045.8104258,-1.236416512425651,,,
1776099045.8107798,,0.0,,
1776099045.8114102,,,0.0,0.0
1776099045.8139298,,,0.0,0.0
1776099045.8153067,-1.2365257014518258,,,
1776099045.8157039,,0.0,,
1776099045.816388,,,0.0,0.0
1776099045.8188918,,,0.0,0.0
1776099045.8203092,-1.2355160044139863,,,
1776099045.8204727,,0.0,,
1776099045.8213937,,,0.0,0.0
1776099045.823893,,,0.0,0.0
1776099045.8252609,-1.2322155765557545,,,
1776099045.8255665,,0.0,,
1776099045.826383,,,0.0,0.0
1776099045.8289003,,,0.0,0.0
1776099045.8303187,-1.2260436900157203,,,
1776099045.8307385,,0.0,,
1776099045.8314052,,,0.0,0.0
1776099045.8339162,,,0.0,0.0
1776099045.835383,-1.2159918957414437,,,
1776099045.8357284,,0.0,,
1776099045.8363934,,,0.0,0.0
1776099045.8389003,,,0.0,0.0
1776099045.840303,-1.2019791305396486,,,
1776099045.8406355,,0.0,,
1776099045.8414097,,,0.0,0.0
1776099045.8439388,,,0.0,0.0
1776099045.8453736,-1.1847098281376423,,,
1776099045.845698,,0.0,,
1776099045.8463888,,,0.0,0.0
1776099045.8489103,,,0.0,0.0
1776099045.8503175,-1.16386756944842,,,
1776099045.8506615,,0.0,,
1776099045.851392,,,0.0,0.0
1776099045.8539047,,,0.0,0.0
1776099045.8555248,-1.1407212741068167,,,
1776099045.855948,,0.0,,
1776099045.8564277,,,0.0,0.0
1776099045.8589087,,,0.0,0.0
1776099045.8604326,-1.1156644226486587,,,
1776099045.8607724,,0.0,,
1776099045.86138,,,0.0,0.0
1776099045.8639047,,,0.0,0.0
1776099045.8652363,-1.0899981543615278,,,
1776099045.865563,,0.0,,
1776099045.8663747,,,0.0,0.0
1776099045.8688848,,,0.0,0.0
1776099045.870464,-1.0643430854158045,,,
1776099045.870813,,0.0,,
1776099045.8713996,,,0.0,0.0
1776099045.8739111,,,0.0,0.0
1776099045.875266,-1.0398917595458947,,,
1776099045.8756564,,0.0,,
1776099045.8763847,,,0.0,0.0
1776099045.878892,,,0.0,0.0
1776099045.8805227,-1.0172603202856463,,,
1776099045.8808353,,0.0,,
1776099045.8813794,,,0.0,0.0
1776099045.8838904,,,0.0,0.0
1776099045.885358,-0.9972546037357926,,,
1776099045.8857713,,0.0,,
1776099045.8863754,,,0.0,0.0
1776099045.8888886,,,0.0,0.0
1776099045.8908184,-0.9797724666677536,,,
1776099045.8911166,,0.0,,
1776099045.8915818,,,0.0,0.0
1776099045.8939102,,,0.0,0.0
1776099045.8953018,-0.9646655099188912,,,
1776099045.8955162,,0.0,,
1776099045.8964071,,,0.0,0.0
1776099045.8988988,,,0.0,0.0
1776099045.9003565,-0.9514462406864761,,,
1776099045.9007072,,0.0,,
1776099045.9014115,,,0.0,0.0
1776099045.9039178,,,0.0,0.0
1776099045.9055068,-0.9400227523513511,,,
1776099045.905566,,0.0,,
1776099045.906396,,,0.0,0.0
1776099045.908981,,,0.0,0.0
1776099045.9102855,-0.929755540646611,,,
1776099045.9109395,,0.0,,
1776099045.911393,,,0.0,0.0
1776099045.9138968,,,0.0,0.0
1776099045.9153018,-0.9201867083580502,,,
1776099045.9156444,,0.0,,
1776099045.916386,,,0.0,0.0
1776099045.9188895,,,0.0,0.0
1776099045.920322,-0.9107105791998285,,,
1776099045.9206712,,0.0,,
1776099045.92139,,,0.0,0.0
1776099045.9239147,,,0.0,0.0
1776099045.925316,-0.9038180650140297,,,
1776099045.925732,,0.0,,
1776099045.9263904,,,0.0,0.0
1776099045.9289246,,,0.0,0.0
1776099045.9304624,-0.8963097030723457,,,
1776099045.9315548,,,0.0,0.0
1776099045.9327486,,0.0,,
1776099045.9339492,,,0.0,0.0
1776099045.9355073,-0.8852923459418092,,,
1776099045.935829,,0.0,,
1776099045.9363885,,,0.0,0.0
1776099045.9389122,,,0.0,0.0
1776099045.9402761,-0.87157030929864,,,
1776099045.9406493,,0.0,,
1776099045.9413743,,,0.0,0.0
1776099045.9438736,,,0.0,0.0
1776099045.9451947,-0.8554672781170926,,,
1776099045.9455104,,0.0,,
1776099045.9463634,,,0.0,0.0
1776099045.948879,,,0.0,0.0
1776099045.9503262,-0.834990388590015,,,
1776099045.9507556,,0.0,,
1776099045.951382,,,0.0,0.0
1776099045.9538803,,,0.0,0.0
1776099045.955419,-0.8125575442425993,,,
1776099045.9557889,,0.0,,
1776099045.9563692,,,0.0,0.0
1776099045.958894,,,0.0,0.0
1776099045.9602509,-0.7903359383010603,,,
1776099045.9605694,,0.0,,
1776099045.9613879,,,0.0,0.0
1776099045.9638925,,,0.0,0.0
1776099045.9652047,-0.7682957116998397,,,
1776099045.9655159,,0.0,,
1776099045.9663615,,,0.0,0.0
1776099045.9688773,,,0.0,0.0
1776099045.970212,-0.7464482619599304,,,
1776099045.9706466,,0.0,,
1776099045.971395,,,0.0,0.0
1776099045.9738932,,,0.0,0.0
1776099045.9753864,-0.725591688582464,,,
1776099045.9757714,,0.0,,
1776099045.9763813,,,0.0,0.0
1776099045.9788907,,,0.0,0.0
1776099045.9803,-0.7070732030904898,,,
1776099045.9806883,,0.0,,
1776099045.9813745,,,0.0,0.0
1776099045.9839056,,,0.0,0.0
1776099045.9852376,-0.6915280625297405,,,
1776099045.9856446,,0.0,,
1776099045.9863837,,,0.0,0.0
1776099045.988884,,,0.0,0.0
1776099045.9902217,-0.6796818709458539,,,
1776099045.9905543,,0.0,,
1776099045.9914072,,,0.0,0.0
1776099045.9939039,,,0.0,0.0
1776099045.995262,-0.6715005984762741,,,
1776099045.9956274,,0.0,,
1776099045.9963777,,,0.0,0.0
1776099045.9988897,,,0.0,0.0
1776099046.00064,-0.6670251520614205,,,
1776099046.0009189,,0.0,,
1776099046.001459,,,0.0,0.0
1776099046.0039103,,,0.0,0.0
1776099046.0053363,-0.6655507206439988,,,
1776099046.0056417,,0.0,,
1776099046.0063908,,,0.0,0.0
1776099046.0089135,,,0.0,0.0
1776099046.0103014,-0.6655553013811504,,,
1776099046.0107036,,0.0,,
1776099046.0113795,,,0.0,0.0
1776099046.0138958,,,0.0,0.0
1776099046.0152512,-0.667008610624588,,,
1776099046.015587,,0.0,,
1776099046.0165243,,,0.0,0.0
1776099046.0188782,,,0.0,0.0
1776099046.0207367,-0.6704730240306901,,,
1776099046.0211213,,0.0,,
1776099046.0214756,,,0.0,0.0
1776099046.0239537,,,0.0,0.0
1776099046.0253227,-0.6738260442991352,,,
1776099046.0256803,,0.0,,
1776099046.0264225,,,0.0,0.0
1776099046.028903,,,0.0,0.0
1776099046.030593,-0.6771739236192049,,,
1776099046.0306478,,0.0,,
1776099046.031389,,,0.0,0.0
1776099046.0338752,,,0.0,0.0
1776099046.0352125,-0.6796686132113615,,,
1776099046.0355432,,0.0,,
1776099046.0363617,,,0.0,0.0
1776099046.0388777,,,0.0,0.0
1776099046.0402694,-0.6805419424374004,,,
1776099046.0406232,,0.0,,
1776099046.0413716,,,0.0,0.0
1776099046.0439107,,,0.0,0.0
1776099046.0455294,-0.6798462698604434,,,
1776099046.0458584,,0.0,,
1776099046.0464036,,,0.0,0.0
1776099046.0489025,,,0.0,0.0
1776099046.0502634,-0.677211122213069,,,
1776099046.0508668,,0.0,,
1776099046.0514255,,,0.0,0.0
1776099046.0539122,,,0.0,0.0
1776099046.055228,-0.6738027391721336,,,
1776099046.0556026,,0.0,,
1776099046.0563838,,,0.0,0.0
1776099046.058903,,,0.0,0.0
1776099046.0605195,-0.6700190642954567,,,
1776099046.0608711,,0.0,,
1776099046.0614011,,,0.0,0.0
1776099046.0638988,,,0.0,0.0
1776099046.0653532,-0.6651520155894782,,,
1776099046.065776,,0.0,,
1776099046.066395,,,0.0,0.0
1776099046.0689025,,,0.0,0.0
1776099046.070293,-0.6589891083622695,,,
1776099046.070651,,0.0,,
1776099046.0713954,,,0.0,0.0
1776099046.0738842,,,0.0,0.0
1776099046.0755527,-0.6513637951211225,,,
1776099046.0760872,,0.0,,
1776099046.0763757,,,0.0,0.0
1776099046.0788732,,,0.0,0.0
1776099046.0802987,-0.6423702442218128,,,
1776099046.0806468,,0.0,,
1776099046.081411,,,0.0,0.0
1776099046.0839436,,,0.0,0.0
1776099046.0853198,-0.6324708882934111,,,
1776099046.0855987,,0.0,,
1776099046.0864007,,,0.0,0.0
1776099046.0889077,,,0.0,0.0
1776099046.090317,-0.6225769474172688,,,
1776099046.0907168,,0.0,,
1776099046.0913928,,,0.0,0.0
1776099046.0938928,,,0.0,0.0
1776099046.0952816,-0.6131362304334435,,,
1776099046.0956445,,0.0,,
1776099046.096396,,,0.0,0.0
1776099046.0989075,,,0.0,0.0
1776099046.10031,-0.6047580545643195,,,
1776099046.100658,,0.0,,
1776099046.101398,,,0.0,0.0
1776099046.1039088,,,0.0,0.0
1776099046.105307,-0.5979716690361222,,,
1776099046.10573,,9.481741019937033,,
1776099046.1064034,,,0.0,0.0
1776099046.1089573,,,0.0,0.0
1776099046.1103451,-0.5925785731756702,,,
1776099046.1106887,,9.332977146409078,,
1776099046.111449,,,0.0,0.0
1776099046.11394,,,1.6995239751056639,0.0
1776099046.1152668,-0.5885458863882217,,,
1776099046.115636,,9.30694817317071,,
1776099046.1163695,,,1.6834911717433367,-1.6834911717433367
1776099046.1188827,,,4.9709331763693205,-3.3139554509128804
1776099046.1205254,-0.5841693267331165,,,
1776099046.120584,,9.233006555132219,,
1776099046.121387,,,3.275838145085239,-3.275838145085239
1776099046.1238954,,,4.979786845169578,-3.319857896779718
1776099046.12532,-0.5779918026140597,,,
1776099046.125771,,8.870039735600956,,
1776099046.1264014,,,6.574258613540862,-6.574258613540862
1776099046.1288996,,,6.654163847809349,-4.990622885857013
1776099046.1307719,-0.5717273540799733,,,
1776099046.1312191,,8.654553291212698,,
1776099046.1315205,,,4.747936484860865,-3.1652909899072434
1776099046.133949,,,8.604609012245936,-8.604609012245936
1776099046.135962,-0.5691691203869946,,,
1776099046.136768,,,4.889105106906282,-8.14850851151047
1776099046.1370947,,8.759269037200452,,
1776099046.1389554,,,10.280592747302775,-5.140296373651387
1776099046.1404214,-0.5727901435549312,,,
1776099046.140732,,8.681538019219063,,
1776099046.1417367,,,10.008716046877437,-3.3362386822924788
1776099046.1439707,,,10.983881445306627,-9.153234537755523
1776099046.145593,-0.579268792675192,,,
1776099046.1459723,,8.789660790004266,,
1776099046.1464353,,,8.428305854994234,-10.11396702599308
1776099046.1488688,,,10.199728302476439,-11.899683019555846
1776099046.1506572,-0.5775170200752673,,,
1776099046.1509702,,8.603940932153352,,
1776099046.1516428,,,6.486418483315596,-9.729627724973394
1776099046.1539075,,,3.416615671753629,-5.124923507630444
1776099046.1557035,-0.5754337543714613,,,
1776099046.1565034,,8.691909505693857,,
1776099046.1565552,,,9.847452025741678,-8.206210021451398
1776099046.1588802,,,8.168549636717003,-11.435969491403807
1776099046.1604333,-0.562955573779058,,,
1776099046.1607316,,8.553593885788116,,
1776099046.161411,,,11.48289329596571,-4.921239983985304
1776099046.1639311,,,13.340243988981404,-13.340243988981404
1776099046.165636,-0.5442446075597862,,,
1776099046.1659784,,8.22187529125849,,
1776099046.1664608,,,8.185339956530473,-13.096543930448759
1776099046.1690335,,,4.949592518803848,-8.249320864673079
1776099046.1708055,-0.5274693589038603,,,
1776099046.1712167,,7.949255410591201,,
1776099046.1715558,,,5.240058142279654,-8.733430237132755
1776099046.1740339,,,10.908571931441172,-10.908571931441172
1776099046.1760075,-0.5156333673239049,,,
1776099046.176392,,7.974467976786833,,
1776099046.1767883,,,6.730094798665582,-10.095142197998374
1776099046.1789384,,,11.3451158239764,-13.2359684613058
1776099046.180344,-0.5056496572183806,,,
1776099046.1808043,,7.965980443463456,,
1776099046.1814253,,,13.1718417461403,-6.58592087307015
1776099046.1838846,,,11.780332689756312,-10.097428019791124
1776099046.1855223,-0.503680015026828,,,
1776099046.1858327,,8.080736014814763,,
1776099046.1864507,,,4.8414770598325125,-11.296779806275865
1776099046.1889632,,,11.957661409280893,-11.957661409280893
1776099046.1905708,-0.4984744977915492,,,
1776099046.191175,,8.420285326597735,,
1776099046.191409,,,8.267165901499817,-9.92059908179978
1776099046.194202,,,8.834509029427894,-8.834509029427894
1776099046.1957471,-0.4819681901381099,,,
1776099046.1964133,,8.359152821111646,,
1776099046.1965563,,,3.7520151261246713,-9.380037815311677
1776099046.199288,,,10.301675381014611,-7.358339557867578
1776099046.201197,-0.4596024126487009,,,
1776099046.2012637,,8.511777041043569,,
1776099046.2018647,,,7.854364812125625,-9.81795601515703
1776099046.2039487,,,6.774226616369555,-8.467783270461943
1776099046.2057881,-0.43578943969204514,,,
1776099046.2058547,,8.180073355871437,,
1776099046.2064736,,,3.268344913439977,-6.536689826879954
1776099046.208929,,,5.111105265780142,-8.518508776300235
1776099046.2103205,-0.4120375923258837,,,
1776099046.2106547,,7.705036408548209,,
1776099046.2114434,,,-1.665914224225862,-8.329571121129309
1776099046.2139106,,,13.419138523761236,-5.0321769464104635
1776099046.215475,-0.3882375326783266,,,
1776099046.2159152,,8.102764953510553,,
1776099046.2167182,,,6.23494437537082,-7.793680469213525
1776099046.2189221,,,7.7594595067750145,-7.7594595067750145
1776099046.2203376,-0.36702360692519265,,,
1776099046.2208705,,7.981986948201902,,
1776099046.2213988,,,6.668998361063386,-6.668998361063386
1776099046.2239518,,,6.649535127098132,-8.311918908872665
1776099046.225834,-0.3504566616774363,,,
1776099046.2261412,,7.637191699311236,,
1776099046.2265515,,,6.283704010644855,-4.712778007983641
1776099046.2289715,,,10.858627028284339,-3.6195423427614464
1776099046.2304327,-0.3333519144531294,,,
1776099046.2309809,,7.345857814621536,,
1776099046.2315216,,,6.593545574985616,-8.24193196873202
1776099046.2339766,,,11.77842771505042,-6.730530122885953
1776099046.2352934,-0.316556070724866,,,
1776099046.2360475,,7.148368082125819,,
1776099046.236444,,,6.813187976185689,-8.51648497023211
1776099046.2389255,,,15.016086420943349,-8.342270233857414
1776099046.2404265,-0.30239666632793805,,,
1776099046.2407446,,7.139636118021016,,
1776099046.2413948,,,9.994278785275151,-6.662852523516767
1776099046.2439196,,,13.34035377205521,-8.337721107534506
1776099046.245473,-0.28858095184129645,,,
1776099046.2462306,,6.603787590798787,,
1776099046.2466655,,,8.267165901499817,-4.96029954089989
1776099046.248939,,,9.428960139367918,-3.771584055747167
1776099046.2505505,-0.2691406315320607,,,
1776099046.2512016,,6.317968846615768,,
1776099046.252073,,,6.674033109546868,-3.337016554773434
1776099046.2539244,,,0.0,-9.278090551073433
1776099046.2553976,-0.2462720092572359,,,
1776099046.255902,,6.278275987633267,,
1776099046.256444,,,11.610226947567392,-6.634415398609937
1776099046.2589102,,,5.089542404745547,-8.48257067457591
1776099046.2604532,-0.22215683476888737,,,
1776099046.2610323,,6.096008998290385,,
1776099046.2614424,,,13.23283590921228,-6.61641795460614
1776099046.263943,,,11.961498594435678,-8.543927567454054
1776099046.265262,-0.19826744695744924,,,
1776099046.2657506,,5.618221242061622,,
1776099046.266387,,,3.3418959157544754,-3.3418959157544754
1776099046.2689836,,,6.645976746081518,-4.984482559561139
1776099046.270339,-0.18736962141635666,,,
1776099046.2707856,,5.590652013258431,,
1776099046.2714016,,,6.719760645025836,-6.719760645025836
1776099046.2739003,,,10.027946574137902,-6.685297716091934
1776099046.2754219,-0.1774752456644864,,,
1776099046.2757645,,5.495618929094647,,
1776099046.2765286,,,6.602235069637577,-6.602235069637577
1776099046.2789934,,,10.262241747460191,-6.841494498306794
1776099046.2805233,-0.1716238885130397,,,
1776099046.2807827,,5.576040317872328,,
1776099046.2814243,,,10.09898632548666,-3.3663287751622195
1776099046.2838988,,,8.446385999528841,-6.757108799623073
1776099046.285523,-0.16737772955290375,,,
1776099046.2858927,,5.557333009322706,,
1776099046.286421,,,6.48970955523947,-6.48970955523947
1776099046.2889109,,,8.405954633678332,-5.043572780207
1776099046.290285,-0.158524449047585,,,
1776099046.2907596,,5.380267399216331,,
1776099046.2914243,,,8.286871627335913,-6.629497301868731
1776099046.294041,,,10.067117147879987,-5.0335585739399935
1776099046.2953315,-0.13530084605177503,,,
1776099046.2959492,,5.167335709105052,,
1776099046.2965374,,,4.964604294114461,-1.6548680980381536
1776099046.2989168,,,8.701485099841472,-3.480594039936589
1776099046.3006454,-0.11879130991090642,,,
1776099046.3013701,,4.788382393412361,,
1776099046.301442,,,8.239970415411486,-4.943982249246893
1776099046.3042061,,,7.477864954181011,-5.982291963344809
1776099046.3062234,-0.10521404383638179,,,
1776099046.30682,,,7.261778019184431,-7.261778019184431
1776099046.3068688,,4.527628793295914,,
1776099046.3089595,,,3.376771984366846,-5.065157976550269
1776099046.3102493,-0.09993005618868232,,,
1776099046.3108351,,4.36066272142759,,
1776099046.3113756,,,8.612447027908978,-5.167468216745387
1776099046.3142252,,,7.312425702855575,-5.84994056228446
1776099046.3156848,-0.09755263027140096,,,
1776099046.315927,,4.3426915135145325,,
1776099046.3164127,,,5.663645671045644,-3.775763780697096
1776099046.3189552,,,5.0021495172343515,-1.6673831724114505
1776099046.3203807,-0.09835136139993808,,,
1776099046.3206074,,4.116318714117506,,
1776099046.3214364,,,5.083612816420306,-3.3890752109468703
1776099046.3239512,,,5.017685000156012,-5.017685000156012
1776099046.3258739,-0.09285929911949138,,,
1776099046.3260913,,4.191135812020022,,
1776099046.3264778,,,3.3271624313753616,-3.3271624313753616
1776099046.3289683,,,5.097237612920332,-5.097237612920332
1776099046.3307436,-0.08804443462247273,,,
1776099046.3311872,,4.284692879586011,,
1776099046.3314712,,,3.3429449051386775,-5.014417357708017
1776099046.3338935,,,6.699137713999917,-5.024353285499939
1776099046.3356454,-0.08297176575380855,,,
1776099046.3357074,,3.936895146402718,,
1776099046.336422,,,8.230771349936397,-6.584617079949117
1776099046.3388996,,,6.7193296445516335,-6.7193296445516335
1776099046.3405702,-0.07330037014554258,,,
1776099046.340928,,3.5385577592586035,,
1776099046.3414154,,,6.549252226281704,-4.911939169711278
1776099046.3440301,,,4.722698315236053,-4.722698315236053
1776099046.3453898,-0.058214220304401855,,,
1776099046.3457892,,3.062035522401862,,
1776099046.3463583,,,3.502494734958592,-1.751247367479296
1776099046.3488672,,,1.6531967538403836,-1.6531967538403836
1776099046.3501427,-0.052863806737450864,,,
1776099046.350652,,2.955027251062842,,
1776099046.351432,,,1.634712289762821,0.0
1776099046.353928,,,3.301222266513271,-1.6506111332566356
1776099046.35563,-0.042220804518090696,,,
1776099046.355948,,2.670755322027632,,
1776099046.3564162,,,3.308314159456127,-3.308314159456127
1776099046.3588982,,,5.007773231391562,-5.007773231391562
1776099046.3603253,-0.031665034464387724,,,
1776099046.3608997,,2.4596399209535726,,
1776099046.3616662,,,1.590308646885934,-3.180617293771868
1776099046.3640528,,,4.014309489751528,-6.021464234627293
1776099046.365257,-0.027045321956393562,,,
1776099046.365762,,2.4353267772398306,,
1776099046.366396,,,5.047489482306906,-3.3649929882046035
1776099046.3688734,,,3.315884900616187,-3.315884900616187
1776099046.3704267,-0.02583789966632828,,,
1776099046.3708234,,1.8258939858066332,,
1776099046.3714201,,,1.6179199472085912,-1.6179199472085912
1776099046.3739357,,,1.6751356625326386,0.0
1776099046.375233,-0.019506471595554555,,,
1776099046.3756511,,1.6992654243911587,,
1776099046.3763707,,,1.6870291344715656,-1.6870291344715656
1776099046.3789313,,,0.0,-1.6519220689759206
1776099046.3804553,-0.01331608375221582,,,
1776099046.380806,,1.3918651730375309,,
1776099046.3813896,,,1.671203272399204,0.0
1776099046.383982,,,1.6549733806777758,-1.6549733806777758
1776099046.3856044,-0.009491785468372935,,,
1776099046.385966,,1.0888862896337859,,
1776099046.3864095,,,1.6928395495616804,-1.6928395495616804
1776099046.3888938,,,3.3530534832005294,-1.6765267416002647
1776099046.3903122,-0.002936773155341275,,,
1776099046.3907497,,0.8814446069863843,,
1776099046.391375,,,1.6415793088281172,0.0
1776099046.3938978,,,0.0,-1.6523424905292743
1776099046.3952727,-0.0034133334432028743,,,
1776099046.395613,,0.49421351333733987,,
1776099046.39639,,,0.0,0.0
1776099046.398873,,,0.0,1.659279364100941
1776099046.4006927,-0.00217195935778149,,,
1776099046.4010816,,0.3915790528333227,,
1776099046.4014072,,,-1.621668143764514,0.0
1776099046.4038925,,,0.0,0.0
1776099046.4053125,-0.005368376408830018,,,
1776099046.4058673,,0.42992701726396254,,
1776099046.4063966,,,0.0,0.0
1776099046.4089084,,,0.0,-1.663993928822342
1776099046.4102259,-0.009322259227016868,,,
1776099046.4108064,,0.336203900514892,,
1776099046.4113953,,,0.0,0.0
1776099046.4139488,,,0.0,0.0
1776099046.4158678,-0.01632010159681546,,,
1776099046.4162128,,0.18931412916616505,,
1776099046.4166093,,,1.5509216512566488,-1.5509216512566488
1776099046.4189503,,,0.0,0.0
1776099046.4205685,-0.023355782848502777,,,
1776099046.4211457,,-0.02236857955751015,,
1776099046.421786,,,-1.5740300346729417,1.5740300346729417
1776099046.423921,,,0.0,0.0
1776099046.4252923,-0.042131740670913055,,,
1776099046.4258502,,0.11773117358280738,,
1776099046.426388,,,-1.6549733806777758,1.6549733806777758
1776099046.428865,,,0.0,0.0
1776099046.4302483,-0.07101887518979096,,,
1776099046.430693,,0.22223689703924565,,
1776099046.4313793,,,1.6301233118529137,0.0
1776099046.4339106,,,1.6584852446458922,0.0
1776099046.4352386,-0.10193627711795701,,,
1776099046.4356086,,0.5797183868324225,,
1776099046.4363725,,,0.0,0.0
1776099046.4388738,,,1.6530122036045394,-1.6530122036045394
1776099046.440223,-0.13578205725533382,,,
1776099046.440555,,0.9655239747368718,,
1776099046.441382,,,0.0,0.0
1776099046.443919,,,1.6657001587819837,0.0
1776099046.445364,-0.15670184977201818,,,
1776099046.4460106,,1.0228634679882855,,
1776099046.4463885,,,1.6526971438289118,-1.6526971438289118
1776099046.448934,,,3.3920611816111275,-1.6960305908055637
1776099046.4504595,-0.1642913256559548,,,
1776099046.4510002,,1.105639261324355,,
1776099046.451391,,,3.3481138493631293,-1.6740569246815646
1776099046.4538996,,,1.6603126422204784,-1.6603126422204784
1776099046.455413,-0.1736349401665299,,,
1776099046.455673,,1.140095141018469,,
1776099046.456389,,,3.287804422920629,-1.6439022114603146
1776099046.4588885,,,1.6553291643691366,0.0
1776099046.4602602,-0.1787619502410016,,,
1776099046.4606023,,1.0730321164688874,,
1776099046.4613848,,,1.6397796236067852,0.0
1776099046.4638991,,,0.0,-1.6508730123417252
1776099046.4652581,-0.18258887900741758,,,
1776099046.4657292,,1.1219918482857567,,
1776099046.4663794,,,1.6486214462344462,0.0
1776099046.4689398,,,1.6272398902002816,-1.6272398902002816
1776099046.4704747,-0.19049601559315021,,,
1776099046.4707909,,1.3420870545551162,,
1776099046.471411,,,1.6700897448780303,-1.6700897448780303
1776099046.4739244,,,1.6782456153396665,-1.6782456153396665
1776099046.4754183,-0.19778082692229274,,,
1776099046.4759376,,1.470596465616338,,
1776099046.4763963,,,3.310500334359912,-1.655250167179956
1776099046.4788907,,,1.6650870973495355,-1.6650870973495355
1776099046.480265,-0.2024419000299082,,,
1776099046.480597,,1.6426907555888346,,
1776099046.4813864,,,3.288689090271419,-1.6443445451357095
1776099046.4838984,,,1.6506500559713801,-1.6506500559713801
1776099046.4853027,-0.2072668668515684,,,
1776099046.485554,,1.7209374274758122,,
1776099046.4863987,,,1.6345838909750467,-1.6345838909750467
1776099046.4889362,,,3.3196975919165013,-1.6598487959582506
1776099046.4903107,-0.21098908070924274,,,
1776099046.4906712,,1.8150999115843462,,
1776099046.4913912,,,1.6702505926580058,-1.6702505926580058
1776099046.4939013,,,3.3097347734290543,-3.3097347734290543
1776099046.4952564,-0.21432994628141083,,,
1776099046.4956613,,1.8819172230277075,,
1776099046.4963937,,,3.304158872272431,-1.6520794361362154
1776099046.498945,,,3.2460188675219928,-3.2460188675219928
1776099046.5005372,-0.21921949307458746,,,
1776099046.5015345,,,1.6679054312363892,-1.6679054312363892
1776099046.502173,,2.003290068560452,,
1776099046.5039513,,,3.4169249663946926,-1.7084624831973463
1776099046.5054007,-0.22171461374424267,,,
1776099046.5056074,,2.189354694845838,,
1776099046.5064025,,,1.6778938073309981,-1.6778938073309981
1776099046.5088732,,,3.3498122098851435,-1.6749061049425717
1776099046.510279,-0.22189896834198017,,,
1776099046.5105953,,2.264853364832818,,
1776099046.511374,,,3.2674461984398864,-1.6337230992199432
1776099046.5138817,,,3.3202544315603166,-3.3202544315603166
1776099046.515538,-0.22788454693219734,,,
1776099046.515869,,2.3616491826083235,,
1776099046.5163774,,,3.28715596930046,-3.28715596930046
1776099046.518862,,,4.9674120540740505,-1.6558040180246836
1776099046.5203862,-0.22976427017155443,,,
1776099046.5210242,,2.6562464934514445,,
1776099046.5213704,,,3.249140447790399,-3.249140447790399
1776099046.5238945,,,3.3078664709704055,-3.3078664709704055
1776099046.5257058,-0.22574864107091108,,,
1776099046.5264368,,2.684650511947484,,
1776099046.5265584,,,4.917749100876817,-3.2784994005845443
1776099046.528915,,,4.869789934425906,-1.623263311475302
1776099046.530281,-0.22165305772311383,,,
1776099046.5310395,,2.6027388449915385,,
1776099046.5318053,,,3.0262167454845668,-3.0262167454845668
1776099046.53399,,,5.59415069638637,-1.8647168987954563
1776099046.535896,-0.21837117599387756,,,
1776099046.5363731,,2.5698760679131745,,
1776099046.5364203,,,5.124291408197081,-3.416194272131387
1776099046.5389066,,,3.276819572716721,-1.6384097863583604
1776099046.5402884,-0.2061105824666117,,,
1776099046.5406358,,2.54755987463673,,
1776099046.541395,,,3.29876000082087,-1.649380000410435
1776099046.543909,,,4.959511465222171,-3.3063409768147802
1776099046.5452852,-0.19257820026219036,,,
1776099046.5458035,,2.419336306460092,,
1776099046.5463996,,,3.2979235822400157,-1.6489617911200078
1776099046.5489442,,,3.316706168703753,-1.6583530843518766
1776099046.5503213,-0.18523152643924234,,,
1776099046.5507169,,2.2045881858111405,,
1776099046.5514219,,,3.2868697205324056,0.0
1776099046.5539207,,,5.011997691129828,-1.670665897043276
1776099046.5553424,-0.1771150681459535,,,
1776099046.5556755,,2.2079985432702154,,
1776099046.5563774,,,3.3113431453456674,-1.6556715726728337
1776099046.5589242,,,3.3067882524453465,-1.6533941262226732
1776099046.5603642,-0.174411688044851,,,
1776099046.5608296,,2.2272080616892165,,
1776099046.5614238,,,1.652775897512989,-1.652775897512989
1776099046.5639555,,,3.3100250187945877,0.0
1776099046.5653906,-0.17454603282379613,,,
1776099046.5658848,,2.337545708752428,,
1776099046.5663915,,,5.048795666193601,-1.6829318887312001
1776099046.568887,,,5.011475767287203,-1.6704919224290673
1776099046.5702903,-0.17696827452944075,,,
1776099046.570538,,2.552929146342844,,
1776099046.57138,,,4.8964755587910105,-1.6321585195970034
1776099046.5738904,,,4.9607341546105195,0.0
1776099046.5753472,-0.18308078836331002,,,
1776099046.5759928,,2.584981949313698,,
1776099046.576454,,,4.917321986116554,-1.6391073287055178
1776099046.5789022,,,6.6859972111454,0.0
1776099046.5802836,-0.18061845234711124,,,
1776099046.58072,,2.569043011008383,,
1776099046.5814219,,,4.950260751119434,0.0
1776099046.5839696,,,6.540340430216535,0.0
1776099046.5856185,-0.17931325268290568,,,
1776099046.5862334,,2.489113641982117,,
1776099046.5865119,,,4.934633304434997,0.0
1776099046.5889342,,,3.4158578334058993,0.0
1776099046.590185,-0.18203537640151984,,,
1776099046.5904746,,2.5435561163544005,,
1776099046.59138,,,6.694446235119331,0.0
1776099046.5938933,,,6.6136815950499255,0.0
1776099046.5952947,-0.18611461511976407,,,
1776099046.5956495,,2.8882723686666982,,
1776099046.5963757,,,6.605800589287397,0.0
1776099046.5988874,,,6.591349972860739,-1.6478374932151847
1776099046.600209,-0.1849085385517881,,,
1776099046.60059,,2.8929287609713006,,
1776099046.6013792,,,3.2870240641646546,-1.6435120320823273
1776099046.6039283,,,8.257576608244388,-1.6515153216488776
1776099046.6055183,-0.19442546302094216,,,
1776099046.6061287,,3.182924134154212,,
1776099046.6064672,,,8.135308885133803,-3.2541235540535216
1776099046.6090117,,,6.614207095946747,-1.6535517739866867
1776099046.6104274,-0.19695387014930393,,,
1776099046.610969,,3.1792672075950694,,
1776099046.611448,,,3.3700666619672663,-1.6850333309836332
1776099046.6139355,,,6.8004854768953455,-1.7001213692238364
1776099046.615317,-0.1935829828881136,,,
1776099046.6159666,,3.265598184169397,,
1776099046.6165416,,,6.678748147245248,-3.339374073622624
1776099046.6188896,,,6.764692489011582,-1.6911731222528954
1776099046.6206994,-0.1924273513435529,,,
1776099046.6210868,,3.2488806474257657,,
1776099046.6214752,,,3.2834176180205095,-3.2834176180205095
1776099046.6239867,,,8.422571480727868,-1.6845142961455737
1776099046.6253617,-0.1908931344497877,,,
1776099046.6257706,,3.340635716251055,,
1776099046.6263864,,,6.648630822542796,-1.662157705635699
1776099046.6288967,,,3.3182941544382443,-3.3182941544382443
1776099046.6303954,-0.18349453268896096,,,
1776099046.6312497,,3.227303774333927,,
1776099046.631633,,,6.587225182610934,-3.293612591305467
1776099046.633912,,,6.653844716222192,-1.663461179055548
1776099046.6354036,-0.17458926337298689,,,
1776099046.635894,,3.306467696326574,,
1776099046.6364443,,,6.588583565706636,-3.294291782853318
1776099046.638911,,,6.755188123987115,-1.6887970309967788
1776099046.6406066,-0.17216545809477352,,,
1776099046.6414425,,3.4030802892355894,,
1776099046.6415524,,,5.047613011299311,-3.3650753408662073
1776099046.64416,,,6.494827730637615,-1.6237069326594038
1776099046.6465616,-0.1650270891981642,,,
1776099046.6466384,,,3.420747249153397,-3.420747249153397
1776099046.6476803,,3.4189911848402983,,
1776099046.6489398,,,6.7618351065902,-1.69045877664755
1776099046.650239,-0.1547260343682259,,,
1776099046.6507273,,3.2129700882415326,,
1776099046.6514447,,,4.908459378563316,-3.272306252375544
1776099046.6539135,,,6.795318178721918,-1.6988295446804795
1776099046.655309,-0.15109555404245834,,,
1776099046.6557012,,3.294375665780464,,
1776099046.656395,,,6.632880923641151,-3.3164404618205756
1776099046.6589377,,,6.5053466433116185,-3.2526733216558092
1776099046.6606715,-0.15333952937163753,,,
1776099046.661314,,3.6572778750782127,,
1776099046.6619303,,,6.680677761424497,-3.3403388807122485
1776099046.6638625,,,4.882177769025387,-1.6273925896751287
1776099046.6652782,-0.15078735111731076,,,
1776099046.665684,,3.796488360882263,,
1776099046.666425,,,4.896936430903844,-1.6323121436346146
1776099046.6688788,,,6.604542730623498,-3.302271365311749
1776099046.670388,-0.14353453668580088,,,
1776099046.670794,,3.9667901524047364,,
1776099046.6713824,,,4.901208813926656,-3.267472542617771
1776099046.6739006,,,8.312055293043066,-3.3248221172172263
1776099046.675533,-0.13747540123449967,,,
1776099046.675863,,3.9168860968986445,,
1776099046.6764715,,,6.453947368475115,-4.8404605263563365
1776099046.6788957,,,3.383227525937169,-5.074841288905754
1776099046.680235,-0.12912695719098505,,,
1776099046.680721,,3.749917216028352,,
1776099046.681439,,,8.239578922144162,-1.6479157844288324
1776099046.6839266,,,6.786834108265402,-5.090125581199051
1776099046.6858206,-0.11476862476422611,,,
1776099046.6860247,,3.7743781760597552,,
1776099046.686438,,,3.316493314098793,-3.316493314098793
1776099046.6890075,,,6.677621605900328,-5.0082162044252465
1776099046.6902971,-0.10225299836149446,,,
1776099046.6912916,,3.540453076758303,,
1776099046.6918077,,,6.713904357247184,-1.678476089311796
1776099046.6938927,,,6.563308847450383,-4.922481635587788
1776099046.6953611,-0.09589638718667047,,,
1776099046.6959746,,3.413320853261823,,
1776099046.6963868,,,6.5782632050050305,-4.933697403753773
1776099046.6988926,,,4.996899418494953,-3.3312662789966354
1776099046.7002895,-0.08711772735245624,,,
1776099046.700695,,3.4052191845673603,,
1776099046.7013774,,,3.297687709776895,-1.6488438548884474
1776099046.7039056,,,3.3121080259068227,-1.6560540129534114
1776099046.7051954,-0.07635780847414268,,,
1776099046.7056303,,3.2442458761274677,,
1776099046.706392,,,4.921978187808847,-1.640659395936282
1776099046.708941,,,3.2654951376605994,-3.2654951376605994
1776099046.7103279,-0.06529223976632938,,,
1776099046.7108052,,3.3564120155420243,,
1776099046.7115602,,,5.011797607474813,-3.3411984049832086
1776099046.7139907,,,5.038437614911256,-3.358958409940837
1776099046.715393,-0.04889005435542976,,,
1776099046.7159104,,3.187179811989002,,
1776099046.7164123,,,6.569115410507954,-4.926836557880966
1776099046.71891,,,6.7217169678465885,-5.041287725884942
1776099046.720334,-0.029938300333901782,,,
1776099046.7207687,,2.697429664128417,,
1776099046.7213738,,,3.268806945428613,-3.268806945428613
1776099046.7238789,,,4.963695388559362,-1.6545651295197872
1776099046.7252731,-0.01586968541218314,,,
1776099046.7257102,,2.138270463658421,,
1776099046.7264729,,,1.5734581471462032,-1.5734581471462032
1776099046.7289128,,,1.6933920312227468,0.0
1776099046.7302625,-0.0018043336559490167,,,
1776099046.7306163,,1.680032490450617,,
1776099046.7313871,,,1.662437618491391,-1.662437618491391
1776099046.7339032,,,1.6535127143068986,0.0
1776099046.7352912,0.005643237475112709,,,
1776099046.73563,,1.7912814609591536,,
1776099046.7364256,,,0.0,-1.6460240675556246
1776099046.7389107,,,1.680293561355586,-1.680293561355586
1776099046.7403204,0.0020101295352533952,,,
1776099046.740635,,1.74563437802606,,
1776099046.7414052,,,3.308444935784202,-1.654222467892101
1776099046.7439175,,,3.3396680924041733,-1.6698340462020866
1776099046.7454686,-0.007008886292711868,,,
1776099046.7460904,,1.978907452430997,,
1776099046.7464437,,,3.2258232118392605,-3.2258232118392605
1776099046.7489111,,,5.096695537131252,-3.397797024754168
1776099046.7502885,-0.0109874759918008,,,
1776099046.75091,,1.8940720343686706,,
1776099046.751589,,,1.6651936843102957,-3.3303873686205914
1776099046.7539308,,,3.3566273069022405,-1.6783136534511203
1776099046.7555559,-0.02277721653019808,,,
1776099046.7560816,,1.7173832726175324,,
1776099046.757243,,,2.455413531283687,-2.455413531283687
1776099046.758926,,,2.565444186483757,0.0
1776099046.7603111,-0.029926233865469956,,,
1776099046.7606483,,1.5496686286529104,,
1776099046.7613883,,,3.329373595906188,-1.664686797953094
1776099046.7639062,,,1.6550523514491378,-1.6550523514491378
1776099046.7653556,-0.03135916027326222,,,
1776099046.7659395,,1.5783271568087558,,
1776099046.7666829,,,1.6426039686709792,-1.6426039686709792
1776099046.7689161,,,1.6888385162993345,-1.6888385162993345
1776099046.7707264,-0.03307324061610202,,,
1776099046.771613,,1.3445477339793768,,
1776099046.771667,,,1.6617459027465677,-1.6617459027465677
1776099046.7739055,,,3.2789629119140336,0.0
1776099046.7754219,-0.0351948943190748,,,
1776099046.7758367,,1.1175874670719117,,
1776099046.7763793,,,1.6525134144160747,-1.6525134144160747
1776099046.7789037,,,1.6391980528385632,0.0
1776099046.7804496,-0.03350591233540882,,,
1776099046.780896,,0.9305920301127564,,
1776099046.7813704,,,1.6468457435737687,-1.6468457435737687
1776099046.783881,,,1.6545260219515643,-1.6545260219515643
1776099046.7854402,-0.03365712020928386,,,
1776099046.7857351,,0.8150404836038281,,
1776099046.786385,,,1.6373513546459202,0.0
1776099046.7888942,,,0.0,0.0
1776099046.7902265,-0.035400991687165435,,,
1776099046.7905521,,0.5714648554854631,,
1776099046.7913675,,,1.6478240927621082,1.6478240927621082
1776099046.7938797,,,0.0,0.0
1776099046.7951913,-0.03431536533846658,,,
1776099046.7956097,,0.5165777776209007,,
1776099046.7963665,,,0.0,0.0
1776099046.7988946,,,1.6486080330279496,0.0
1776099046.8005726,-0.03396596636648336,,,
1776099046.8009102,,0.36543371760447635,,
1776099046.8014085,,,0.0,0.0
1776099046.8039134,,,1.6702636357278073,0.0
1776099046.8052785,-0.03563640880353219,,,
1776099046.8057356,,0.20925467109524098,,
1776099046.8063989,,,0.0,0.0
1776099046.8089433,,,1.6527496454510342,0.0
1776099046.810632,-0.03700821111964932,,,
1776099046.8109536,,0.021922138961264492,,
1776099046.8114057,,,1.6593859240085198,0.0
1776099046.8139062,,,0.0,0.0
1776099046.8153284,-0.039198699389867905,,,
1776099046.815681,,-0.18847308800077578,,
1776099046.8163974,,,0.0,0.0
1776099046.8188856,,,0.0,0.0
1776099046.8204162,-0.04276395572484946,,,
1776099046.8208814,,-0.2558615656268446,,
1776099046.821368,,,0.0,0.0
1776099046.8238585,,,-1.6529341370617514,1.6529341370617514
1776099046.8253152,-0.04494791062178482,,,
1776099046.8256392,,-0.3816524625990786,,
1776099046.8263645,,,-1.6328382827991768,0.0
1776099046.8289657,,,0.0,0.0
1776099046.8309708,-0.043923642253498624,,,
1776099046.8314764,,-0.33978566202587157,,
1776099046.8315594,,,-1.6381643927020348,0.0
1776099046.833944,,,0.0,0.0
1776099046.8355088,-0.044281020168387905,,,
1776099046.8357198,,-0.5844449357891544,,
1776099046.8364065,,,-1.6581016807597313,0.0
1776099046.8389583,,,0.0,-1.6616132222960887
1776099046.84033,-0.0440765180267673,,,
1776099046.8406434,,-0.5885349786215666,,
1776099046.8414216,,,-1.6442665928800206,0.0
1776099046.8439083,,,-3.347276955531535,0.0
1776099046.8456328,-0.04476959397922311,,,
1776099046.845976,,-0.9153454540593036,,
1776099046.8464317,,,-1.6325550947109875,0.0
1776099046.8489046,,,-1.6819929823962663,0.0
1776099046.850296,-0.04988726880010757,,,
1776099046.8506749,,-0.8934635589986964,,
1776099046.851367,,,-3.303424585449388,1.651712292724694
1776099046.8540432,,,-3.2623199533427774,0.0
1776099046.8554056,-0.0576498648135846,,,
1776099046.8558521,,-0.738211638729156,,
1776099046.8565636,,,-1.5823566853336188,0.0
1776099046.858925,,,-1.7534479249804449,0.0
1776099046.8602867,-0.06455781010217167,,,
1776099046.8606603,,-0.6462839343993148,,
1776099046.8614511,,,-1.6561993438410005,0.0
1776099046.8639426,,,-1.6937369565773026,0.0
1776099046.865327,-0.07126368543180588,,,
1776099046.865695,,-0.59543588285328,,
1776099046.8663805,,,-1.6726692127950646,-1.6726692127950646
1776099046.868992,,,-1.6501003543218362,-1.6501003543218362
1776099046.8707988,-0.07726021350039411,,,
1776099046.8708572,,-0.5341270178343565,,
1776099046.8713968,,,-1.6971101626797849,0.0
1776099046.8738952,,,-1.6641003758709167,0.0
1776099046.8753037,-0.08014793853294408,,,
1776099046.875649,,-0.6401135735870893,,
1776099046.8763669,,,-1.6430582255162374,0.0
1776099046.8789003,,,-1.6488699830178868,1.6488699830178868
1776099046.8802576,-0.0843706285261248,,,
1776099046.8807123,,-0.5732462826293276,,
1776099046.881376,,,0.0,0.0
1776099046.8838823,,,-1.6498514465163763,0.0
1776099046.88552,-0.08858816279798028,,,
1776099046.885836,,-0.48796297929569565,,
1776099046.8863835,,,-1.632504560468178,1.632504560468178
1776099046.889036,,,-1.654144286996253,0.0
1776099046.8907347,-0.09329133692015026,,,
1776099046.8912747,,-0.34940030007536604,,
1776099046.8915331,,,0.0,0.0
1776099046.8939338,,,0.0,-1.748037422239574
1776099046.8959002,-0.0964798970109149,,,
1776099046.8959625,,-0.2856290982600731,,
1776099046.896393,,,0.0,0.0
1776099046.8988864,,,1.6570048251695266,0.0
1776099046.9002402,-0.10143981638502125,,,
1776099046.9007938,,-0.2409222421604742,,
1776099046.9013712,,,0.0,0.0
1776099046.9038785,,,0.0,0.0
1776099046.9051805,-0.10486004260791416,,,
1776099046.9055483,,-0.1725177177026156,,
1776099046.9063716,,,-1.6415016185249116,1.6415016185249116
1776099046.9089088,,,0.0,0.0
1776099046.910576,-0.10849684137187166,,,
1776099046.9112523,,-0.10657652995527211,,
1776099046.9116075,,,0.0,0.0
1776099046.9139159,,,1.6608433768366566,0.0
1776099046.915326,-0.1104431247517418,,,
1776099046.9159155,,0.008823805156973563,,
1776099046.9164069,,,0.0,0.0
1776099046.918911,,,0.0,0.0
1776099046.9202595,-0.11418452742601468,,,
1776099046.920608,,0.1470698756059594,,
1776099046.921416,,,0.0,0.0
1776099046.923916,,,0.0,-1.67369304593456
1776099046.9252827,-0.11564431860795739,,,
1776099046.9257324,,0.2194325847409968,,
1776099046.9263825,,,0.0,-1.6561993438410005
1776099046.9288914,,,0.0,0.0
1776099046.9302173,-0.11575703198114377,,,
1776099046.9305868,,0.265253431085132,,
1776099046.9314442,,,0.0,0.0
1776099046.9339216,,,0.0,0.0
1776099046.935237,-0.11588773341271698,,,
1776099046.9356267,,0.2865198176470458,,
1776099046.936384,,,0.0,0.0
1776099046.9388974,,,0.0,1.6558168364413497
1776099046.940276,-0.11555296544738303,,,
1776099046.9405932,,0.3909392191546157,,
1776099046.9413855,,,0.0,0.0
1776099046.9438772,,,1.6566875288460505,0.0
1776099046.945357,-0.11340425572140639,,,
1776099046.9458513,,0.47626660097096063,,
1776099046.946402,,,0.0,-1.6269985184115705
1776099046.9488976,,,1.6669023768363211,0.0
1776099046.9502792,-0.11164170959180493,,,
1776099046.9506156,,0.5033678463178628,,
1776099046.9514081,,,1.6433177132704684,0.0
1776099046.9539135,,,0.0,0.0
1776099046.955438,-0.11117015267510816,,,
1776099046.9558,,0.5564221070509332,,
1776099046.9564028,,,1.6447351199477267,0.0
1776099046.9589207,,,1.6634345864571964,0.0
1776099046.9605691,-0.10799118057593228,,,
1776099046.9609401,,0.532412310105584,,
1776099046.9615319,,,1.5950300136294873,0.0
1776099046.9639485,,,0.0,1.692399014052688
1776099046.9652405,-0.10543778007011001,,,
1776099046.9656863,,0.48134429998913864,,
1776099046.9665613,,,1.6684670617976332,0.0
1776099046.9688737,,,1.6615995968549655,0.0
1776099046.970321,-0.10176564109798764,,,
1776099046.9708304,,0.6774280926416867,,
1776099046.9714432,,,1.629267210447842,0.0
1776099046.9738905,,,1.655355498441183,0.0
1776099046.9758987,-0.09624086492523036,,,
1776099046.9763665,,0.6813781082026564,,
1776099046.9764173,,,3.2056530790379503,-1.6028265395189751
1776099046.9789007,,,1.6920271187095017,0.0
1776099046.98024,-0.08925668689051776,,,
1776099046.980631,,0.5191784868637903,,
1776099046.981397,,,1.6460114003104083,0.0
1776099046.9839208,,,0.0,1.6698478070265854
1776099046.9852464,-0.08234582866034457,,,
1776099046.985593,,0.527915256526654,,
1776099046.9863887,,,0.0,1.6613744508699972
1776099046.9888937,,,1.6594910669949618,0.0
1776099046.9903934,-0.073090552220045,,,
1776099046.9908311,,0.5417238019360995,,
1776099046.9914286,,,1.6427728836209214,-1.6427728836209214
1776099046.9938858,,,3.373867555645365,-1.6869337778226825
1776099046.9952714,-0.06522618274360382,,,
1776099046.9956145,,0.522597092220677,,
1776099046.996385,,,1.6435646533852155,0.0
1776099046.9989166,,,1.6507555103672231,0.0
1776099047.0003595,-0.06230955928461937,,,
1776099047.0007427,,0.3025220335583755,,
1776099047.001404,,,1.6463760134216587,0.0
1776099047.0039234,,,0.0,1.6595976540965203
1776099047.0058527,-0.060777540350478235,,,
1776099047.006699,,0.36048035504518805,,
1776099047.0067523,,,-1.6295609843333247,0.0
1776099047.0089529,,,0.0,-1.6602338846181381
1776099047.010326,-0.06402350157886218,,,
1776099047.0106962,,0.8389490011565481,,
1776099047.0114007,,,0.0,1.6732747808863773
1776099047.0139165,,,0.0,0.0
1776099047.0152745,-0.0678344322087398,,,
1776099047.015671,,0.9151676137541007,,
1776099047.0163898,,,0.0,0.0
1776099047.018885,,,1.6647933336697691,-1.6647933336697691
1776099047.020269,-0.06719576957279177,,,
1776099047.0206354,,1.2769070620529517,,
1776099047.0213819,,,3.2677540358783888,-3.2677540358783888
1776099047.0238857,,,3.3106056622698867,-3.3106056622698867
1776099047.0252433,-0.06371860786040319,,,
1776099047.025804,,1.214025384208912,,
1776099047.026441,,,3.2230969917509706,-3.2230969917509706
1776099047.028981,,,3.336506125409732,-1.668253062704866
1776099047.0304031,-0.058644949253206846,,,
1776099047.0307336,,1.1125522120649851,,
1776099047.0313885,,,1.6974985163807093,-1.6974985163807093
1776099047.0338995,,,0.0,0.0
1776099047.0354283,-0.04907871081788866,,,
1776099047.0357862,,0.6834098797453898,,
1776099047.036381,,,-1.651240490903797,0.0
1776099047.0388942,,,-1.6572166613641472,-1.6572166613641472
1776099047.0402215,-0.04583575836915682,,,
1776099047.0405722,,0.9594892875137556,,
1776099047.0413852,,,0.0,0.0
1776099047.043906,,,0.0,-1.6653665570396516
1776099047.0452404,-0.04453580370728822,,,
1776099047.045592,,1.1415972163289705,,
1776099047.0463734,,,0.0,-1.6615730637424782
1776099047.048913,,,1.647106429125229,-1.647106429125229
1776099047.050326,-0.041958059700166875,,,
1776099047.050859,,1.2623101847870524,,
1776099047.0514255,,,1.641345560230556,-3.282691120461112
1776099047.0539246,,,1.6878922696471457,-3.3757845392942913
1776099047.0555701,-0.039044817438963035,,,
1776099047.0558958,,1.3104970108946126,,
1776099047.056428,,,3.290485164435502,0.0
1776099047.0588973,,,1.6595969387012077,-3.3191938774024154
1776099047.060322,-0.04006734366601158,,,
1776099047.060926,,1.2227638594389763,,
1776099047.061467,,,1.637429348993462,-1.637429348993462
1776099047.0639312,,,3.3542979759561753,-3.3542979759561753
1776099047.065283,-0.04094272605138576,,,
1776099047.065918,,1.1976375461625755,,
1776099047.066452,,,0.0,-1.6605912176865343
1776099047.0689113,,,1.7037718731141902,-1.7037718731141902
1776099047.0702782,-0.04456935469380142,,,
1776099047.0706072,,1.2327321720219147,,
1776099047.0713992,,,0.0,-1.6450598034972113
1776099047.0739176,,,1.669204188154179,0.0
1776099047.0757153,-0.044802583608323385,,,
1776099047.0760999,,1.369029104850098,,
1776099047.0764365,,,1.6504016898015306,-1.6504016898015306
1776099047.078897,,,1.676580768162997,0.0
1776099047.0803723,-0.044389899228086775,,,
1776099047.0808444,,1.508528738280141,,
1776099047.081599,,,1.6384871842648718,-1.6384871842648718
1776099047.0838833,,,1.6688293948536772,-1.6688293948536772
1776099047.0852523,-0.03983339550669817,,,
1776099047.0856822,,1.6935867923510965,,
1776099047.0863643,,,3.2859341471932817,-1.6429670735966408
1776099047.0889347,,,1.64941957173136,-1.64941957173136
1776099047.090264,-0.03173679856003594,,,
1776099047.0906758,,1.5726900408648408,,
1776099047.091369,,,3.3487326920835176,-3.3487326920835176
1776099047.093897,,,3.292542235624513,-3.292542235624513
1776099047.0952709,-0.021493048409577286,,,
1776099047.095617,,1.3790064526139374,,
1776099047.0963762,,,3.2840659980782085,-1.6420329990391043
1776099047.0988638,,,1.6558303672075896,-1.6558303672075896
1776099047.1002967,-0.014760844660552516,,,
1776099047.1009512,,1.1007392215689806,,
1776099047.1014078,,,0.0,0.0
1776099047.103902,,,0.0,0.0
1776099047.1052687,-0.004656832134441479,,,
1776099047.1056218,,0.8363068031078287,,
1776099047.1063774,,,0.0,0.0
1776099047.1088934,,,0.0,0.0
1776099047.1108017,0.006403548064889459,,,
1776099047.1111073,,0.6921067911483515,,
1776099047.1119888,,,0.0,-1.3310095601701342
1776099047.1139207,,,0.0,0.0
1776099047.1157417,0.016563901449111042,,,
1776099047.115959,,0.5949517014113328,,
1776099047.1164112,,,0.0,0.0
1776099047.1189096,,,0.0,0.0
1776099047.1201856,0.03032880548787357,,,
1776099047.1205583,,0.3196536206360824,,
1776099047.1213832,,,0.0,0.0
1776099047.1238885,,,1.6533671444832927,-1.6533671444832927
1776099047.1253033,0.04575528523628479,,,
1776099047.125674,,-0.02591422793689202,,
1776099047.1263778,,,0.0,0.0
1776099047.1288848,,,1.652369438835543,0.0
1776099047.130389,0.05932920526619324,,,
1776099047.1309197,,-0.3758657629710236,,
1776099047.1314209,,,0.0,-1.626768903473158
1776099047.133904,,,1.6929363194910967,0.0
1776099047.135364,0.07095907422878578,,,
1776099047.1358898,,-0.5794187563026029,,
1776099047.1364722,,,0.0,0.0
1776099047.1389694,,,-1.7046801567505057,0.0
1776099047.1402695,0.08305213666136564,,,
1776099047.1407216,,-0.9478495766251076,,
1776099047.1414204,,,-1.682892164340861,3.365784328681722
1776099047.1441195,,,-1.6678649679652107,1.6678649679652107
1776099047.1466022,0.09254861930300698,,,
1776099047.1466641,,,-3.4302014114638046,3.4302014114638046
1776099047.1466987,,-1.1377792294579343,,
1776099047.1490781,,,-3.2656751805759052,3.2656751805759052
1776099047.1507297,0.09911747562534681,,,
1776099047.1510696,,-1.208935886014994,,
1776099047.1513617,,,-1.7735365145142723,1.7735365145142723
1776099047.1539023,,,0.0,1.6462063567276557
1776099047.1556103,0.10413973606155161,,,
1776099047.155893,,-1.128986147326028,,
1776099047.1563842,,,-1.6388491688233022,0.0
1776099047.1588833,,,0.0,0.0
1776099047.1603277,0.11036529181415163,,,
1776099047.1607232,,-1.1174682806138214,,
1776099047.161427,,,0.0,0.0
1776099047.1639347,,,0.0,0.0
1776099047.1653953,0.11442243889280873,,,
1776099047.1660047,,-1.5398161411861155,,
1776099047.1663945,,,0.0,1.6597693668102143
1776099047.168969,,,-3.3133223047526434,3.3133223047526434
1776099047.1703277,0.11531335294111712,,,
1776099047.170845,,-1.6772759751633097,,
1776099047.1713953,,,-1.6923580975627939,3.3847161951255877
1776099047.1739423,,,-3.3137443753081692,3.3137443753081692
1776099047.17524,0.11346882314166674,,,
1776099047.1756184,,-1.6638340577154387,,
1776099047.1763935,,,-3.2876486022735563,3.2876486022735563
1776099047.1788993,,,-3.3191681233820955,3.3191681233820955
1776099047.1803818,0.11407280609891693,,,
1776099047.1807516,,-1.5101741935355903,,
1776099047.1813862,,,-1.639042432218159,3.278084864436318
1776099047.1838799,,,-1.6613880726188732,1.6613880726188732
1776099047.185251,0.11581377505723793,,,
1776099047.1855462,,-1.461057962014988,,
1776099047.1863723,,,0.0,1.6367582836592074
1776099047.1889157,,,0.0,0.0
1776099047.1907554,0.11826950038020596,,,
1776099047.1913018,,-1.4901877992631525,,
1776099047.1914663,,,-1.635547721227879,0.0
1776099047.193979,,,0.0,1.6941364409459732
1776099047.195747,0.12095861244745884,,,
1776099047.1961927,,-1.7175702004894653,,
1776099047.1963685,,,-1.6707064963342146,1.6707064963342146
1776099047.1989284,,,-3.4250305096444174,3.4250305096444174
1776099047.2006192,0.12510110875505331,,,
1776099047.2010007,,-1.9356497216371138,,
1776099047.2013896,,,-3.314854249353635,3.314854249353635
1776099047.2039194,,,-3.321235438900968,3.321235438900968
1776099047.2052767,0.1266363473828735,,,
1776099047.2058308,,-2.0429623928364355,,
1776099047.2064264,,,-3.3295866673395382,3.3295866673395382
1776099047.2089589,,,-3.3606413914479165,3.3606413914479165
1776099047.2103658,0.12382647994487513,,,
1776099047.2105227,,-1.8343486335590802,,
1776099047.2113826,,,-3.3511622216605357,3.3511622216605357
1776099047.213896,,,-3.3124514112146533,3.3124514112146533
1776099047.2153022,0.12070012339566451,,,
1776099047.2156546,,-1.688285585272069,,
1776099047.2163725,,,-1.646754170941343,0.0
1776099047.2188752,,,0.0,1.6531570010769339
1776099047.2202554,0.11703469304207537,,,
1776099047.220816,,-1.4375131156048662,,
1776099047.2214448,,,0.0,0.0
1776099047.2239175,,,0.0,0.0
1776099047.2253127,0.11091064084175137,,,
1776099047.2259643,,-1.4963596369079708,,
1776099047.2265298,,,-1.6627564032944444,0.0
1776099047.2289119,,,0.0,1.6574014381546385
1776099047.2304401,0.10516131358865996,,,
1776099047.2309952,,-1.5186011537630213,,
1776099047.2315168,,,-3.2821216256681813,3.2821216256681813
1776099047.2338998,,,-3.350379198950535,3.350379198950535
1776099047.2353425,0.0995013145532392,,,
1776099047.2357013,,-1.6432187366678375,,
1776099047.2363906,,,-3.2851028177295762,3.2851028177295762
1776099047.2388937,,,-1.664020539307765,3.32804107861553
1776099047.240627,0.09894172158301837,,,
1776099047.2409697,,-1.374357875567068,,
1776099047.2413983,,,-1.6298810839624436,1.6298810839624436
1776099047.243903,,,-1.6666483746438507,1.6666483746438507
1776099047.2457857,0.10018596480674344,,,
1776099047.2464314,,,-1.6179702624936234,1.6179702624936234
1776099047.2465208,,-1.4577312052663363,,
1776099047.2488978,,,0.0,0.0
1776099047.2502582,0.1029250032508204,,,
1776099047.2506483,,-1.5191735305516072,,
1776099047.2514255,,,-1.650965043640522,1.650965043640522
1776099047.2539637,,,-1.6486348596592062,1.6486348596592062
1776099047.2558212,0.10503503521336646,,,
1776099047.2562146,,-1.6776849446116888,,
1776099047.2564054,,,-1.653775514980049,3.307551029960098
1776099047.258918,,,-1.6761749240377044,1.6761749240377044
1776099047.2604454,0.10319004732133356,,,
1776099047.260794,,-1.7821434136582235,,
1776099047.2614207,,,-1.6546440613337845,3.309288122667569
1776099047.263894,,,-3.3303873686205914,3.3303873686205914
1776099047.2653108,0.09401906453547512,,,
1776099047.2657874,,-1.5900637346162032,,
1776099047.266379,,,-1.6427462474214303,1.6427462474214303
1776099047.2689042,,,-1.6537357343782852,3.3074714687565705
1776099047.2704177,0.08558085223807824,,,
1776099047.2707424,,-1.3512199153010047,,
1776099047.2713797,,,-1.6453079706228424,1.6453079706228424
1776099047.273885,,,-1.662197892455039,3.324395784910078
1776099047.2754574,0.07874430617967565,,,
1776099047.2756476,,-1.2282118003246412,,
1776099047.2763762,,,-1.6407370065352844,1.6407370065352844
1776099047.278892,,,-1.6558040180246836,0.0
1776099047.280387,0.07427493931570771,,,
1776099047.2807178,,-1.1195059494744597,,
1776099047.2814221,,,0.0,1.643538693121337
1776099047.2839134,,,0.0,1.6834366989048177
1776099047.285293,0.072423346858886,,,
1776099047.2856803,,-1.230893577013174,,
1776099047.2863758,,,0.0,1.6547628287929816
1776099047.2888975,,,0.0,0.0
1776099047.2903166,0.07406799284001578,,,
1776099047.290726,,-1.3439916357367023,,
1776099047.2913792,,,0.0,1.6412420042902796
1776099047.293902,,,-1.6526446455422403,3.3052892910844807
1776099047.2953808,0.0756155377217766,,,
1776099047.295704,,-1.5184324583083053,,
1776099047.296405,,,-1.650296988004677,3.300593976009354
1776099047.2989442,,,-1.6908025079722862,3.3816050159445723
1776099047.3006544,0.07703800450559782,,,
1776099047.3011718,,-1.6649245734588607,,
1776099047.3017154,,,-3.271894671084763,3.271894671084763
1776099047.303932,,,-1.677338967364996,5.0320169020949885
1776099047.3052762,0.07524678871190459,,,
1776099047.3055775,,-1.5516929721736303,,
1776099047.306404,,,-1.6541435762947319,3.3082871525894637
1776099047.308893,,,-1.6656064774119415,1.6656064774119415
1776099047.3102787,0.07363931472653797,,,
1776099047.3106785,,-1.34874118627461,,
1776099047.3114636,,,-1.6452819552584614,1.6452819552584614
1776099047.3138967,,,0.0,1.6754724608451887
1776099047.3154557,0.0687899102843294,,,
1776099047.3160622,,-1.191399396412627,,
1776099047.316384,,,0.0,1.6518178828939079
1776099047.3188791,,,1.6617064549939569,3.3234129099879137
1776099047.320155,0.06574607379939346,,,
1776099047.320378,,-1.2063311785883781,,
1776099047.3213646,,,0.0,1.6451511877807348
1776099047.3238823,,,0.0,1.6432272339096763
1776099047.3252761,0.06295820501993754,,,
1776099047.3254104,,-1.1505738029992598,,
1776099047.3265193,,,1.6395980566221187,1.6395980566221187
1776099047.3288815,,,0.0,3.3407693122878994
1776099047.3304698,0.06249038358588773,,,
1776099047.330723,,-1.404881776777975,,
1776099047.3313715,,,-1.6355741244969166,3.2711482489938333
1776099047.333906,,,0.0,3.3061038988088876
1776099047.3354225,0.06556304796671727,,,
1776099047.336044,,-1.466335064394566,,
1776099047.3364158,,,-1.6422144052511949,3.2844288105023898
1776099047.3389337,,,0.0,3.308814576962876
1776099047.3402264,0.07110188716513179,,,
1776099047.340734,,-1.4528072058692174,,
1776099047.3414278,,,0.0,4.9661070650059544
1776099047.3439093,,,0.0,3.3746882195377883
1776099047.345342,0.07676533331410859,,,
1776099047.345815,,-1.6004497598920109,,
1776099047.346419,,,0.0,3.3078138932904766
1776099047.348896,,,1.6755140232692816,3.351028046538563
1776099047.3502882,0.08373103939274168,,,
1776099047.3506203,,-1.6907348263332052,,
1776099047.3513868,,,0.0,3.2977668009744625
1776099047.3539066,,,0.0,3.3011698998353602
1776099047.3556914,0.0907673423997753,,,
1776099047.3561993,,-1.8249325611982201,,
1776099047.3564324,,,0.0,4.831052024653969
1776099047.3589115,,,-1.702013884542101,5.106041653626304
1776099047.3603673,0.09507371434253062,,,
1776099047.360719,,-1.9784749508590942,,
1776099047.3614066,,,0.0,3.2795592472135704
1776099047.3639295,,,0.0,4.954154934415838
1776099047.3654284,0.09560239539532177,,,
1776099047.3655903,,-1.920701003212627,,
1776099047.366415,,,-1.653157710930945,4.959473132792835
1776099047.3690238,,,0.0,4.9984629073031535
1776099047.3702867,0.09652017363674191,,,
1776099047.3706226,,-1.9675680294490028,,
1776099047.371425,,,-1.6675442215069012,1.6675442215069012
1776099047.3739161,,,-1.6791532439808876,5.037459731942663
1776099047.3753762,0.09461899209236803,,,
1776099047.3758667,,-1.9424678179847652,,
1776099047.3763788,,,-1.6593987979440799,3.3187975958881597
1776099047.378888,,,0.0,4.966066495323549
1776099047.3805285,0.09148307865622468,,,
1776099047.3809178,,-1.8305872630023563,,
1776099047.3813856,,,-1.6368487479334353,3.2736974958668705
1776099047.3838978,,,0.0,4.987349465895971
1776099047.3853855,0.09083641764107296,,,
1776099047.385792,,-1.8003339960496187,,
1776099047.3864007,,,-1.643642539097701,3.287285078195402
1776099047.3888845,,,-1.6675709456664842,5.002712836999453
1776099047.3903751,0.09102599204000661,,,
1776099047.3907883,,-1.8535542325439829,,
1776099047.3914254,,,0.0,3.2224239108783843
1776099047.3938825,,,0.0,3.3786922708860136
1776099047.3952594,0.08814097971042749,,,
1776099047.3957446,,-1.791590589854012,,
1776099047.3963864,,,0.0,3.2640596596533293
1776099047.3988848,,,0.0,3.314802876309277
1776099047.400306,0.08393743970652465,,,
1776099047.4006953,,-1.8226314844324438,,
1776099047.4014146,,,0.0,3.2778518211275154
1776099047.4039178,,,0.0,5.027310017260102
1776099047.405538,0.07914298598657553,,,
1776099047.4058673,,-1.7267424100334614,,
1776099047.4063914,,,-1.6614275052564018,3.3228550105128036
1776099047.4089005,,,0.0,4.980542719304825
1776099047.410524,0.0726179270041392,,,
1776099047.411094,,-1.6156929750836322,,
1776099047.4115303,,,0.0,3.154892389226491
1776099047.4139078,,,0.0,5.203642487130121
1776099047.4153874,0.06898570566982667,,,
1776099047.4159622,,-1.4905554839359736,,
1776099047.416448,,,0.0,3.2482001919380585
1776099047.41891,,,0.0,3.384109266729783
1776099047.4203985,0.06761726426154238,,,
1776099047.4207785,,-1.4234837796040452,,
1776099047.4213982,,,0.0,3.2913965996755943
1776099047.4239047,,,0.0,4.982132521391584
1776099047.425308,0.067806520748154,,,
1776099047.4256353,,-1.4377941684541744,,
1776099047.4263892,,,1.6480462863183636,3.296092572636727
1776099047.4288964,,,0.0,3.317712240628867
1776099047.4302795,0.0685615685060972,,,
1776099047.430908,,-1.4257159734858116,,
1776099047.4314084,,,0.0,3.2881427870711852
1776099047.433917,,,1.678746885630334,3.357493771260668
1776099047.435285,0.06821784169895836,,,
1776099047.4355912,,-1.4239042202098713,,
1776099047.4363718,,,0.0,3.3245551084309595
1776099047.4388783,,,0.0,3.316784746099784
1776099047.4403553,0.06345642359508862,,,
1776099047.4405138,,-1.410879464154529,,
1776099047.4413722,,,0.0,4.916120600396065
1776099047.443885,,,-1.6487266415794075,3.297453283158815
1776099047.4452124,0.05611820466333495,,,
1776099047.445548,,-1.2328057704219153,,
1776099047.4463768,,,0.0,3.282380462440316
1776099047.448881,,,0.0,3.308787561925479
1776099047.4502769,0.05098853166278287,,,
1776099047.4505467,,-0.9788617489180831,,
1776099047.451382,,,1.639223178220334,3.278446356440668
1776099047.4538944,,,0.0,3.3097618039359973
1776099047.455338,0.05030391565335254,,,
1776099047.4555573,,-0.8777698087125132,,
1776099047.4564018,,,1.6453860216525107,3.2907720433050214
1776099047.4588988,,,0.0,1.6519093107903657
1776099047.460234,0.05157965106021349,,,
1776099047.4605424,,-0.8619828671465939,,
1776099047.461416,,,0.0,3.3009335627972787
1776099047.4639282,,,0.0,1.6709486830920892
1776099047.4654467,0.05585442363988434,,,
1776099047.46585,,-0.9917110532607912,,
1776099047.4663887,,,0.0,1.660724451332871
1776099047.4688888,,,0.0,1.6568201367969901
1776099047.470517,0.061138317533885836,,,
1776099047.4709754,,-1.0772710308015505,,
1776099047.4715466,,,-1.5935142295470925,3.187028459094185
1776099047.47392,,,-1.74073372616681,1.74073372616681
1776099047.4752936,0.06533176260635781,,,
1776099047.4756796,,-1.1355595556606592,,
1776099047.4764016,,,0.0,3.307997211906284
1776099047.478914,,,0.0,1.6626099194206148
1776099047.4802885,0.0687982983328404,,,
1776099047.480774,,-1.1695840212505315,,
1776099047.4814043,,,0.0,1.6441359867486653
1776099047.4838943,,,0.0,1.6668489722211328
1776099047.4852493,0.06932709313630314,,,
1776099047.4855847,,-1.1824248464970553,,
1776099047.4863634,,,0.0,3.296196985723602
1776099047.488869,,,0.0,1.6408663738519391
1776099047.4902523,0.06959756930376589,,,
1776099047.4907343,,-1.2028894873187443,,
1776099047.4913962,,,0.0,3.270324383317248
1776099047.493905,,,0.0,3.3366405859835853
1776099047.4954703,0.0701534754318124,,,
1776099047.4959526,,-1.294479211236757,,
1776099047.496458,,,0.0,1.6000633980791859
1776099047.4989612,,,0.0,3.371870058309925
1776099047.5002098,0.06876397796832759,,,
1776099047.500751,,-1.2666892619670607,,
1776099047.5014021,,,0.0,3.4057291137229995
1776099047.5039718,,,0.0,3.298105806224992
1776099047.505401,0.06495269124215187,,,
1776099047.5058284,,-1.1855339757047847,,
1776099047.5064604,,,0.0,3.292073469991619
1776099047.5098197,,,0.0,5.020511674484686
1776099047.5118136,,,1.6778258032553581,0.0
1776099047.51206,0.06246366045013698,,,
1776099047.5127678,,-1.0564808386600764,,
1776099047.5139453,,,0.0,1.7142240284651318
1776099047.5155303,0.058992009528246944,,,
1776099047.5158377,,-0.9795868770500958,,
1776099047.5163846,,,0.0,3.3354366101269712
1776099047.5188751,,,0.0,4.967728259364463
1776099047.5202105,0.055996130104675364,,,
1776099047.5205412,,-1.001872894600717,,
1776099047.5214202,,,-1.637416117286167,3.274832234572334
1776099047.5238867,,,0.0,3.3649929882046035
1776099047.5252247,0.0548998901223723,,,
1776099047.5256422,,-0.9824794863880736,,
1776099047.5263755,,,1.6529738791075623,3.3059477582151247
1776099047.5288758,,,0.0,1.6526318761930274
1776099047.530153,0.05240943715349546,,,
1776099047.5305035,,-0.8946995555092647,,
1776099047.531367,,,1.6404524702301833,1.6404524702301833
1776099047.533913,,,0.0,1.6393397421493638
1776099047.5352292,0.050383169501162686,,,
1776099047.535571,,-0.8900133759146871,,
1776099047.5363789,,,0.0,3.314167979868766
1776099047.5388815,,,0.0,1.6533941262226732
1776099047.540287,0.04923265980614378,,,
1776099047.5406134,,-0.867003182014309,,
1776099047.5413842,,,-1.6454507182086322,1.6454507182086322
1776099047.5439005,,,0.0,3.312662322130366
1776099047.545253,0.04718111416399143,,,
1776099047.5457604,,-0.9757240571271568,,
1776099047.54641,,,0.0,1.6473805902425291
1776099047.5489,,,-1.667463331973966,1.667463331973966
1776099047.5503502,0.04360545219136399,,,
1776099047.550761,,-0.9000806527042943,,
1776099047.5514271,,,0.0,1.6499299292233685
1776099047.5539253,,,0.0,1.683941075476683
1776099047.5560336,0.0418371761832147,,,
1776099047.5564413,,-0.8159525396659904,,
1776099047.5565157,,,1.660100729669647,1.660100729669647
1776099047.558909,,,0.0,1.6284512681649193
1776099047.560187,0.04081202135515327,,,
1776099047.5606925,,-0.7954494431047618,,
1776099047.5614212,,,0.0,1.6411517533516
1776099047.5639253,,,0.0,1.6667551615883314
1776099047.5658927,0.04108649661872534,,,
1776099047.5663338,,-0.8830093232701811,,
1776099047.5663986,,,0.0,3.29423822646038
1776099047.5689538,,,0.0,1.6354323906266228
1776099047.5709639,0.04066729887942537,,,
1776099047.5714738,,-0.9471031021567856,,
1776099047.571573,,,0.0,1.6706796715815349
1776099047.5739107,,,0.0,1.6451385339666804
1776099047.5752368,0.04113325654459179,,,
1776099047.5756853,,-0.9325738835347535,,
1776099047.5764346,,,0.0,1.6523424905292743
1776099047.5788789,,,0.0,3.3041602901302607
1776099047.580325,0.040853853987121894,,,
1776099047.5806935,,-0.9429735677543123,,
1776099047.5813975,,,0.0,1.637132035373237
1776099047.583919,,,0.0,3.3239451686286254
1776099047.5851922,0.040312126854916856,,,
1776099047.585614,,-0.8727179419889224,,
1776099047.5863683,,,0.0,1.6661543024343843
1776099047.58888,,,0.0,1.6468584236640358
1776099047.5902848,0.03932873426236723,,,
1776099047.590522,,-0.7557913666434429,,
1776099047.5913653,,,0.0,3.282457421786071
1776099047.5938883,,,0.0,1.6477979977684203
1776099047.5952022,0.03944630945236214,,,
1776099047.595407,,-0.7989115956341808,,
1776099047.5963688,,,0.0,1.6429151916362288
1776099047.5988913,,,0.0,1.6523956788204857
1776099047.6002707,0.040193321440960356,,,
1776099047.6004162,,-0.8592836500795973,,
1776099047.6015263,,,0.0,1.635278178735216
1776099047.603931,,,0.0,1.6772300892977738
1776099047.6054046,0.04138353298021931,,,
1776099047.6057813,,-0.8774921734856415,,
1776099047.6063516,,,0.0,1.675148782009819
1776099047.6089303,,,0.0,1.6431879591489533
1776099047.6103618,0.04234328222620215,,,
1776099047.6107655,,-0.8966871584052983,,
1776099047.6120553,,,-1.3178728933556878,2.6357457867113756
1776099047.613902,,,0.0,2.3037664877490327
1776099047.6152327,0.042307286144876985,,,
1776099047.6158297,,-0.9100897363547068,,
1776099047.6163776,,,0.0,1.6523169613657192
1776099047.618892,,,0.0,1.6483729843643997
1776099047.6202588,0.04191852040233665,,,
1776099047.6206129,,-0.8965854829966906,,
1776099047.6213815,,,1.6441626680352572,1.6441626680352572
1776099047.6239104,,,0.0,1.651227035046457
1776099047.6252797,0.039488987873073284,,,
1776099047.6255183,,-0.8526579218940357,,
1776099047.6263542,,,0.0,3.3151453933523274
1776099047.6288805,,,0.0,1.647563180011631
1776099047.6302152,0.037954677519330106,,,
1776099047.6307445,,-0.8526148742763391,,
1776099047.6313596,,,0.0,3.284221479301695
1776099047.6338751,,,0.0,1.6474722325579372
1776099047.635395,0.0363372481334695,,,
1776099047.6359031,,-0.820266286559127,,
1776099047.636698,,,0.0,2.9417334315682155
1776099047.6389396,,,0.0,1.8919881394562057
1776099047.6406505,0.034761444677522305,,,
1776099047.641018,,-0.7621039918252552,,
1776099047.6414273,,,0.0,1.6563838938302036
1776099047.6441216,,,0.0,3.314959854501247
1776099047.6464052,0.033219745825386185,,,
1776099047.6464703,,,0.0,1.7855239208087654
1776099047.6468728,,-0.7278060054525921,,
1776099047.6489124,,,0.0,1.6677045793139167
1776099047.6502938,0.03289628812626213,,,
1776099047.6509461,,-0.7275987144896192,,
1776099047.6513999,,,0.0,1.6550786767144041
1776099047.6539364,,,0.0,1.6687888867400382
1776099047.6553276,0.03182216778765532,,,
1776099047.655686,,-0.6941255061907654,,
1776099047.656369,,,0.0,1.6761077889186018
1776099047.6588695,,,0.0,1.6526978532880587
1776099047.6603281,0.031293343779446904,,,
1776099047.6605332,,-0.6756883894701934,,
1776099047.661368,,,0.0,1.6394563226571197
1776099047.66388,,,0.0,1.6504144247100145
1776099047.6656199,0.03019626639698582,,,
1776099047.6659524,,-0.6859887748150344,,
1776099047.666437,,,0.0,0.0
1776099047.6689196,,,0.0,1.6778799135771592
1776099047.6704738,0.02859763586257237,,,
1776099047.6708226,,-0.6291019431768078,,
1776099047.6714292,,,0.0,1.6488834004872313
1776099047.6739337,,,0.0,1.6819797554953027
1776099047.675659,0.02699006353489442,,,
1776099047.6760275,,-0.6283930428488638,,
1776099047.676691,,,0.0,1.4958635337219375
1776099047.6789548,,,0.0,1.9086794350776928
1776099047.6802983,0.02558401724248133,,,
1776099047.680663,,-0.6045355130989905,,
1776099047.681395,,,0.0,1.6836825907532027
1776099047.6839318,,,0.0,1.6405692090590556
1776099047.6853852,0.023679641926998184,,,
1776099047.6858242,,-0.5793714262125675,,
1776099047.6864038,,,0.0,1.6663807458822038
1776099047.6889024,,,0.0,0.0
1776099047.6902866,0.02198238846446217,,,
1776099047.6907277,,-0.572472275960999,,
1776099047.691404,,,0.0,1.633132653254309
1776099047.693911,,,0.0,1.6615866887484494
1776099047.695391,0.019541468507769073,,,
1776099047.6956315,,-0.5463031685998259,,
1776099047.6963952,,,0.0,0.0
1776099047.698907,,,0.0,1.6547884335929306
1776099047.7004385,0.016893676340747146,,,
1776099047.7009065,,-0.5161298481601507,,
1776099047.7014022,,,0.0,1.6487259355256343
1776099047.7039344,,,0.0,1.6658205187762536
1776099047.7055702,0.013713515452849821,,,
1776099047.7058792,,-0.3967027877389302,,
1776099047.7063794,,,0.0,1.662583354032075
1776099047.7088854,,,0.0,1.6540646922218496
1776099047.710309,0.011222996922756195,,,
1776099047.7105563,,-0.33889854945257936,,
1776099047.7114418,,,0.0,0.0
1776099047.7139707,,,0.0,1.6701158261972335
1776099047.715696,0.008869807089040003,,,
1776099047.7158635,,-0.26478883377910367,,
1776099047.7164054,,,1.6671297455856815,0.0
1776099047.7189023,,,0.0,0.0
1776099047.7206838,0.007885577041136719,,,
1776099047.7210712,,-0.18448406954707702,,
1776099047.7216074,,,0.0,0.0
1776099047.7239025,,,-1.83261539568341,0.0
1776099047.7253296,0.007550881875983084,,,
1776099047.725711,,-0.2124302595434106,,
1776099047.7263913,,,0.0,0.0
1776099047.7289093,,,-1.662596995612042,-1.662596995612042
1776099047.730355,0.008427451049318949,,,
1776099047.7309468,,-0.18359721044015337,,
1776099047.7315047,,,0.0,0.0
1776099047.73392,,,0.0,-1.7257778442133314
1776099047.735425,0.009299103734781588,,,
1776099047.735755,,-0.2609842717829939,,
1776099047.7363725,,,0.0,0.0
1776099047.7389073,,,0.0,0.0
1776099047.7402737,0.008651414460753805,,,
1776099047.7406256,,-0.3270365452506995,,
1776099047.7414076,,,0.0,1.6444225047829522
1776099047.7439156,,,0.0,1.660405729020939
1776099047.7453158,0.00820584605278962,,,
1776099047.745899,,-0.30373621525935474,,
1776099047.7466738,,,0.0,0.0
1776099047.7489126,,,0.0,1.8768544331920758
1776099047.7503064,0.007393584606883595,,,
1776099047.7506967,,-0.18903318269407562,,
1776099047.751528,,,1.649615336371794,0.0
1776099047.7539215,,,0.0,0.0
1776099047.7552617,0.005186121313168394,,,
1776099047.7557056,,-0.1448839168197716,,
1776099047.7564,,,0.0,0.0
1776099047.758877,,,0.0,0.0
1776099047.7607381,0.0030538105874833746,,,
1776099047.7609885,,-0.10010600425687699,,
1776099047.7615116,,,0.0,1.566557649544899
1776099047.7639892,,,0.0,0.0
1776099047.765232,0.0031627253401280545,,,
1776099047.765588,,-0.13292745876693768,,
1776099047.766404,,,0.0,1.7131782294393656
1776099047.7689767,,,0.0,1.6488438548884474
1776099047.7702553,0.0031584047287922874,,,
1776099047.7709858,,-0.11498807537822064,,
1776099047.771468,,,0.0,0.0
1776099047.773962,,,0.0,0.0
1776099047.7755582,0.0038056334970133616,,,
1776099047.7758882,,-0.055321685941963586,,
1776099047.7764227,,,0.0,-1.6734900703468085
1776099047.778883,,,0.0,0.0
1776099047.7802002,0.0041071382136664315,,,
1776099047.780515,,-0.08067029384584772,,
1776099047.7813573,,,0.0,0.0
1776099047.7838678,,,0.0,-1.6445658012512576
1776099047.7854025,0.0038891925976649883,,,
1776099047.7857177,,-0.13240168644524208,,
1776099047.7863739,,,0.0,0.0
1776099047.788904,,,-1.6451385339666804,1.6451385339666804
1776099047.7902029,0.0029107342022826753,,,
1776099047.7904668,,-0.20769308172673917,,
1776099047.791404,,,0.0,0.0
1776099047.7939165,,,0.0,0.0
1776099047.79527,0.0015066671688141967,,,
1776099047.7956018,,-0.053708325026835244,,
1776099047.7963867,,,0.0,0.0
1776099047.798895,,,0.0,0.0
1776099047.8004339,-0.00022662950775808986,,,
1776099047.801031,,0.010934612321404373,,
1776099047.801656,,,0.0,0.0
1776099047.8039055,,,1.8318402178697955,0.0
1776099047.8053484,-0.0004855375868322123,,,
1776099047.8057044,,0.0474220890004271,,
1776099047.8065166,,,0.0,0.0
1776099047.8089712,,,0.0,0.0
1776099047.8106327,-0.0008887584388836262,,,
1776099047.8109725,,0.0003288190185546276,,
1776099047.8114183,,,1.6825509061103185,0.0
1776099047.8139005,,,-1.669231689271332,0.0
1776099047.8157156,0.0003031282100512597,,,
1776099047.8160365,,-0.014049503866843685,,
1776099047.8164022,,,0.0,0.0
1776099047.8189008,,,0.0,0.0
1776099047.8206518,0.001629958826193585,,,
1776099047.8209507,,-0.015671895239732603,,
1776099047.821414,,,0.0,0.0
1776099047.823911,,,-1.684405221540697,0.0
1776099047.8252447,0.003521097008095223,,,
1776099047.8256063,,-0.05349465887776535,,
1776099047.8263872,,,0.0,0.0
1776099047.8289378,,,0.0,0.0
1776099047.8306332,0.00516111077315561,,,
1776099047.831003,,0.030948458526709688,,
1776099047.8313932,,,1.6581016807597313,0.0
1776099047.8339095,,,0.0,0.0
1776099047.8353038,0.007231120173044397,,,
1776099047.8356588,,0.0003399919029797027,,
1776099047.8363972,,,0.0,0.0
1776099047.838894,,,0.0,0.0
1776099047.8402522,0.008475820525559149,,,
1776099047.840638,,-0.040408519388197395,,
1776099047.8413832,,,0.0,0.0
1776099047.8438926,,,0.0,0.0
1776099047.845254,0.00971972483461624,,,
1776099047.8455765,,-0.06968323279580231,,
1776099047.8463867,,,0.0,0.0
1776099047.8489053,,,0.0,0.0
1776099047.8503282,0.010209695670698012,,,
1776099047.8507602,,-0.11798644553100862,,
1776099047.851404,,,-1.648085793668436,0.0
1776099047.8539069,,,0.0,0.0
1776099047.8553724,0.010528432666074963,,,
1776099047.8558235,,-0.09305187034100733,,
1776099047.8563879,,,0.0,0.0
1776099047.858883,,,1.6550921954193087,0.0
1776099047.8602715,0.007991625760782866,,,
1776099047.860536,,-0.09427587218427481,,
1776099047.861369,,,0.0,0.0
1776099047.8638823,,,0.0,0.0
1776099047.8652594,0.005166946721727752,,,
1776099047.865555,,-0.1027990819035966,,
1776099047.866364,,,0.0,0.0
1776099047.8688893,,,0.0,0.0
1776099047.8702793,0.0020334107842688814,,,
1776099047.8708534,,-0.021476005223969658,,
1776099047.8713849,,,0.0,0.0
1776099047.8738883,,,0.0,0.0
1776099047.8754327,-0.0014525201420662376,,,
1776099047.8757868,,0.10073567776414069,,
1776099047.8763766,,,0.0,0.0
1776099047.8789046,,,0.0,0.0
1776099047.8804398,-0.003818128445042262,,,
1776099047.8805366,,0.1012837178694627,,
1776099047.881403,,,0.0,0.0
1776099047.8839204,,,0.0,-1.6683600553888804
1776099047.8853195,0.002183388849624512,,,
1776099047.8856797,,-0.11254134218841898,,
1776099047.886376,,,0.0,0.0
1776099047.888883,,,0.0,0.0
1776099047.8903234,0.008787399193336832,,,
1776099047.8905346,,-0.3325540935919275,,
1776099047.891381,,,0.0,1.6388359141596465
1776099047.8939295,,,-1.6237322701992047,0.0
1776099047.8952484,0.015130259835515246,,,
1776099047.8956683,,-0.46993656555339225,,
1776099047.8963778,,,0.0,1.6666620830130396
1776099047.8989127,,,0.0,0.0
1776099047.900282,0.020790089302377197,,,
1776099047.900701,,-0.43298167355051254,,
1776099047.901401,,,0.0,0.0
1776099047.9039173,,,0.0,0.0
1776099047.9052951,0.025662230701874605,,,
1776099047.905716,,-0.46700648457693233,,
1776099047.9064124,,,0.0,0.0
1776099047.9088924,,,0.0,0.0
1776099047.91078,0.02819229778964175,,,
1776099047.911143,,-0.49189421861386984,,
1776099047.9114623,,,0.0,0.0
1776099047.9139512,,,0.0,0.0
1776099047.9152925,0.02964299839086506,,,
1776099047.915684,,-0.5924533464144174,,
1776099047.9164414,,,0.0,0.0
1776099047.9189184,,,-1.668895948166978,0.0
1776099047.9205315,0.030650989911030824,,,
1776099047.920877,,-0.6412578693537802,,
1776099047.921417,,,0.0,1.6447997653260746
1776099047.923951,,,-1.671337488869525,0.0
1776099047.9253755,0.032993103684284146,,,
1776099047.9257526,,-0.7075518895177441,,
1776099047.9264092,,,-3.2916062449219665,1.6458031224609833
1776099047.9289458,,,-1.6429151916362288,1.6429151916362288
1776099047.9303489,0.03645097390696232,,,
1776099047.9306831,,-0.5873878609772448,,
1776099047.9313765,,,0.0,1.6773250827982744
1776099047.9338915,,,-1.6524736945085932,0.0
1776099047.9356894,0.03718657430166299,,,
1776099047.9365075,,-0.4296987891426746,,
1776099047.9365659,,,0.0,0.0
1776099047.9389215,,,-1.6869744324399814,0.0
1776099047.940318,0.03937479413576555,,,
1776099047.94072,,-0.47346318582472574,,
1776099047.9414113,,,0.0,-1.6571232185214622
1776099047.943917,,,-1.6702774036335977,-1.6702774036335977
1776099047.945436,0.04201529170773104,,,
1776099047.945761,,-0.09713567373562171,,
1776099047.9463847,,,0.0,0.0
1776099047.9488938,,,0.0,0.0
1776099047.9504633,0.044509020390508754,,,
1776099047.9508066,,-0.28703616299762225,,
1776099047.9513793,,,0.0,0.0
1776099047.9538875,,,0.0,1.6574670830716705
1776099047.955521,0.047905341435478845,,,
1776099047.9558458,,-0.39746331375283395,,
1776099047.9564214,,,0.0,0.0
1776099047.958921,,,0.0,1.6666216800457299
1776099047.9602857,0.05416033840093948,,,
1776099047.960676,,-0.5441466958101382,,
1776099047.961428,,,1.6453986792740387,0.0
1776099047.9639184,,,0.0,0.0
1776099047.9653025,0.060447799030982,,,
1776099047.9656637,,-0.6682971348740929,,
1776099047.9664013,,,0.0,0.0
1776099047.9688993,,,-1.6667017664056094,1.6667017664056094
1776099047.9703605,0.07137225831836468,,,
1776099047.9709442,,-0.98710936006195,,
1776099047.971417,,,0.0,1.6437597324113045
1776099047.9739473,,,-1.6540646922218496,1.6540646922218496
1776099047.9753435,0.08005801527080232,,,
1776099047.975866,,-1.1608244991107028,,
1776099047.9764476,,,-1.6738407616295516,3.3476815232591033
1776099047.9788964,,,-3.411011084579203,3.411011084579203
1776099047.9803002,0.08971637789721718,,,
1776099047.9806945,,-1.518132501426956,,
1776099047.9813864,,,-1.6401547565909034,1.6401547565909034
1776099047.9839025,,,-1.6557769575745753,3.3115539151491507
1776099047.9853363,0.09956829373919805,,,
1776099047.985575,,-1.4868126647466413,,
1776099047.9864354,,,-1.6185620418237927,1.6185620418237927
1776099047.9888983,,,-1.6896886728168774,3.379377345633755
1776099047.9905567,0.1070163734747955,,,
1776099047.9908688,,-1.2528679973720767,,
1776099047.9913976,,,-1.6380479958516998,1.6380479958516998
1776099047.9938915,,,0.0,1.6661672816061208
1776099047.9953175,0.10826541383296794,,,
1776099047.9958246,,-1.127430860939257,,
1776099047.9963791,,,-1.6356637630064526,1.6356637630064526
1776099047.9989033,,,0.0,1.6523162522335475
1776099048.0003414,0.10867082948100086,,,
1776099048.0006933,,-1.118485589506362,,
1776099048.001407,,,-1.6446044393773547,0.0
1776099048.0039253,,,-1.6734500630471225,1.6734500630471225
1776099048.0054188,0.1046224401247131,,,
1776099048.005755,,-1.1223860309641518,,
1776099048.006446,,,0.0,0.0
1776099048.0089095,,,-1.6875364060173088,1.6875364060173088
1776099048.0111055,0.10032939906066031,,,
1776099048.0114102,,-1.1570993805906449,,
1776099048.0118093,,,-1.577757137364907,1.577757137364907
1776099048.0139449,,,-1.898051038063705,0.0
1776099048.0153272,0.09806418378762632,,,
1776099048.015658,,-1.0565041569789897,,
1776099048.016396,,,-1.6696196963268852,1.6696196963268852
1776099048.0190613,,,-1.6545651295197872,3.3091302590395744
1776099048.0203488,0.09477276111214683,,,
1776099048.0206513,,-0.8329300478290267,,
1776099048.0213847,,,-1.6555925427995855,1.6555925427995855
1776099048.0238698,,,-1.672238385115571,1.672238385115571
1776099048.025199,0.08960647465292505,,,
1776099048.0254722,,-0.5437468949804689,,
1776099048.0263567,,,0.0,1.6346997960219511
1776099048.0289078,,,0.0,0.0
1776099048.0306177,0.0825820769804207,,,
1776099048.0310962,,-0.31252854331155233,,
1776099048.031447,,,0.0,-1.6323889664986242
1776099048.0339134,,,0.0,0.0
1776099048.0352294,0.0791091372163792,,,
1776099048.0357196,,-0.24306974803072245,,
1776099048.0363855,,,1.6582602275562546,-1.6582602275562546
1776099048.0389202,,,0.0,0.0
1776099048.0405574,0.07484362937131799,,,
1776099048.0409124,,-0.2502219940132979,,
1776099048.0414095,,,-1.6515153216488776,0.0
1776099048.0439236,,,-1.6620651398202888,1.6620651398202888
1776099048.0455637,0.07515301924320167,,,
1776099048.0459378,,-0.9747920340294278,,
1776099048.046418,,,-1.6534069073539646,1.6534069073539646
1776099048.0489206,,,-1.6645003932548343,1.6645003932548343
1776099048.0503645,0.07779760346793088,,,
1776099048.0507197,,-1.0183575395587872,,
1776099048.0514007,,,-1.6495368835899,1.6495368835899
1776099048.053926,,,-1.6625302258017043,1.6625302258017043
1776099048.055417,0.08145282289398285,,,
1776099048.0556674,,-1.0914619280798268,,
1776099048.0564141,,,-1.6536831700898185,1.6536831700898185
1776099048.0589216,,,-1.6620780553616388,0.0
1776099048.0603104,0.08405665464129114,,,
1776099048.0607204,,-1.1793777364780706,,
1776099048.0614188,,,-1.6505715047421023,1.6505715047421023
1776099048.063974,,,-1.6747042919971669,1.6747042919971669
1776099048.0652413,0.0846992989379547,,,
1776099048.065804,,-1.2533837101976013,,
1776099048.0664444,,,-1.694827039091657,1.694827039091657
1776099048.06889,,,-3.4007428174299124,1.7003714087149562
1776099048.0703487,0.0824851292774467,,,
1776099048.0705411,,-1.2647909285226404,,
1776099048.0713978,,,-1.6391589704422673,0.0
1776099048.0738997,,,-1.6553291643691366,1.6553291643691366
1776099048.0752223,0.07697713072445084,,,
1776099048.0756776,,-1.1546309574627234,,
1776099048.0764365,,,0.0,1.6474193607470657
1776099048.078886,,,-1.6949792551920633,1.6949792551920633
1776099048.080296,0.07030210996168183,,,
1776099048.0809958,,-0.7655932385601847,,
1776099048.081443,,,-1.676972930128826,1.676972930128826
1776099048.0838983,,,-1.6977754859393044,0.0
1776099048.08529,0.06231440548137959,,,
1776099048.0856328,,-0.30220540807203633,,
1776099048.0863724,,,-1.6483736901159083,0.0
1776099048.0889275,,,0.0,0.0
1776099048.0905669,0.05454969751490115,,,
1776099048.0912452,,-0.18568150701218766,,
1776099048.0914607,,,1.6520539151004812,-1.6520539151004812
1776099048.0939524,,,1.6588689860305719,-1.6588689860305719
1776099048.0953493,0.04421789389828203,,,
1776099048.095749,,0.13833118915395204,,
1776099048.0964615,,,1.678002040238198,0.0
1776099048.0989144,,,-1.655500706749708,0.0
1776099048.1003194,0.03184702542074765,,,
1776099048.1008425,,-0.14611010456932128,,
1776099048.1013696,,,0.0,0.0
1776099048.1038852,,,-1.647523697713118,1.647523697713118
1776099048.1052024,0.025133575844974564,,,
1776099048.105537,,-0.1614596698816796,,
1776099048.106362,,,0.0,0.0
1776099048.1088705,,,0.0,1.6518306396672469
1776099048.1110027,0.019590676708982305,,,
1776099048.1117332,,,0.0,0.0
1776099048.1123526,,-0.050601687161834386,,
1776099048.1140943,,,0.0,0.0
1776099048.1155765,0.017093296106784055,,,
1776099048.1159225,,-0.12296025069038855,,
1776099048.1164227,,,1.6838048271986685,0.0
1776099048.1189265,,,0.0,-1.669860843806375
1776099048.1204195,0.01668789821368644,,,
1776099048.1205633,,-0.1148522928284362,,
1776099048.1213908,,,0.0,0.0
1776099048.1238947,,,0.0,0.0
1776099048.1254416,0.017945194504721394,,,
1776099048.125785,,-0.8129486465541395,,
1776099048.1263645,,,0.0,0.0
1776099048.128888,,,-1.6443965174125226,0.0
1776099048.1306252,0.015300322271595657,,,
1776099048.1309435,,-0.6851753079136773,,
1776099048.1314313,,,0.0,1.6197223682259267
1776099048.1339426,,,-3.3304665956147903,1.6652332978073952
1776099048.135375,0.014766771055799172,,,
1776099048.1358783,,-0.5962976114179341,,
1776099048.1364539,,,-1.6447864142337445,1.6447864142337445
1776099048.1389022,,,-1.6972074214920214,1.6972074214920214
1776099048.1404693,0.010288626667712655,,,
1776099048.1408346,,-0.4491788763279596,,
1776099048.141407,,,0.0,1.6365655585161356
1776099048.1439006,,,0.0,0.0
1776099048.1453493,0.007366876889501556,,,
1776099048.1455305,,-0.039146933774763956,,
1776099048.1465688,,,0.0,-1.6427203130045147
1776099048.149271,,,1.5570082154073284,0.0
1776099048.1504474,0.003177675132345562,,,
1776099048.1508987,,0.044637101368355914,,
1776099048.151469,,,1.9366836953340558,-1.9366836953340558
1776099048.153917,,,0.0,0.0
1776099048.155377,0.000612899249911328,,,
1776099048.1558547,,0.13390349051831288,,
1776099048.1564007,,,0.0,0.0
1776099048.1588943,,,-1.675365283056276,1.675365283056276
1776099048.1603487,-0.003077599085888452,,,
1776099048.1607785,,0.11391874306976227,,
1776099048.1613936,,,0.0,1.6419160518054048
1776099048.163885,,,-1.665180000085655,0.0
1776099048.1652079,-0.0039558695863263224,,,
1776099048.165545,,0.2428653761489183,,
1776099048.166434,,,0.0,0.0
1776099048.1688895,,,1.6969859868613368,-3.3939719737226737
1776099048.170224,-0.002996352869972363,,,
1776099048.1706998,,0.40993215887018514,,
1776099048.1714215,,,1.6258401059705003,-1.6258401059705003
1776099048.1738925,,,1.6845688387455735,0.0
1776099048.1752963,-0.0024480221420909655,,,
1776099048.1757653,,0.3989655443125572,,
1776099048.1763823,,,0.0,-1.6403748865466417
1776099048.1789796,,,0.0,0.0
1776099048.1808827,-0.00322142873652306,,,
1776099048.1815348,,-0.05507281913383055,,
1776099048.1815896,,,-1.6755402742837866,-1.6755402742837866
1776099048.1838982,,,-1.6998016060739354,0.0
1776099048.1853735,-0.00708947712470044,,,
1776099048.1857626,,-0.048191118121767296,,
1776099048.186383,,,-1.645268596336996,0.0
1776099048.1888921,,,0.0,0.0
1776099048.190245,-0.016201192913759828,,,
1776099048.1905901,,0.10566496737952225,,
1776099048.1913905,,,-1.6390556902226139,0.0
1776099048.193894,,,0.0,0.0
1776099048.1954393,-0.02800268165007992,,,
1776099048.195822,,0.38259669842483846,,
1776099048.196381,,,0.0,0.0
1776099048.198896,,,0.0,-1.6521198460554285
1776099048.2002444,-0.03567499695248587,,,
1776099048.2006137,,0.5295146791973001,,
1776099048.2014043,,,1.6343139722819633,0.0
1776099048.2039032,,,1.661865691946115,0.0
1776099048.2053738,-0.04299468361145992,,,
1776099048.2054331,,0.6753754878644826,,
1776099048.2064166,,,1.6439281832093504,0.0
1776099048.208929,,,1.6618922344052667,-1.6618922344052667
1776099048.2107744,-0.04791172854807395,,,
1776099048.211114,,0.8108878713295876,,
1776099048.2115853,,,1.647668240343794,0.0
1776099048.213938,,,1.693805511395845,1.693805511395845
1776099048.21562,-0.04861087081865662,,,
1776099048.216128,,0.617163388072878,,
1776099048.2164774,,,1.6042865611187365,0.0
1776099048.2189102,,,1.719071459615998,0.0
1776099048.220307,-0.04749702033944224,,,
1776099048.2207878,,0.5707715443070807,,
1776099048.2213726,,,1.6505587674093942,1.6505587674093942
1776099048.2238836,,,1.6497595393248388,0.0
1776099048.2252438,-0.04640389690249097,,,
1776099048.225543,,0.3876994105977415,,
1776099048.2263696,,,1.641190231220158,0.0
1776099048.2288818,,,1.6500345844484128,0.0
1776099048.2302098,-0.04321397169245405,,,
1776099048.2305367,,0.3626711646667231,,
1776099048.231442,,,0.0,0.0
1776099048.2339096,,,0.0,0.0
1776099048.2352743,-0.04109939684014861,,,
1776099048.2356367,,0.3742050433627686,,
1776099048.2363925,,,1.6470282147945696,0.0
1776099048.2389247,,,0.0,0.0
1776099048.2404528,-0.0394078133535772,,,
1776099048.240854,,0.4688081810952931,,
1776099048.241443,,,1.6612016891230377,0.0
1776099048.2439573,,,1.6782456153396665,-1.6782456153396665
1776099048.2454073,-0.04065939943109028,,,
1776099048.245831,,0.49383990264555466,,
1776099048.2465613,,,0.0,0.0
1776099048.2489269,,,1.7949899317519524,1.7949899317519524
1776099048.25054,-0.04343683451677863,,,
1776099048.2508893,,0.5644437218317557,,
1776099048.2513769,,,0.0,0.0
1776099048.2539105,,,0.0,0.0
1776099048.2556193,-0.0476709378749794,,,
1776099048.256086,,0.7860873886565005,,
1776099048.2564316,,,1.6188771537854256,0.0
1776099048.2588682,,,1.7037854449784144,-1.7037854449784144
1776099048.2602165,-0.051901494940546564,,,
1776099048.2607543,,0.963827088492017,,
1776099048.2613964,,,1.620618263667449,0.0
1776099048.2638986,,,3.3338841433453847,-1.6669420716726924
1776099048.2655725,-0.05394840040990621,,,
1776099048.2659125,,0.7995892606442649,,
1776099048.2663999,,,1.6376355126849265,0.0
1776099048.2688937,,,1.6731671569270812,0.0
1776099048.2702928,-0.055555681428927105,,,
1776099048.2707043,,0.5059847728821892,,
1776099048.271403,,,1.642863312952392,0.0
1776099048.273898,,,0.0,0.0
1776099048.2756157,-0.05565085595038792,,,
1776099048.2759264,,0.47324817001199937,,
1776099048.2763906,,,1.6462324013339393,0.0
1776099048.2788827,,,1.6582466570493966,0.0
1776099048.2808743,-0.05765132954196898,,,
1776099048.281207,,0.6824611744984127,,
1776099048.2815926,,,0.0,1.533159659015461
1776099048.2839093,,,1.8049790129959087,0.0
1776099048.2856457,-0.05685296760941547,,,
1776099048.285964,,0.8271706763053579,,
1776099048.2864487,,,1.642162570814984,0.0
1776099048.2888997,,,1.665793850690761,0.0
1776099048.290293,-0.06354723995561637,,,
1776099048.2906337,,1.016746734764575,,
1776099048.2913814,,,3.292543643530164,0.0
1776099048.293896,,,1.6541833765204201,0.0
1776099048.2952802,-0.06990799236560448,,,
1776099048.2957263,,1.1439617829643371,,
1776099048.2963862,,,3.284350357780385,0.0
1776099048.2989452,,,1.6607638524745412,0.0
1776099048.3002856,-0.0766236375914526,,,
1776099048.3008,,0.9309411365907146,,
1776099048.3014205,,,3.3355969937061323,0.0
1776099048.3039362,,,3.3419510329682685,-1.6709755164841342
1776099048.3059947,-0.08116871825394882,,,
1776099048.3064747,,0.9522961009856771,,
1776099048.3065565,,,1.6554480302032246,1.6554480302032246
1776099048.3089209,,,1.6468844889072518,0.0
1776099048.3103757,-0.08474585913456426,,,
1776099048.3106654,,1.0295678571051952,,
1776099048.3114576,,,3.2354360752254214,0.0
1776099048.3139017,,,1.7028645568614997,1.7028645568614997
1776099048.3152943,-0.08276613198724928,,,
1776099048.3157616,,1.126135527051177,,
1776099048.3163807,,,1.6442665928800206,0.0
1776099048.3188999,,,3.3014062707179246,0.0
1776099048.3203127,-0.08102244724352112,,,
1776099048.3207319,,1.2995020853572758,,
1776099048.3214035,,,1.6461803129454486,0.0
1776099048.3239024,,,3.305893822164705,-1.6529469110823525
1776099048.325249,-0.0757811128122876,,,
1776099048.325753,,1.1946753967326054,,
1776099048.3263843,,,3.2911883878793597,-1.6455941939396799
1776099048.328896,,,3.3150140867865177,0.0
1776099048.3303032,-0.0657401120786543,,,
1776099048.3307495,,0.4877103265043835,,
1776099048.3314075,,,1.6461148551854874,0.0
1776099048.3339076,,,1.6743525106443662,0.0
1776099048.335275,-0.05780115684270786,,,
1776099048.3358269,,0.38475506444872887,,
1776099048.3363907,,,1.6581281031204085,1.6581281031204085
1776099048.3388977,,,0.0,1.6548410681702295
1776099048.3405817,-0.050392418663906854,,,
1776099048.3409584,,0.26242713971918896,,
1776099048.3413897,,,0.0,1.6403224692930822
1776099048.34389,,,1.6607903597490599,0.0
1776099048.3454719,-0.042250315541542356,,,
1776099048.3462465,,0.47529685844238234,,
1776099048.3465567,,,1.6317227169151436,1.6317227169151436
1776099048.3489056,,,0.0,0.0
1776099048.3503864,-0.037010803890954666,,,
1776099048.3507125,,0.6661464986282537,,
1776099048.3513675,,,1.6556053579421746,-1.6556053579421746
1776099048.3538926,,,1.6475892675685095,-1.6475892675685095
1776099048.3552966,-0.03812217639579632,,,
1776099048.3557827,,0.8740981412611342,,
1776099048.3563852,,,1.6377769319865398,-1.6377769319865398
1776099048.358895,,,1.6608032554858616,0.0
1776099048.3603637,-0.04012083090815222,,,
1776099048.3608134,,0.8583806199730529,,
1776099048.3614264,,,1.6400897771379441,-1.6400897771379441
1776099048.363945,,,0.0,-1.673894615215202
1776099048.3654466,-0.042701947384459524,,,
1776099048.365771,,0.910002949499199,,
1776099048.3663888,,,1.6723466160492961,0.0
1776099048.3688931,,,1.662862692065804,-1.662862692065804
1776099048.3703094,-0.04754895797608234,,,
1776099048.370859,,1.087281531560663,,
1776099048.3713865,,,1.6362428281752728,-1.6362428281752728
1776099048.3738961,,,1.6526708942686645,0.0
1776099048.3752847,-0.05385449171199564,,,
1776099048.3757288,,1.1253264306215922,,
1776099048.3763754,,,0.0,-1.645554805953439
1776099048.378885,,,1.6566084019564558,0.0
1776099048.3802443,-0.05951142073241334,,,
1776099048.3805425,,1.1177576089943229,,
1776099048.3814054,,,0.0,0.0
1776099048.383898,,,3.3394812468864994,-1.6697406234432497
1776099048.3854403,-0.06183434440280603,,,
1776099048.3856475,,0.9696986354132029,,
1776099048.3864079,,,1.6433562927719152,-1.6433562927719152
1776099048.3889265,,,1.6603398511287282,-1.6603398511287282
1776099048.390299,-0.061983038744345416,,,
1776099048.390694,,0.6779652669428881,,
1776099048.3914034,,,1.6652469829080405,-1.6652469829080405
1776099048.3939145,,,1.6716604222054694,0.0
1776099048.3955898,-0.05998271033241007,,,
1776099048.3958752,,0.2723724832673703,,
1776099048.3964005,,,0.0,0.0
1776099048.398952,,,0.0,0.0
1776099048.4003806,-0.057302894612410366,,,
1776099048.4006598,,0.23609621551707927,,
1776099048.4013846,,,-1.6831231805699811,0.0
1776099048.403901,,,-1.6524871706917543,1.6524871706917543
1776099048.4052553,-0.05496539001824843,,,
1776099048.4056795,,0.20959725510118576,,
1776099048.4063914,,,-1.6435646533852155,0.0
1776099048.408956,,,0.0,1.6600341602046025
1776099048.410357,-0.05395170733148499,,,
1776099048.4111478,,0.6316509465737201,,
1776099048.4115746,,,1.6376355126849265,-1.6376355126849265
1776099048.4139054,,,3.4484069608761656,0.0
1776099048.4156666,-0.05051980897906792,,,
1776099048.4160006,,1.0750202047162185,,
1776099048.4164605,,,1.6437337659845246,-1.6437337659845246
1776099048.4189088,,,1.6988160516556619,0.0
1776099048.4206846,-0.04952943157591514,,,
1776099048.4210203,,0.9820687673401858,,
1776099048.421557,,,3.1958473318931544,-1.5979236659465772
1776099048.4239576,,,1.7032969940464222,-1.7032969940464222
1776099048.4256752,-0.04927715637508521,,,
1776099048.425952,,0.9554398205754955,,
1776099048.426446,,,3.3478969445325966,-1.6739484722662983
1776099048.4289079,,,1.6660079402182688,0.0
1776099048.4303474,-0.04490176485561998,,,
1776099048.4307818,,0.7120515703388627,,
1776099048.4313805,,,0.0,0.0
1776099048.4338799,,,0.0,0.0
1776099048.4355514,-0.03710124992703694,,,
1776099048.4358568,,0.23948411146185855,,
1776099048.4363744,,,0.0,1.631172416362126
1776099048.4388769,,,0.0,0.0
1776099048.4401984,-0.03385478116212383,,,
1776099048.44058,,0.3756005084282272,,
1776099048.4414358,,,-1.5949936697598757,1.5949936697598757
1776099048.44391,,,0.0,0.0
1776099048.445354,-0.02788795787366328,,,
1776099048.4457045,,0.6111917678498558,,
1776099048.4463952,,,0.0,-1.64740667201742
1776099048.4489222,,,0.0,-1.6577704015554842
1776099048.4505558,-0.024658878987088784,,,
1776099048.451027,,0.7459239577180268,,
1776099048.4514427,,,1.6419678706799212,-1.6419678706799212
1776099048.4539456,,,1.6881661130478725,-3.376332226095745
1776099048.4556506,-0.025792042423710262,,,
1776099048.455857,,0.8194815173749685,,
1776099048.4564028,,,1.6713512744845227,-1.6713512744845227
1776099048.4589367,,,1.6446824236707032,-1.6446824236707032
1776099048.460354,-0.0339550164536493,,,
1776099048.4606602,,0.9083980285081005,,
1776099048.461395,,,0.0,-1.6672495902658464
1776099048.4638789,,,0.0,-1.6667825820657256
1776099048.4653552,-0.04477649796439463,,,
1776099048.4658306,,0.6392001968909462,,
1776099048.4663742,,,0.0,0.0
1776099048.4688766,,,0.0,-1.6587360499199446
1776099048.4701798,-0.05626957505921253,,,
1776099048.4704542,,0.7067862247923931,,
1776099048.4713569,,,0.0,0.0
1776099048.473907,,,0.0,0.0
1776099048.4753973,-0.06190154433609636,,,
1776099048.4757674,,0.7334915327219272,,
1776099048.4763935,,,0.0,0.0
1776099048.4789176,,,0.0,0.0
1776099048.4803243,-0.06427312373183654,,,
1776099048.480803,,0.7809231206367307,,
1776099048.4814215,,,1.6539069466452383,-1.6539069466452383
1776099048.483907,,,1.678597570908128,0.0
1776099048.4856892,-0.06401191171910929,,,
1776099048.4864519,,1.1344903082871902,,
1776099048.486534,,,1.6487259355256343,-1.6487259355256343
1776099048.4889383,,,1.639042432218159,-1.639042432218159
1776099048.4905431,-0.05765861665379386,,,
1776099048.490923,,0.9446725456577263,,
1776099048.49138,,,1.6745418569806387,-3.3490837139612775
1776099048.4938965,,,1.6537229481627247,-1.6537229481627247
1776099048.4952693,-0.0480950468519391,,,
1776099048.4955657,,0.3116067289251263,,
1776099048.4963856,,,1.6414232357620102,0.0
1776099048.4989445,,,0.0,-1.6581145347759576
1776099048.5002494,-0.03632716444721899,,,
1776099048.500582,,-0.19700796285036126,,
1776099048.501383,,,0.0,0.0
1776099048.5039093,,,0.0,0.0
1776099048.5053294,-0.028012095367626506,,,
1776099048.5059855,,-0.3133476714142214,,
1776099048.5063868,,,-1.6436292067854519,1.6436292067854519
1776099048.508929,,,-1.6634748350445743,1.6634748350445743
1776099048.5109248,-0.016554811928457473,,,
1776099048.5112407,,-0.5811303673392474,,
1776099048.5114105,,,-3.3003053821706128,1.6501526910853064
1776099048.5139444,,,-1.6730995354409406,1.6730995354409406
1776099048.516846,-0.010728172666009885,,,
1776099048.516932,,-0.16620418269846216,,
1776099048.5172987,,,0.0,1.2088818702303692
1776099048.5189195,,,0.0,0.0
1776099048.520446,-0.012345993633878267,,,
1776099048.5209038,,0.539369126820059,,
1776099048.521454,,,1.637493421337772,-1.637493421337772
1776099048.523904,,,1.6867549207827437,-1.6867549207827437
1776099048.525272,-0.021259112789714568,,,
1776099048.525541,,0.9125486503099826,,
1776099048.526377,,,1.6459853626963972,-1.6459853626963972
1776099048.5288696,,,1.6567010738460883,-3.3134021476921767
1776099048.530213,-0.02732355721549205,,,
1776099048.5306032,,0.8112083238128096,,
1776099048.531432,,,1.6118737045195988,-1.6118737045195988
1776099048.5338783,,,1.6708950188933427,-1.6708950188933427
1776099048.53529,-0.03482926525806041,,,
1776099048.5356884,,0.8514068040025992,,
1776099048.5363986,,,1.6286041950854233,0.0
1776099048.5389073,,,0.0,-1.6538017996419354
1776099048.540417,-0.04269901166106284,,,
1776099048.5407865,,0.6321573329956418,,
1776099048.5414374,,,0.0,0.0
1776099048.5439332,,,0.0,-1.6820605898057361
1776099048.5453844,-0.046575179755196844,,,
1776099048.545738,,0.7167419446662778,,
1776099048.546395,,,-1.6648602853873835,-1.6648602853873835
1776099048.5488923,,,0.0,0.0
1776099048.5503001,-0.045852527159309535,,,
1776099048.550679,,0.5398801476255461,,
1776099048.551385,,,0.0,-1.6411125777391273
1776099048.5539029,,,0.0,0.0
1776099048.5553422,-0.0455425279208583,,,
1776099048.55566,,0.6180154669277682,,
1776099048.5563805,,,0.0,-1.6431879591489533
1776099048.558896,,,0.0,-1.6547230006791
1776099048.5609565,-0.04568944460138816,,,
1776099048.5613887,,0.5687271983331067,,
1776099048.5614405,,,0.0,-1.6309423127928722
1776099048.563978,,,1.6026043632179228,-1.6026043632179228
1776099048.565306,-0.044840010535769845,,,
1776099048.565533,,0.3251123681657786,,
1776099048.5664308,,,0.0,-1.7340842069908764
1776099048.56896,,,-1.6645133466716928,0.0
1776099048.5704079,-0.0460684746958891,,,
1776099048.5710835,,0.1572959024283842,,
1776099048.5714324,,,0.0,-1.667771042939843
1776099048.5739677,,,-1.6821693609562614,0.0
1776099048.5759296,-0.04408474188399357,,,
1776099048.5764992,,0.29028878817520654,,
1776099048.5765767,,,0.0,-1.6757291599991464
1776099048.5789056,,,0.0,0.0
1776099048.580263,-0.04238303850463972,,,
1776099048.580647,,0.15366675197065682,,
1776099048.5813909,,,0.0,-1.6504009823123773
1776099048.5839105,,,1.652709914186752,0.0
1776099048.5852757,-0.04038493131048097,,,
1776099048.585663,,0.11370460808748206,,
1776099048.5863607,,,0.0,0.0
1776099048.588877,,,0.0,1.6489745038168693
1776099048.5902448,-0.03919333942583788,,,
1776099048.5905657,,0.10985743960581618,,
1776099048.5914137,,,0.0,1.6129487709492503
1776099048.5938768,,,0.0,0.0
1776099048.5952332,-0.037100126345211495,,,
1776099048.5956511,,0.10809574754375495,,
1776099048.5964005,,,0.0,0.0
1776099048.5989125,,,0.0,0.0
1776099048.6002803,-0.035323277699393696,,,
1776099048.600631,,0.5941586410396127,,
1776099048.601421,,,0.0,0.0
1776099048.6039934,,,0.0,0.0
1776099048.6053057,-0.03298942406698234,,,
1776099048.605701,,0.687773946253981,,
1776099048.6064012,,,1.659080584212845,-1.659080584212845
1776099048.6089978,,,1.6597693668102143,-1.6597693668102143
1776099048.6104033,-0.03345382270949483,,,
1776099048.610721,,0.7182456684680985,,
1776099048.6114407,,,0.0,-3.2999645103527406
1776099048.6140935,,,1.6546973979040027,-1.6546973979040027
1776099048.6153615,-0.03309834596736218,,,
1776099048.6158574,,0.6890197663650552,,
1776099048.6163907,,,1.7234609646479153,-1.7234609646479153
1776099048.6189156,,,1.6627161894647544,-1.6627161894647544
1776099048.6201897,-0.032800472476923886,,,
1776099048.6204457,,0.48214975541973304,,
1776099048.6213684,,,0.0,-1.6673434565647154
1776099048.6238654,,,0.0,0.0
1776099048.6252167,-0.03314584271078451,,,
1776099048.6254764,,0.24964082294681839,,
1776099048.6264064,,,-1.6298038070213183,0.0
1776099048.628907,,,-1.6558040180246836,0.0
1776099048.6302915,-0.035067433348007125,,,
1776099048.6306486,,0.16483384222222908,,
1776099048.6314049,,,-1.6505849499176801,0.0
1776099048.63392,,,0.0,0.0
1776099048.6357982,-0.03437476049985266,,,
1776099048.6359513,,0.3204503801700813,,
1776099048.6365216,,,0.0,-1.593452893077331
1776099048.6389427,,,1.7004277340637564,0.0
1776099048.6402273,-0.03364087373659269,,,
1776099048.6405458,,0.3057726449048819,,
1776099048.6413934,,,1.6728712624126525,0.0
1776099048.643904,,,1.6564637119697476,0.0
1776099048.645305,-0.03227030762497199,,,
1776099048.6456707,,0.28262471877085626,,
1776099048.6463892,,,0.0,0.0
1776099048.6490288,,,0.0,0.0
1776099048.650894,-0.032287406236015705,,,
1776099048.6514347,,,0.0,1.7129106917102594
1776099048.6515272,,0.20902341491030563,,
1776099048.6539176,,,0.0,0.0
1776099048.6554153,-0.031060292625526655,,,
1776099048.6557238,,0.18448114270052463,,
1776099048.656384,,,0.0,0.0
1776099048.6588902,,,0.0,0.0
1776099048.6604638,-0.02801934706203084,,,
1776099048.6607914,,0.1738903667147475,,
1776099048.6614025,,,0.0,0.0
1776099048.6639168,,,0.0,0.0
1776099048.6653328,-0.02637454566591119,,,
1776099048.6657007,,0.19508617679065815,,
1776099048.6663804,,,-1.6577447043921931,-1.6577447043921931
1776099048.6689062,,,0.0,0.0
1776099048.6702673,-0.024994928451727867,,,
1776099048.670621,,0.13578482402522746,,
1776099048.6713855,,,0.0,0.0
1776099048.6739259,,,0.0,0.0
1776099048.6753097,-0.023513408453786307,,,
1776099048.6756923,,0.11801199446503913,,
1776099048.676401,,,0.0,0.0
1776099048.6788979,,,0.0,0.0
1776099048.6802473,-0.023546452352579333,,,
1776099048.680625,,0.11867287244089969,,
1776099048.6813824,,,0.0,1.6411643459099663
1776099048.6838937,,,0.0,0.0
1776099048.6852977,-0.02395136697746043,,,
1776099048.685693,,0.11691206146099836,,
1776099048.6863775,,,0.0,0.0
1776099048.6889195,,,1.6497991288595948,0.0
1776099048.690285,-0.02356683727438084,,,
1776099048.690684,,0.05486316714495365,,
1776099048.691476,,,0.0,0.0
1776099048.6939356,,,0.0,0.0
1776099048.695633,-0.0241683958042028,,,
1776099048.696094,,0.03092193316124009,,
1776099048.6965513,,,0.0,0.0
1776099048.6989,,,-1.6833137799119422,0.0
1776099048.700281,-0.025312571309505205,,,
1776099048.7006505,,0.0538054432672882,,
1776099048.7013786,,,0.0,0.0
1776099048.7039156,,,-1.6338257084770527,0.0
1776099048.7058299,-0.024906417731535884,,,
1776099048.7061315,,0.14320755745853792,,
1776099048.7065034,,,0.0,0.0
1776099048.7088943,,,1.7162046993391649,0.0
1776099048.710343,-0.026168812851991484,,,
1776099048.7106848,,0.23280609472770086,,
1776099048.7113757,,,0.0,-1.643720432192277
1776099048.713897,,,1.6492231470696375,0.0
1776099048.715263,-0.025819689857762538,,,
1776099048.7155957,,0.15108097199324916,,
1776099048.7163749,,,0.0,0.0
1776099048.7188864,,,0.0,1.657150322993847
1776099048.7202892,-0.025591238363904718,,,
1776099048.7206967,,-0.08184621140383941,,
1776099048.721393,,,-1.6450731590282495,0.0
1776099048.7238913,,,0.0,0.0
1776099048.7251859,-0.024041953337214463,,,
1776099048.7255661,,-0.11283191193764452,,
1776099048.7263684,,,0.0,0.0
1776099048.7289054,,,0.0,0.0
1776099048.730561,-0.022018495296376547,,,
1776099048.7308958,,-0.1586303178773884,,
1776099048.7314093,,,0.0,0.0
1776099048.733901,,,0.0,0.0
1776099048.7353826,-0.018888226313227938,,,
1776099048.7355738,,-0.2525450126379009,,
1776099048.7363935,,,0.0,0.0
1776099048.7389097,,,0.0,0.0
1776099048.7402644,-0.017027520005154288,,,
1776099048.7407439,,-0.36903166000378446,,
1776099048.741397,,,0.0,0.0
1776099048.7438989,,,0.0,0.0
1776099048.7453496,-0.01465482712079623,,,
1776099048.7457414,,-0.43860188495133573,,
1776099048.7463944,,,-1.6469626895876288,1.6469626895876288
1776099048.7488937,,,0.0,0.0
1776099048.7501984,-0.01338304704605213,,,
1776099048.7505023,,-0.4086133371671678,,
1776099048.751386,,,0.0,0.0
1776099048.7538977,,,0.0,0.0
1776099048.7555895,-0.012404902227418248,,,
1776099048.7560234,,-0.33704614193679194,,
1776099048.7563994,,,0.0,0.0
1776099048.7588916,,,0.0,0.0
1776099048.7602797,-0.012240435932203775,,,
1776099048.7606719,,-0.35405827403276924,,
1776099048.761394,,,0.0,0.0
1776099048.7638896,,,0.0,0.0
1776099048.765266,-0.012050764692683397,,,
1776099048.7655966,,-0.4111441500530326,,
1776099048.7663827,,,0.0,0.0
1776099048.7689815,,,0.0,-1.6353031840932655
1776099048.7705739,-0.011738261206184833,,,
1776099048.7712,,-0.43111702597469187,,
1776099048.771577,,,0.0,0.0
1776099048.7739415,,,0.0,1.6786788123889678
1776099048.7755919,-0.012058995031462245,,,
1776099048.7761054,,-0.5105031959492115,,
1776099048.7765534,,,-1.6555533866486456,0.0
1776099048.778949,,,-1.6966247834474286,1.6966247834474286
1776099048.780354,-0.013868237648312179,,,
1776099048.7806861,,-0.2506232795748929,,
1776099048.7813997,,,-1.6775143711580067,0.0
1776099048.783914,,,-1.6732478735985588,0.0
1776099048.7854528,-0.014807323645600492,,,
1776099048.7858143,,0.4160614161978453,,
1776099048.7863753,,,0.0,1.6567010738460883
1776099048.7888849,,,0.0,0.0
1776099048.7903783,-0.012438166424976234,,,
1776099048.7908227,,0.6026321326844271,,
1776099048.7913692,,,1.639042432218159,-1.639042432218159
1776099048.7938893,,,3.312371614087724,-1.656185807043862
1776099048.7953107,-0.010676831808885468,,,
1776099048.7956598,,0.44083586869170427,,
1776099048.7963784,,,1.635174692468548,-1.635174692468548
1776099048.7989097,,,3.30844635732283,-1.654223178661415
1776099048.80055,-0.003385083735874398,,,
1776099048.800924,,0.016681080683560917,,
1776099048.8014169,,,0.0,0.0
1776099048.8039033,,,0.0,0.0
1776099048.8054101,0.008125533651476106,,,
1776099048.805857,,-0.8541065308463159,,
1776099048.8063998,,,0.0,0.0
1776099048.8089097,,,-1.6574271246768175,1.6574271246768175
1776099048.810384,0.023043122150278338,,,
1776099048.810823,,-1.1524583008223606,,
1776099048.8114448,,,-1.648752765994147,1.648752765994147
1776099048.813927,,,-1.6911738651300094,1.6911738651300094
1776099048.8155625,0.0375636292318377,,,
1776099048.8160484,,-1.5181440298157192,,
1776099048.8164496,,,-3.2975832022273224,3.2975832022273224
1776099048.818906,,,-3.391754877621605,3.391754877621605
1776099048.8203099,0.05560493978639905,,,
1776099048.8206692,,-1.7927697010426544,,
1776099048.8213732,,,-1.6557904876890677,1.6557904876890677
1776099048.8238862,,,-3.2995459425508993,1.6497729712754496
1776099048.8252573,0.07010417313926898,,,
1776099048.8255572,,-1.2332726954961515,,
1776099048.8263783,,,-1.644123348546735,3.28824669709347
1776099048.8289154,,,-3.286610175290451,1.6433050876452255
1776099048.8302903,0.08197707093041198,,,
1776099048.8306792,,-0.879184442667612,,
1776099048.8313854,,,-1.647903088050969,1.647903088050969
1776099048.8338912,,,-1.6577711153769479,0.0
1776099048.8352675,0.08857971802150698,,,
1776099048.8355584,,-0.3313589379246267,,
1776099048.8364367,,,1.6356512547176107,0.0
1776099048.8389552,,,1.6747174047182982,-1.6747174047182982
1776099048.8403342,0.08790844997123899,,,
1776099048.8410575,,-0.3179335769192668,,
1776099048.8416934,,,1.5337478363521857,-1.5337478363521857
1776099048.8439345,,,0.0,0.0
1776099048.8453162,0.07462306097245779,,,
1776099048.8459103,,-0.6757474763329557,,
1776099048.8464003,,,0.0,0.0
1776099048.8489296,,,-1.6672763049826338,1.6672763049826338
1776099048.8502517,0.049909072710240796,,,
1776099048.8506057,,-0.7903339663897184,,
1776099048.8513596,,,-1.6439548577517795,3.287909715503559
1776099048.8539085,,,-3.291136339046284,3.291136339046284
1776099048.8552887,0.027889106789848343,,,
1776099048.8556254,,-0.4168166742753384,,
1776099048.856393,,,-1.6608297640182197,3.3216595280364394
1776099048.858902,,,-1.6584588109019414,0.0
1776099048.8606803,0.019379410705101956,,,
1776099048.8611484,,-0.05956624876361677,,
1776099048.861521,,,0.0,1.6412552979028694
1776099048.864091,,,1.5453196514301835,-1.5453196514301835
1776099048.8654141,0.025314372989259135,,,
1776099048.8658738,,0.0771385780723235,,
1776099048.8664074,,,1.7935808910342748,-3.5871617820685495
1776099048.8690023,,,1.664140656684113,-1.664140656684113
1776099048.8702583,0.0336796865312279,,,
1776099048.8707833,,-0.7475300786873231,,
1776099048.8713684,,,1.6729650358311312,0.0
1776099048.8739169,,,0.0,0.0
1776099048.8755393,0.04585067425543635,,,
1776099048.8757918,,-1.461388946403044,,
1776099048.8764756,,,-1.6061082975565129,1.6061082975565129
1776099048.8788905,,,-3.4387678499174372,1.7193839249587186
1776099048.8802814,0.05530217014888046,,,
1776099048.8805594,,-1.9667095623211206,,
1776099048.8813915,,,-3.2817579240624704,4.922636886093706
1776099048.8839142,,,-3.299859858446737,3.299859858446737
1776099048.8852398,0.06063792472497956,,,
1776099048.8856604,,-2.0734246538431025,,
1776099048.8864,,,-4.976330358423648,3.317553572282432
1776099048.8889513,,,-3.2405040263163762,4.860756039474564
1776099048.890417,0.05686327257121453,,,
1776099048.8910825,,-1.3878662753140276,,
1776099048.891456,,,-3.3480046655663487,1.6740023327831743
1776099048.8939266,,,-1.6911738651300094,3.382347730260019
1776099048.8952234,0.055300080498065604,,,
1776099048.8958347,,-0.43903965480100693,,
1776099048.8964033,,,-1.6672633085269914,0.0
1776099048.898908,,,0.0,0.0
1776099048.9002755,0.04482770592921949,,,
1776099048.9006546,,0.3678162148625992,,
1776099048.9014587,,,1.6514628984158513,-1.6514628984158513
1776099048.903974,,,1.6713512744845227,-3.3427025489690454
1776099048.905681,0.03591779269964441,,,
1776099048.9060442,,0.5460144794541008,,
1776099048.9065464,,,3.227875979661834,-3.227875979661834
1776099048.908941,,,1.7155110969850749,-3.4310221939701497
1776099048.9103189,0.017083696850932018,,,
1776099048.9103825,,0.12064500541901868,,
1776099048.9113753,,,1.6754593362975445,0.0
1776099048.9138987,,,-1.648334168962085,0.0
1776099048.915252,0.0010361463805218473,,,
1776099048.915715,,-0.1623406887351189,,
1776099048.916524,,,-1.640659395936282,1.640659395936282
1776099048.9188898,,,-3.363061798071552,1.681530899035776
1776099048.9202297,-0.01395659751579268,,,
1776099048.9205377,,-0.09337535576217859,,
1776099048.921342,,,-1.6617200821876588,1.6617200821876588
1776099048.9239185,,,-1.6024069248747783,0.0
1776099048.925265,-0.02264674819679709,,,
1776099048.925527,,0.45160958067385526,,
1776099048.9263856,,,0.0,0.0
1776099048.9289587,,,1.6217309885547715,-3.243461977109543
1776099048.9303215,-0.029337115013892003,,,
1776099048.9307458,,0.6413739908071021,,
1776099048.9314322,,,1.6759596728420705,-1.6759596728420705
1776099048.933945,,,1.6749061049425717,-1.6749061049425717
1776099048.93618,-0.023575006216678837,,,
1776099048.9369726,,0.16081206168217732,,
1776099048.9370303,,,1.4825401442720392,-2.9650802885440783
1776099048.938993,,,2.021321993469817,0.0
1776099048.9405327,-0.02007782969022441,,,
1776099048.9409218,,-0.25340070379177976,,
1776099048.9413908,,,0.0,-1.65575061009144
1776099048.9438822,,,0.0,0.0
1776099048.945309,-0.011640176822355647,,,
1776099048.9455383,,-1.0184962904112416,,
1776099048.9464107,,,-1.637660590188399,1.637660590188399
1776099048.9489026,,,-3.2882719734973307,3.2882719734973307
1776099048.9503002,-0.003039280281327213,,,
1776099048.9509733,,-1.19051422123181,,
1776099048.9514189,,,-1.6343653124165203,3.2687306248330406
1776099048.9538856,,,-3.347195471706579,3.347195471706579
1776099048.9552755,0.003648081188536018,,,
1776099048.955632,,-1.049672095667243,,
1776099048.956379,,,-3.2730782464559582,3.2730782464559582
1776099048.9589064,,,0.0,1.6451258803472804
1776099048.9603398,0.004878093004401485,,,
1776099048.9605916,,-0.5281579380066047,,
1776099048.9614503,,,-1.6423958515499952,1.6423958515499952
1776099048.9639335,,,1.693032355973296,0.0
1776099048.9654357,0.003677902115823034,,,
1776099048.9659662,,-0.033981469259632864,,
1776099048.966384,,,1.6652066485200543,-1.6652066485200543
1776099048.9689066,,,0.0,-1.655908707569049
1776099048.9703348,-0.0036947643049884777,,,
1776099048.970699,,-0.24811742243797422,,
1776099048.971372,,,0.0,0.0
1776099048.973875,,,0.0,0.0
1776099048.9753852,-0.0085935763743784,,,
1776099048.9757125,,-0.1926419109059858,,
1776099048.976378,,,0.0,0.0
1776099048.978932,,,-1.6480335879295231,1.6480335879295231
1776099048.9803762,-0.009022273601606724,,,
1776099048.980634,,-0.25454723311290367,,
1776099048.9814107,,,-1.6615601560482012,1.6615601560482012
1776099048.9839022,,,-1.6656871868868202,0.0
1776099048.9853036,-0.006466507054622512,,,
1776099048.985825,,-0.32231645506191786,,
1776099048.986374,,,0.0,0.0
1776099048.98896,,,0.0,-1.6174917140458969
1776099048.9902456,-0.002120983369878773,,,
1776099048.9907136,,-0.4092269287567926,,
1776099048.9914343,,,0.0,0.0
1776099048.9939322,,,-1.6896071037005318,-1.6896071037005318
1776099048.9955895,0.0023636788429478085,,,
1776099048.9959767,,-0.6153641789505593,,
1776099048.9963944,,,-1.6590670002758106,0.0
1776099048.998931,,,-1.659717133766315,1.659717133766315
1776099049.0004022,0.006143243548644164,,,
1776099049.0007977,,-0.6909554730644863,,
1776099049.0013816,,,-1.6682798095893197,0.0
1776099049.0038779,,,0.0,1.6605783252423543
1776099049.0053935,0.003410534679554272,,,
1776099049.0057242,,-0.3449248185834518,,
1776099049.0063648,,,-1.633132653254309,0.0
1776099049.0088935,,,-1.6529603949849616,0.0
1776099049.01028,-0.0007790525849781925,,,
1776099049.010538,,-0.2611330732928025,,
1776099049.011592,,,-1.537082020194543,-1.537082020194543
1776099049.0139503,,,0.0,0.0
1776099049.015225,-0.005433851094721946,,,
1776099049.0156937,,0.11694427985372645,,
1776099049.0163748,,,0.0,-1.6780693271914517
1776099049.018906,,,1.6545786398366382,-1.6545786398366382
1776099049.0203846,-0.006554837842723385,,,
1776099049.0209672,,0.13936401481375524,,
1776099049.021663,,,0.0,0.0
1776099049.0247,,,0.0,0.0
1776099049.025697,-0.006407177151101602,,,
1776099049.0259635,,-0.13804532285243784,,
1776099049.0263965,,,0.0,0.0
1776099049.028901,,,0.0,0.0
1776099049.0306337,-0.0001419532422152865,,,
1776099049.0309393,,-0.32210472851108013,,
1776099049.0313704,,,0.0,1.6419293563394832
1776099049.0338786,,,-1.6552629770227438,1.6552629770227438
1776099049.0352077,0.007914286579889615,,,
1776099049.0355942,,-0.7099889049362147,,
1776099049.0363586,,,0.0,0.0
1776099049.0389497,,,0.0,1.595826029165177
1776099049.0402708,0.018256577198071583,,,
1776099049.0407038,,-1.0744471418121524,,
1776099049.0413985,,,0.0,1.681530164606184
1776099049.0439162,,,-1.6560803700934328,1.6560803700934328
1776099049.0458012,0.029680559526597053,,,
1776099049.0465488,,,0.0,3.302428575188851
1776099049.046607,,-1.4029833655667163,,
1776099049.0490055,,,-3.2103817782303223,3.2103817782303223
1776099049.050427,0.043977448295274016,,,
1776099049.0507927,,-1.5795383847909763,,
1776099049.0513883,,,-1.716672260404422,3.433344520808844
1776099049.0539012,,,-1.656041190864318,1.656041190864318
1776099049.0554366,0.05861933713431531,,,
1776099049.0557387,,-1.5584836238279516,,
1776099049.0564055,,,-3.3009859219773388,3.3009859219773388
1776099049.0589602,,,-1.6633684680059946,1.6633684680059946
1776099049.0609334,0.07284420053346968,,,
1776099049.061308,,-1.346295246348783,,
1776099049.06136,,,-1.6742855214276782,1.6742855214276782
1776099049.0638998,,,0.0,1.644435849968046
1776099049.0654066,0.08087217334146513,,,
1776099049.0656245,,-0.8617495803712873,,
1776099049.0664136,,,-1.6414750235341535,1.6414750235341535
1776099049.0689015,,,-1.669700795212948,1.669700795212948
1776099049.0702407,0.08536746812745473,,,
1776099049.0706618,,-0.9343354294413763,,
1776099049.0713897,,,0.0,0.0
1776099049.0739164,,,0.0,0.0
1776099049.075229,0.08691402071160526,,,
1776099049.075624,,-0.9652664811243868,,
1776099049.0764031,,,0.0,-1.6646738418364737
1776099049.078915,,,0.0,0.0
1776099049.080283,0.08487842467328341,,,
1776099049.0806468,,-1.0396662550144384,,
1776099049.08141,,,-1.6374551166161133,0.0
1776099049.0839314,,,-1.6631026099122264,1.6631026099122264
1776099049.085699,0.07945474473366813,,,
1776099049.0861642,,-1.4018982317098343,,
1776099049.0866184,,,-4.95144067460448,3.3009604497363196
1776099049.08895,,,-3.3419510329682685,1.6709755164841342
1776099049.0911484,0.07751986402711579,,,
1776099049.0917335,,,-3.3340443776558035,3.3340443776558035
1776099049.0917838,,-1.2975176714379901,,
1776099049.0938785,,,-1.6604852190890156,0.0
1776099049.095318,0.06773821740154437,,,
1776099049.0957751,,-1.0861634658137544,,
1776099049.096555,,,-1.6367325379629796,1.6367325379629796
1776099049.0988972,,,-1.652290014771107,1.652290014771107
1776099049.1002135,0.06217238696031052,,,
1776099049.1008215,,-0.6710798849788993,,
1776099049.101379,,,-1.6441753068416867,0.0
1776099049.1038787,,,0.0,1.6553163535019033
1776099049.105235,0.0573552264877016,,,
1776099049.105549,,-0.5209112997845663,,
1776099049.1063614,,,0.0,-1.6372872934185685
1776099049.108941,,,0.0,0.0
1776099049.1103706,0.05349616084458611,,,
1776099049.1108072,,-0.5676349360316713,,
1776099049.1113884,,,1.6343521301823087,-1.6343521301823087
1776099049.113903,,,0.0,0.0
1776099049.1165197,,,0.0,1.6341599712293713
1776099049.1173658,0.05002458739233582,,,
1776099049.1181405,,-1.072296397860287,,
1776099049.118999,,,-1.703046093464369,1.703046093464369
1776099049.1208816,0.05924120513855958,,,
1776099049.1214538,,-1.5629271162283587,,
1776099049.121517,,,-1.6509643356682928,3.3019286713365856
1776099049.1238937,,,-1.6504929609886694,1.6504929609886694
1776099049.125173,0.06456481928445294,,,
1776099049.1256151,,-1.669399399146226,,
1776099049.126367,,,-1.6443578890554775,3.288715778110955
1776099049.1288996,,,-3.3060244072090788,1.6530122036045394
1776099049.1305246,0.072067326193775,,,
1776099049.1308603,,-1.9766622684607416,,
1776099049.131436,,,-1.6645003932548343,3.3290007865096687
1776099049.133911,,,-3.352161580882726,3.352161580882726
1776099049.135266,0.0788025680669867,,,
1776099049.1356227,,-1.7380534850598357,,
1776099049.1363974,,,-3.3021920579009385,3.3021920579009385
1776099049.1388948,,,-3.334178639882913,1.6670893199414565
1776099049.140325,0.08749439413456242,,,
1776099049.1407318,,-0.941034776131452,,
1776099049.1413777,,,-1.6430315800628532,1.6430315800628532
1776099049.1438916,,,0.0,1.6564637119697476
1776099049.145197,0.08597451088966772,,,
1776099049.1456232,,-0.3982301926584946,,
1776099049.1463766,,,0.0,0.0
1776099049.1491122,,,0.0,0.0
1776099049.1513088,0.08229179619065176,,,
1776099049.151647,,,1.7742786589996258,-1.7742786589996258
1776099049.1517882,,-0.6768390013075222,,
1776099049.153915,,,2.1448363847291834,-2.1448363847291834
1776099049.1552038,0.06926516595910943,,,
1776099049.1556132,,-0.4552098860744703,,
1776099049.156376,,,1.6586038496524842,0.0
1776099049.1588802,,,-1.6529731694114147,1.6529731694114147
1776099049.1601388,0.052376038365897284,,,
1776099049.1608562,,-0.11742733421022733,,
1776099049.1613925,,,-1.6309547491638847,3.2619094983277694
1776099049.1639,,,-1.6566212328304815,1.6566212328304815
1776099049.1653037,0.02985053496082925,,,
1776099049.1654215,,-0.7165120930808768,,
1776099049.166398,,,-1.6470542854127592,3.2941085708255184
1776099049.168888,,,0.0,0.0
1776099049.17027,0.008400404275339479,,,
1776099049.170694,,-0.1997101659698939,,
1776099049.1713717,,,0.0,0.0
1776099049.1738884,,,0.0,0.0
1776099049.1754105,-0.002742934507507755,,,
1776099049.1757817,,0.08750724454710165,,
1776099049.1764083,,,0.0,0.0
1776099049.1789107,,,0.0,0.0
1776099049.180404,-0.005535868215139202,,,
1776099049.1807718,,-0.13348836543937032,,
1776099049.1813834,,,-1.6562919699689818,-1.6562919699689818
1776099049.1838775,,,0.0,0.0
1776099049.1856642,-0.005080476374558877,,,
1776099049.1862364,,-0.4710109329549632,,
1776099049.1868577,,,0.0,0.0
1776099049.1888967,,,0.0,0.0
1776099049.1903286,-0.007584244774851169,,,
1776099049.190673,,-0.6498266429813481,,
1776099049.191377,,,-1.6409055377107031,0.0
1776099049.193891,,,-1.6565948584717192,1.6565948584717192
1776099049.195346,-0.003307515191892449,,,
1776099049.195704,,-0.9080287766252553,,
1776099049.196435,,,-1.601888214100339,3.203776428200678
1776099049.1988876,,,-1.6957534433145431,1.6957534433145431
1776099049.2002804,-0.0016422027212393078,,,
1776099049.200674,,-0.9218832813394208,,
1776099049.2013752,,,-1.6375965047616095,1.6375965047616095
1776099049.203921,,,0.0,1.6407370065352844
1776099049.2053158,0.002838116346041275,,,
1776099049.2057526,,-0.8636031105221825,,
1776099049.2064154,,,-1.6521326074932559,0.0
1776099049.2089472,,,0.0,1.6628497643272406
1776099049.210703,0.005986661156099779,,,
1776099049.2113392,,-0.48637835956474357,,
1776099049.211403,,,0.0,0.0
1776099049.2139072,,,-1.662197892455039,1.662197892455039
1776099049.2154565,0.010796090406277511,,,
1776099049.215853,,-0.3082440518626155,,
1776099049.21639,,,0.0,0.0
1776099049.2188978,,,-1.6563838938302036,1.6563838938302036
1776099049.2202256,0.01150525943710844,,,
1776099049.2206347,,0.025971967435948262,,
1776099049.2213953,,,0.0,0.0
1776099049.22388,,,0.0,0.0
1776099049.2252572,0.012095551828495258,,,
1776099049.225555,,0.11742024386605754,,
1776099049.2263653,,,0.0,-1.6371577936392343
1776099049.228874,,,0.0,0.0
1776099049.230345,0.011575684777930095,,,
1776099049.2308316,,-0.13811174675961974,,
1776099049.2313738,,,0.0,0.0
1776099049.233911,,,0.0,0.0
1776099049.235301,0.012808276758353719,,,
1776099049.2356532,,-0.3259717182595256,,
1776099049.236429,,,0.0,1.64941957173136
1776099049.23893,,,0.0,0.0
1776099049.2405658,0.01195796579593394,,,
1776099049.240778,,-0.4577846690705023,,
1776099049.2413988,,,-1.6638206218897427,0.0
1776099049.2439032,,,0.0,1.6592922363831102
1776099049.2452433,0.013781925717927114,,,
1776099049.2454755,,-0.6055118594526898,,
1776099049.246395,,,0.0,0.0
1776099049.2488904,,,1.6641003758709167,0.0
1776099049.2503448,0.015456311405930493,,,
1776099049.2506108,,-0.7740959370804419,,
1776099049.2513835,,,0.0,-1.6407370065352844
1776099049.2539582,,,-1.6437983326699932,1.6437983326699932
1776099049.2557569,0.014894305441877302,,,
1776099049.256522,,-1.1163180005813969,,
1776099049.2566109,,,-1.6911738651300094,0.0
1776099049.25893,,,-1.621300735861492,3.242601471722984
1776099049.2608461,0.01537424386023248,,,
1776099049.2612295,,-1.347080441552402,,
1776099049.2618496,,,-1.5961819807056388,3.1923639614112775
1776099049.2639053,,,-3.481583940440344,1.740791970220172
1776099049.2653537,0.020434237935858683,,,
1776099049.265696,,-1.307055327305808,,
1776099049.266447,,,-1.6452946112789102,1.6452946112789102
1776099049.2689576,,,-3.35616498532265,3.35616498532265
1776099049.2707283,0.019578770865349714,,,
1776099049.2710614,,-0.7936600338175964,,
1776099049.2714565,,,-1.6839278179191657,1.6839278179191657
1776099049.2739,,,0.0,1.6649402025516649
1776099049.2752018,0.019393507687349227,,,
1776099049.2756462,,-0.7899547702575866,,
1776099049.2763886,,,0.0,0.0
1776099049.278897,,,0.0,-1.653314603623235
1776099049.2802143,0.02162794037402406,,,
1776099049.280611,,-0.1222565821759859,,
1776099049.281439,,,1.61550577664661,0.0
1776099049.2838876,,,0.0,0.0
1776099049.285564,0.021885176761373346,,,
1776099049.2859077,,-0.3536277653937095,,
1776099049.28638,,,0.0,1.6379706394309028
1776099049.2888935,,,1.6563055085016234,0.0
1776099049.2902524,0.02363706748495137,,,
1776099049.2906315,,-0.38866557986526995,,
1776099049.2913928,,,0.0,1.641332964891153
1776099049.293901,,,0.0,1.6598752740303448
1776099049.295451,0.0332605816761877,,,
1776099049.295796,,-1.2225105142413113,,
1776099049.2963884,,,0.0,1.646245775911473
1776099049.2988899,,,0.0,1.665287319250021
1776099049.3002484,0.04577412771369663,,,
1776099049.3006365,,-1.4727814349914898,,
1776099049.3013835,,,-1.6424343877787302,1.6424343877787302
1776099049.3039017,,,-1.6547230006791,3.3094460013582
1776099049.3057337,0.05853624971943355,,,
1776099049.3059824,,-2.001547381043463,,
1776099049.3064103,,,-3.269424579525642,4.904136869288464
1776099049.3088908,,,-3.3456349493074202,3.3456349493074202
1776099049.3103385,0.07517517458190319,,,
1776099049.310632,,-1.8281808227373004,,
1776099049.311378,,,-3.2823552765291146,4.923532914793673
1776099049.3138914,,,-3.3084975335270363,3.3084975335270363
1776099049.315253,0.08815474527297051,,,
1776099049.3156137,,-1.0337807823601737,,
1776099049.3164337,,,-1.6433436665538543,1.6433436665538543
1776099049.318893,,,-1.6827413758565788,1.6827413758565788
1776099049.3202481,0.09560910189680073,,,
1776099049.320916,,-0.46715029481981474,,
1776099049.321439,,,0.0,0.0
1776099049.3239257,,,0.0,0.0
1776099049.3253694,0.09904181945021191,,,
1776099049.325726,,-0.8173220195097515,,
1776099049.3264143,,,3.312293245651667,-3.312293245651667
1776099049.3289332,,,1.6743801816678008,-1.6743801816678008
1776099049.3308916,0.09773676775845629,,,
1776099049.3312688,,-0.9309804390249361,,
1776099049.3314009,,,1.6566219456626439,-1.6566219456626439
1776099049.3339,,,0.0,0.0
1776099049.3352299,0.0873917298507921,,,
1776099049.3357122,,-1.5747604336282257,,
1776099049.3363779,,,-1.649824580278165,1.649824580278165
1776099049.3389702,,,-1.645763724472644,3.291527448945288
1776099049.3403575,0.07271677937462726,,,
1776099049.3410642,,-1.7317158681252849,,
1776099049.341453,,,-3.3098414753669974,3.3098414753669974
1776099049.3438985,,,-3.3421381549672264,5.01320723245084
1776099049.3454354,0.0606546139209449,,,
1776099049.3457847,,-1.8078291061254288,,
1776099049.3464015,,,-4.922869780215165,4.922869780215165
1776099049.3489065,,,-3.305605719916457,3.305605719916457
1776099049.3503487,0.05624351228821111,,,
1776099049.3506172,,-1.1281940959474281,,
1776099049.35137,,,-1.6567930431245406,3.313586086249081
1776099049.3539045,,,0.0,0.0
1776099049.3553088,0.05794361888737812,,,
1776099049.3557594,,-0.4476776880664768,,
1776099049.3564005,,,0.0,1.651528782205145
1776099049.3589036,,,0.0,-1.6707739245163804
1776099049.3602931,0.060231549881299244,,,
1776099049.3607306,,-0.6128113986997763,,
1776099049.3613865,,,0.0,0.0
1776099049.3639414,,,0.0,-1.645593490566248
1776099049.3657482,0.057672940101720596,,,
1776099049.3660655,,-0.8504842887740217,,
1776099049.3666039,,,0.0,0.0
1776099049.368941,,,-1.648948372374861,0.0
1776099049.3702548,0.05233416155578652,,,
1776099049.3707106,,-1.2442580660317608,,
1776099049.371449,,,-1.6719428189818828,0.0
1776099049.3739552,,,-1.6529866537424331,3.3059733074848663
1776099049.375992,0.04860267130871087,,,
1776099049.3765745,,-1.5386784858569995,,
1776099049.3766305,,,-3.2477179395214275,1.6238589697607138
1776099049.3789284,,,-5.091287846591787,5.091287846591787
1776099049.380338,0.04564466596103827,,,
1776099049.3807948,,-1.3116471575295017,,
1776099049.3813841,,,-3.3336719648534947,1.6668359824267474
1776099049.3839114,,,-3.3744693367990024,3.3744693367990024
1776099049.385289,0.042248855583216,,,
1776099049.3856244,,-1.022034352856856,,
1776099049.3863997,,,-1.6526708942686645,1.6526708942686645
1776099049.3889077,,,0.0,0.0
1776099049.3902454,0.041965074884956495,,,
1776099049.3907104,,-1.016358738891666,,
1776099049.3913858,,,1.6502835475199755,-1.6502835475199755
1776099049.3938766,,,0.0,-1.6643269808139403
1776099049.3954325,0.04658232206041871,,,
1776099049.3958366,,-0.8375783367690188,,
1776099049.3963745,,,1.6323509002117562,0.0
1776099049.3988936,,,-1.6546177498923589,0.0
1776099049.4003189,0.050869294582055906,,,
1776099049.4009216,,-1.063210471680134,,
1776099049.4013932,,,-3.283650053133925,1.6418250265669625
1776099049.403947,,,-3.3181883367446474,3.3181883367446474
1776099049.4053195,0.05627979506486086,,,
1776099049.4057055,,-1.5672501628459874,,
1776099049.4064698,,,-3.288558466568527,1.6442792332842635
1776099049.4090114,,,-1.685032593491394,1.685032593491394
1776099049.410379,0.06285554621270195,,,
1776099049.4109275,,-1.55980511922096,,
1776099049.4114656,,,-3.4371484121645435,1.7185742060822717
1776099049.4139147,,,-3.372116662555625,3.372116662555625
1776099049.4158843,0.06629798527441397,,,
1776099049.4162455,,-1.6116003160616468,,
1776099049.4163904,,,-1.6574406817734064,1.6574406817734064
1776099049.418954,,,-1.6701563987574166,0.0
1776099049.420222,0.06534972754236786,,,
1776099049.420681,,-1.1778866597243716,,
1776099049.4213815,,,-1.6854154387601428,1.6854154387601428
1776099049.4239063,,,-3.3781438182167105,1.6890719091083553
1776099049.4255333,0.061048054944063,,,
1776099049.425995,,-0.8950708315920319,,
1776099049.4268944,,,-1.6096767153033242,0.0
1776099049.4288876,,,0.0,2.0197112617349737
1776099049.4304636,0.05767500475805746,,,
1776099049.4308488,,-0.8042943804588591,,
1776099049.4313846,,,0.0,0.0
1776099049.4338968,,,0.0,0.0
1776099049.4354112,0.05056469226363755,,,
1776099049.4357934,,-0.6908660542345832,,
1776099049.436382,,,1.635380983431218,0.0
1776099049.4388897,,,0.0,0.0
1776099049.4402158,0.05181748525690511,,,
1776099049.4406452,,-0.9882463398844976,,
1776099049.4414315,,,0.0,1.6468450391300347
1776099049.443911,,,-1.6818159061404119,0.0
1776099049.4453115,0.060708308541888766,,,
1776099049.4456503,,-1.5212569930311595,,
1776099049.4464054,,,-1.6591334921932301,3.3182669843864603
1776099049.4489222,,,-3.340634518754502,1.670317259377251
1776099049.4506748,0.075176309750973,,,
1776099049.4510062,,-2.1321037292569494,,
1776099049.4514146,,,-3.299100623830241,3.299100623830241
1776099049.453908,,,-3.3479231463082195,5.02188471946233
1776099049.4555538,0.08443776630908735,,,
1776099049.4556167,,-2.3173328604192363,,
1776099049.4564018,,,-5.017079075627003,3.344719383751335
1776099049.458901,,,-3.321898842334447,3.321898842334447
1776099049.460319,0.09341997579212857,,,
1776099049.460962,,-1.8180312214116978,,
1776099049.4613967,,,-3.2805415084387204,3.2805415084387204
1776099049.4638963,,,-3.339588427029794,3.339588427029794
1776099049.4653108,0.09613158627310779,,,
1776099049.4656587,,-1.2206299836182204,,
1776099049.4663906,,,-1.6407628783666808,1.6407628783666808
1776099049.4688883,,,0.0,0.0
1776099049.470259,0.09023254097001156,,,
1776099049.470625,,-0.5127016424417918,,
1776099049.4713774,,,0.0,0.0
1776099049.4738865,,,0.0,0.0
1776099049.4758515,0.08343183943181882,,,
1776099049.4764738,,,1.6467407881018703,0.0
1776099049.4765508,,-0.7196245353420593,,
1776099049.4789107,,,1.667731308613595,-1.667731308613595
1776099049.4801629,0.07935757943541266,,,
1776099049.4806716,,-0.6381393354139361,,
1776099049.4813654,,,0.0,0.0
1776099049.483896,,,0.0,1.6522907238807578
1776099049.4852922,0.07868879816723119,,,
1776099049.4857147,,-0.9978108686592974,,
1776099049.4864173,,,-1.6313382970375814,0.0
1776099049.4889107,,,-1.6664218584593204,3.332843716918641
1776099049.490394,0.08421428094095537,,,
1776099049.4908047,,-2.0690501886800066,,
1776099049.4914134,,,-1.645242582217751,3.290485164435502
1776099049.4939845,,,-1.6599554290192344,1.6599554290192344
1776099049.4953072,0.0964360994969299,,,
1776099049.495724,,-2.2242217039894885,,
1776099049.4963841,,,-3.36878243948579,3.36878243948579
1776099049.4989347,,,-4.976289621535433,4.976289621535433
1776099049.5009735,0.1079762481274513,,,
1776099049.5015209,,-2.733877427660137,,
1776099049.50162,,,-3.3112121398007153,4.966818209701073
1776099049.50394,,,-3.27261500630345,3.27261500630345
1776099049.5054374,0.11579925125074969,,,
1776099049.5058298,,-2.149705649159184,,
1776099049.5065613,,,-3.1623777255351633,3.1623777255351633
1776099049.5089192,,,-3.5346201029615516,1.7673100514807758
1776099049.510329,0.11570185902795531,,,
1776099049.5107422,,-1.509314238969624,,
1776099049.5113862,,,-1.6592264468168991,1.6592264468168991
1776099049.5139186,,,-1.6544726964286647,1.6544726964286647
1776099049.51526,0.10886152677435139,,,
1776099049.5157397,,-0.9006029382571723,,
1776099049.516382,,,0.0,0.0
1776099049.5188978,,,0.0,0.0
1776099049.5202496,0.09521168783269446,,,
1776099049.5208287,,-1.0233026098057127,,
1776099049.5213928,,,0.0,-1.6410741035116279
1776099049.5239077,,,0.0,0.0
1776099049.5253944,0.08463621007148105,,,
1776099049.5267644,,-1.0201665388901808,,
1776099049.5268285,,,-1.5392094855178071,0.0
1776099049.5289195,,,-3.652194046049133,0.0
1776099049.530384,0.07807513034255295,,,
1776099049.530824,,-0.8889449443116191,,
1776099049.5314093,,,-3.3195129742482905,1.6597564871241453
1776099049.5339196,,,-3.337042586517905,1.6685212932589526
1776099049.5354588,0.07871640061243293,,,
1776099049.5360563,,-1.6352077097601088,,
1776099049.5363767,,,-3.309788834884459,1.6548944174422295
1776099049.5388806,,,-1.6612411129134244,1.6612411129134244
1776099049.540407,0.08489829540513798,,,
1776099049.5408854,,-1.6789069287694263,,
1776099049.541424,,,-3.1945466385363446,0.0
1776099049.5438936,,,-1.6926609264459718,0.0
1776099049.5453515,0.09320501272457707,,,
1776099049.5457804,,-1.9481621682879788,,
1776099049.5464334,,,-3.282380462440316,1.641190231220158
1776099049.5489306,,,-3.3476815232591033,1.6738407616295516
1776099049.550576,0.09857325428144864,,,
1776099049.5509195,,-2.1353324451421196,,
1776099049.5514214,,,-3.302638211644058,3.302638211644058
1776099049.5539093,,,-5.046344920867868,3.3642299472452453
1776099049.5552633,0.09898076441092755,,,
1776099049.555547,,-1.9602898466290686,,
1776099049.556401,,,-4.9505365821361424,1.6501788607120473
1776099049.5589094,,,-3.3203875854177074,3.3203875854177074
1776099049.5605676,0.09648534750235811,,,
1776099049.561057,,-1.1991937467952538,,
1776099049.5618434,,,-1.4952715266763266,1.4952715266763266
1776099049.563968,,,-1.9237991932500114,0.0
1776099049.5656447,0.0907664387740717,,,
1776099049.5660315,,-0.958645693942842,,
1776099049.566371,,,-1.696459563589032,0.0
1776099049.5688734,,,1.660405729020939,0.0
1776099049.5704083,0.08290766391378862,,,
1776099049.5707686,,-0.7772221314275961,,
1776099049.5713577,,,0.0,0.0
1776099049.5739367,,,0.0,1.6030988395184855
1776099049.5754094,0.07990427302013808,,,
1776099049.5758684,,-1.150421942053313,,
1776099049.5763855,,,-1.6702498680489897,1.6702498680489897
1776099049.5788927,,,0.0,1.661175168716839
1776099049.5805435,0.0777222545283053,,,
1776099049.5808315,,-1.4307996756941808,,
1776099049.5814478,,,-1.5985260899379474,0.0
1776099049.583989,,,0.0,3.276664791527317
1776099049.5852456,0.07976339176715311,,,
1776099049.5854666,,-1.744613001896073,,
1776099049.5864177,,,-3.3984643703843975,3.3984643703843975
1776099049.5888822,,,-3.36889298270312,3.36889298270312
1776099049.5902448,0.08739612219143074,,,
1776099049.5906153,,-1.7866857740796749,,
1776099049.591394,,,-1.6411384614163023,3.2822769228326045
1776099049.5939074,,,-3.3245551084309595,1.6622775542154797
1776099049.5954201,0.09608986282805562,,,
1776099049.595657,,-1.4692041864729022,,
1776099049.5963948,,,-3.3777037025874512,3.3777037025874512
1776099049.5988994,,,-1.6567010738460883,1.6567010738460883
1776099049.6003256,0.10382195908755693,,,
1776099049.6007156,,-1.01338108282493,,
1776099049.6014452,,,-1.6014684243904995,1.6014684243904995
1776099049.6038966,,,-1.6975950711815073,1.6975950711815073
1776099049.6052577,0.10721762268525462,,,
1776099049.605879,,-1.083426052828078,,
1776099049.6063895,,,1.6380354510708908,0.0
1776099049.608886,,,0.0,-1.6579031829250237
1776099049.610228,0.10249486555324386,,,
1776099049.6107702,,-1.1737624848273878,,
1776099049.6114302,,,1.6298038070213183,1.6298038070213183
1776099049.613896,,,-1.6883030680721751,1.6883030680721751
1776099049.6152945,0.09149956417992985,,,
1776099049.6157668,,-1.4517411829760358,,
1776099049.6163936,,,-1.6421240473402576,1.6421240473402576
1776099049.6189651,,,-1.6351364961495765,3.270272992299153
1776099049.6208465,0.08109308657061799,,,
1776099049.62132,,-1.5236634620026905,,
1776099049.6216998,,,-3.274083079568159,3.274083079568159
1776099049.6240222,,,-3.4027476126317806,5.104121418947671
1776099049.625873,0.0698927831051069,,,
1776099049.6262252,,-1.3255042315389487,,
1776099049.6264296,,,-1.6852376411929588,3.3704752823859176
1776099049.6288967,,,-3.267060790094952,3.267060790094952
1776099049.6301677,0.06602037915154252,,,
1776099049.6303725,,-1.0558036346559565,,
1776099049.6313922,,,0.0,1.6593058240087402
1776099049.6338522,,,0.0,0.0
1776099049.6352286,0.07575411257313162,,,
1776099049.635409,,-0.5432874752675521,,
1776099049.6363876,,,0.0,0.0
1776099049.638896,,,0.0,0.0
1776099049.6401896,0.08640642723496139,,,
1776099049.6406496,,-0.7563337685041474,,
1776099049.6413813,,,1.6504144247100145,1.6504144247100145
1776099049.6438935,,,1.6539332354852028,0.0
1776099049.6452513,0.09782788862382832,,,
1776099049.6456068,,-1.5685817995045563,,
1776099049.646416,,,0.0,1.6317095772748493
1776099049.6490703,,,0.0,3.3300676179717303
1776099049.6508372,0.11289973004097054,,,
1776099049.651708,,,-1.7425434721162913,3.4850869442325827
1776099049.6520312,,-2.121159304268096,,
1776099049.6539593,,,-3.7529971629181635,5.6294957443772455
1776099049.6564603,0.12636464213044488,,,
1776099049.6565833,,,-5.01526435750747,3.343509571671646
1776099049.6566133,,-2.6920928200185665,,
1776099049.658912,,,-3.3233598369373536,3.3233598369373536
1776099049.6603992,0.1351109311309283,,,
1776099049.6607718,,-2.5351398599943082,,
1776099049.6613686,,,-3.3122148809238086,3.3122148809238086
1776099049.6638932,,,-3.304554501802953,4.95683175270443
1776099049.6656945,0.1387069898144517,,,
1776099049.6662798,,-1.5456086362941235,,
1776099049.666336,,,-3.2561629381492327,3.2561629381492327
1776099049.6689203,,,-3.2083739201687687,4.812560880253153
1776099049.6704545,0.14312613691898607,,,
1776099049.670776,,-1.0594989541269648,,
1776099049.6713808,,,-3.327802316761147,3.327802316761147
1776099049.6738868,,,-1.655118521952117,1.655118521952117
1776099049.675206,0.14641191363390046,,,
1776099049.6755905,,-0.48836969622847626,,
1776099049.676377,,,0.0,1.6439022114603146
1776099049.6788967,,,0.0,0.0
1776099049.6802363,0.15187554419691096,,,
1776099049.6806858,,-0.5896484398042077,,
1776099049.6813972,,,1.64711911323019,0.0
1776099049.6839097,,,1.6725217037959148,0.0
1776099049.6853244,0.15926781826059908,,,
1776099049.6857147,,-1.0322011763790728,,
1776099049.6863706,,,1.652565904365509,0.0
1776099049.6889026,,,1.6457243283705136,0.0
1776099049.6903186,0.17291898927113114,,,
1776099049.6908169,,-2.0178779006609604,,
1776099049.6913912,,,-1.649092458739592,3.298184917479184
1776099049.6939147,,,-1.6561865195013525,3.312373039002705
1776099049.6954484,0.19004879414272705,,,
1776099049.6959014,,-2.82918110665946,,
1776099049.6966114,,,-3.148966416041981,3.148966416041981
1776099049.6988935,,,-3.4885954236713634,5.232893135507045
1776099049.700355,0.20458151577921108,,,
1776099049.7008016,,-3.2678553226800653,,
1776099049.701455,,,-6.5583419523531346,6.5583419523531346
1776099049.7039018,,,-5.0979463090945965,5.0979463090945965
1776099049.705398,0.21554565575748888,,,
1776099049.7057598,,-3.2184109369190743,,
1776099049.7064083,,,-4.914106353212673,6.552141804283563
1776099049.7089195,,,-4.947277376218777,6.596369834958368
1776099049.710296,0.214271114730387,,,
1776099049.7107236,,-3.192920116377037,,
1776099049.7114096,,,-4.980025178438155,0.0
1776099049.7139153,,,-1.6777037022454453,5.033111106736336
1776099049.715558,0.21362553253723193,,,
1776099049.7158976,,-1.8207845038964634,,
1776099049.7164338,,,-3.287102644672925,3.287102644672925
1776099049.7188811,,,-3.3942472572393916,3.3942472572393916
1776099049.720295,0.20286500235564084,,,
1776099049.7205107,,-1.5414897276607387,,
1776099049.721371,,,-1.6402190424064174,3.2804380848128347
1776099049.7238905,,,-1.643928885159903,1.643928885159903
1776099049.725315,0.1919934404913614,,,
1776099049.7255535,,-1.1508580238781194,,
1776099049.7263768,,,0.0,0.0
1776099049.7289107,,,0.0,0.0
1776099049.7303045,0.1787438211436416,,,
1776099049.730767,,-0.865081580944079,,
1776099049.7314012,,,0.0,0.0
1776099049.733925,,,0.0,1.6545914392877064
1776099049.7353845,0.17311352191757015,,,
1776099049.7357,,-0.7524755964226499,,
1776099049.736416,,,-1.6438636063228913,1.6438636063228913
1776099049.7389123,,,0.0,0.0
1776099049.7402787,0.16464781431264378,,,
1776099049.740531,,-1.5814622869873964,,
1776099049.7414124,,,0.0,0.0
1776099049.7439015,,,0.0,1.6808643010346032
1776099049.7452645,0.164536255574819,,,
1776099049.7456107,,-1.8715402072266598,,
1776099049.7464178,,,-1.6446311358704757,0.0
1776099049.748923,,,-1.6395589551496321,3.2791179102992642
1776099049.7506125,0.1657219624394944,,,
1776099049.7506554,,-2.2865541676753844,,
1776099049.7513819,,,-3.3265759661448873,3.3265759661448873
1776099049.753925,,,-4.953957317466087,4.953957317466087
1776099049.755442,0.16737263128949184,,,
1776099049.7560515,,-2.3853837219442053,,
1776099049.7567506,,,-4.865535233872539,1.6218450779575129
1776099049.7589347,,,0.0,4.184678316882284
1776099049.7602751,0.16855364674241874,,,
1776099049.7607343,,-2.409004031002743,,
1776099049.7614326,,,-3.323704124728255,4.985556187092382
1776099049.763903,,,-5.080837586569881,3.3872250577132537
1776099049.7652955,0.16794855080811938,,,
1776099049.7659876,,-1.5051861721131932,,
1776099049.766656,,,-3.05831287442451,4.587469311636765
1776099049.7692542,,,-3.6859924136271465,3.6859924136271465
1776099049.770233,0.16805509664571266,,,
1776099049.770537,,-0.8310358827581887,,
1776099049.771388,,,-1.7022095391675414,1.7022095391675414
1776099049.7739003,,,0.0,1.6635409619523374
1776099049.7751715,0.1666293415353862,,,
1776099049.7753665,,-0.8025207805516597,,
1776099049.7763667,,,0.0,0.0
1776099049.7790716,,,1.6421233469301746,-1.6421233469301746
1776099049.7805974,0.16758189774647644,,,
1776099049.7809396,,-0.4781020565970442,,
1776099049.7813897,,,0.0,-1.694288533017845
1776099049.783884,,,1.6674770537527182,0.0
1776099049.785926,0.1671221804356889,,,
1776099049.7863867,,-1.0124907129258225,,
1776099049.786434,,,0.0,0.0
1776099049.788902,,,0.0,0.0
1776099049.7902236,0.168556854752971,,,
1776099049.7906113,,-1.041184199271464,,
1776099049.7913764,,,-1.6510563771496667,1.6510563771496667
1776099049.793889,,,-1.6566483208839209,1.6566483208839209
1776099049.7957103,0.16848178621838247,,,
1776099049.796029,,-2.08887796216748,,
1776099049.7963781,,,-3.295806176101938,1.647903088050969
1776099049.7989197,,,-3.2981072188926794,3.2981072188926794
1776099049.8006852,0.1652038756191333,,,
1776099049.8010032,,-1.9745571573071785,,
1776099049.8016129,,,-1.6425780387462092,1.6425780387462092
1776099049.8039708,,,-3.654535858323198,3.654535858323198
1776099049.8053772,0.16135675957969925,,,
1776099049.8056707,,-1.8976148365184973,,
1776099049.8063931,,,-5.087549399070018,3.391699599380012
1776099049.8088968,,,-3.318425720982463,3.318425720982463
1776099049.810273,0.15803484151782393,,,
1776099049.8106706,,-1.6342608679866737,,
1776099049.8115416,,,-1.6397412118527002,3.2794824237054003
1776099049.8139224,,,-1.6711495918466908,0.0
1776099049.815279,0.14755535893813893,,,
1776099049.8156478,,-0.7533195620248652,,
1776099049.8163838,,,0.0,0.0
1776099049.818906,,,0.0,0.0
1776099049.8202786,0.1317096152011048,,,
1776099049.8209124,,-0.2926483000916469,,
1776099049.8214025,,,1.6383449450931578,0.0
1776099049.8239043,,,0.0,1.672656132128107
1776099049.8252711,0.11935870205279579,,,
1776099049.8255997,,-0.24281210667593323,,
1776099049.826386,,,0.0,0.0
1776099049.828901,,,0.0,1.6548019475568119
1776099049.8302438,0.10510319334471047,,,
1776099049.8306832,,-0.4374672247110032,,
1776099049.8313851,,,0.0,0.0
1776099049.8339024,,,0.0,1.6658875531400519
1776099049.8352308,0.09315524899847427,,,
1776099049.835748,,-0.5202615120865339,,
1776099049.836369,,,0.0,0.0
1776099049.8388922,,,-1.6492365702872762,0.0
1776099049.8402708,0.08853775834838627,,,
1776099049.8406482,,-0.4680142686352404,,
1776099049.8413842,,,0.0,0.0
1776099049.8438952,,,0.0,0.0
1776099049.845651,0.08459768469491687,,,
1776099049.845978,,-0.5219109991281932,,
1776099049.8463974,,,0.0,0.0
1776099049.849003,,,0.0,0.0
1776099049.8502636,0.07892863567784242,,,
1776099049.8508103,,-0.3163340781590538,,
1776099049.85137,,,0.0,0.0
1776099049.8541536,,,0.0,0.0
1776099049.8559244,0.07241114116890496,,,
1776099049.8570983,,-0.2623256243670731,,
1776099049.8571582,,,-1.43728928062436,0.0
1776099049.8589187,,,0.0,0.0
1776099049.8602269,0.06240214831060147,,,
1776099049.8605506,,-0.06214576720100329,,
1776099049.8614042,,,0.0,0.0
1776099049.8639276,,,1.6701694403561242,-1.6701694403561242
1776099049.8653002,0.05089120093882242,,,
1776099049.8658118,,0.01485738294874217,,
1776099049.8663702,,,0.0,0.0
1776099049.8691254,,,0.0,0.0
1776099049.8705301,0.04469243928220478,,,
1776099049.8708515,,-0.28697406924545277,,
1776099049.8713992,,,0.0,0.0
1776099049.8739018,,,0.0,0.0
1776099049.8752851,0.03725509042353686,,,
1776099049.8757832,,-0.13822709207209438,,
1776099049.8763921,,,0.0,0.0
1776099049.878898,,,0.0,0.0
1776099049.8801844,0.03126471424783987,,,
1776099049.880553,,0.3155908695249665,,
1776099049.8813865,,,0.0,0.0
1776099049.8838983,,,1.6560148349713761,0.0
1776099049.8852878,0.026616631895355885,,,
1776099049.8856049,,0.6431725331140864,,
1776099049.8863964,,,0.0,0.0
1776099049.8889008,,,0.0,0.0
1776099049.8903184,0.025082444884499892,,,
1776099049.8907866,,0.4722775765542768,,
1776099049.8914216,,,1.6384871842648718,-1.6384871842648718
1776099049.8939729,,,0.0,-1.6746227063459438
1776099049.89569,0.02029646223115065,,,
1776099049.895964,,0.394929994252305,,
1776099049.8964314,,,0.0,0.0
1776099049.8988988,,,0.0,-1.6873847841665996
1776099049.9005184,0.015529479228037178,,,
1776099049.900839,,0.23739697322890851,,
1776099049.9013748,,,0.0,0.0
1776099049.9038904,,,0.0,-1.6482551323394847
1776099049.9053328,0.009973485529556993,,,
1776099049.9056864,,0.42405889681683295,,
1776099049.9063792,,,-1.6430063377989272,-1.6430063377989272
1776099049.9088876,,,-1.6547628287929816,0.0
1776099049.910242,0.003949180595933314,,,
1776099049.9106479,,0.7081528207649638,,
1776099049.911382,,,0.0,0.0
1776099049.913883,,,0.0,0.0
1776099049.9153008,-0.002837963464671503,,,
1776099049.91568,,1.2225385679651855,,
1776099049.9163864,,,1.6398438800184338,-1.6398438800184338
1776099049.91895,,,3.307946051178847,-3.307946051178847
1776099049.9208605,-0.012101956655993925,,,
1776099049.921089,,1.8045807311979105,,
1776099049.9216998,,,3.0595511704394274,-3.0595511704394274
1776099049.9239736,,,3.8219214648211253,-3.8219214648211253
1776099049.9254174,-0.040274609030524565,,,
1776099049.9262705,,1.4807144657114242,,
1776099049.9264421,,,3.3480585286827687,-1.6740292643413843
1776099049.9289522,,,1.686112235475756,-3.372224470951512
1776099049.9302528,-0.07092428913576754,,,
1776099049.9306047,,1.391047098350635,,
1776099049.9313667,,,1.698676636282189,0.0
1776099049.9338853,,,0.0,-1.6478635894598195
1776099049.9357293,-0.0941918047260781,,,
1776099049.935968,,1.747147885135642,,
1776099049.9364772,,,0.0,0.0
1776099049.9389665,,,0.0,-1.6726292447329558
1776099049.9404414,-0.12351164805307643,,,
1776099049.9407012,,3.124005034542445,,
1776099049.9413915,,,0.0,-1.6994819631851479
1776099049.9439375,,,1.642928512367467,-1.642928512367467
1776099049.9454124,-0.15273152037271204,,,
1776099049.9461105,,3.9047851637171753,,
1776099049.9467766,,,3.3267628076222335,-3.3267628076222335
1776099049.9489524,,,4.935337571880586,-4.935337571880586
1776099049.950298,-0.16281549091005337,,,
1776099049.950646,,4.291389380231601,,
1776099049.951446,,,3.3764151347176727,-5.06462270207651
1776099049.9539654,,,6.800875893950229,-5.100656920462672
1776099049.9553213,-0.1708000604160099,,,
1776099049.9558682,,3.900436518018247,,
1776099049.956409,,,4.949200148988161,-6.598933531984214
1776099049.958909,,,6.630028173573035,-6.630028173573035
1776099049.9603431,-0.18606994393704565,,,
1776099049.9609988,,2.84661021982149,,
1776099049.961455,,,4.921434999266732,-4.921434999266732
1776099049.9639308,,,5.09374201384449,-5.09374201384449
1776099049.9655528,-0.19842324625807437,,,
1776099049.965887,,2.1895698311275607,,
1776099049.9664762,,,3.1667854517397127,-3.1667854517397127
1776099049.9688885,,,1.7409816839543106,-1.7409816839543106
1776099049.9707646,-0.20437594261392375,,,
1776099049.9712992,,2.165133833308161,,
1776099049.9713547,,,0.0,-1.6334534647134906
1776099049.9738615,,,0.0,0.0
1776099049.975544,-0.2048359956451368,,,
1776099049.9758599,,2.7496269049587156,,
1776099049.9763868,,,1.6225538848059098,-1.6225538848059098
1776099049.9790146,,,1.6307371400498623,-1.6307371400498623
1776099049.9806416,-0.20588919198326444,,,
1776099049.9810855,,3.2961544008476467,,
1776099049.9814372,,,3.4043362938756583,-3.4043362938756583
1776099049.9839413,,,5.084358015348259,-3.3895720102321722
1776099049.9854126,-0.2064426666062444,,,
1776099049.98595,,3.307223893307246,,
1776099049.9864447,,,1.649589891408668,-4.948769674226004
1776099049.9890084,,,6.493762375776737,-6.493762375776737
1776099049.99044,-0.2084476518733358,,,
1776099049.990946,,4.0955496139162495,,
1776099049.9913898,,,3.4511271731844224,-5.176690759776633
1776099049.9939642,,,6.570051468578481,-6.570051468578481
1776099049.9953468,-0.2059904093455801,,,
1776099049.9956892,,4.47154529304731,,
1776099049.9963908,,,5.0050020866349625,-3.3366680577566417
1776099049.9988937,,,6.762604164368759,-5.07195312327657
1776099050.0005684,-0.20184434154157715,,,
1776099050.0008335,,3.905261404312459,,
1776099050.001388,,,4.893094332928943,-6.52412577723859
1776099050.003898,,,6.660561556496947,-4.995421167372711
1776099050.0053442,-0.19589728339236104,,,
1776099050.0055504,,3.057279508503709,,
1776099050.0064604,,,4.940222364305612,-4.940222364305612
1776099050.0089123,,,4.966818209701073,-3.3112121398007153
1776099050.0102782,-0.1904653476714122,,,
1776099050.0107965,,2.948640794084733,,
1776099050.0114539,,,3.290015578570769,-3.290015578570769
1776099050.0139167,,,1.6964722716664604,-1.6964722716664604
1776099050.015321,-0.18472938096077715,,,
1776099050.0158021,,2.7637086553766967,,
1776099050.0164013,,,1.660723734965782,0.0
1776099050.0188937,,,1.6624239795266607,-1.6624239795266607
1776099050.021243,-0.17917602349043624,,,
1776099050.0213304,,,3.28416965059142,-1.64208482529571
1776099050.0218625,,3.2305981395576646,,
1776099050.0239544,,,3.2812153192317663,-3.2812153192317663
1776099050.0259354,-0.17527223513674375,,,
1776099050.0274596,,3.8910225154015414,,
1776099050.0275943,,,4.995660999548061,-4.995660999548061
1776099050.0289733,,,6.547651099389049,-4.9107383245417875
1776099050.0306666,-0.1745055447707791,,,
1776099050.0311666,,4.124964148709899,,
1776099050.031373,,,1.6714724525693387,-6.685889810277355
1776099050.033892,,,6.6196317325489,-6.6196317325489
1776099050.0352683,-0.1720648312722145,,,
1776099050.0357382,,4.434541613259388,,
1776099050.036392,,,3.3235463173030317,-3.3235463173030317
1776099050.0389237,,,6.810620790234491,-6.810620790234491
1776099050.040276,-0.16921630580005043,,,
1776099050.0406995,,3.507838299744859,,
1776099050.041395,,,1.6757021737182203,-6.702808694872881
1776099050.043975,,,6.676174167368819,-8.345217709211024
1776099050.0452394,-0.1773237408366309,,,
1776099050.045752,,2.5636357129446625,,
1776099050.046367,,,3.36262560328581,-1.681312801642905
1776099050.0489168,,,4.964130597577547,-3.3094203983850314
1776099050.0502436,-0.18521945185818636,,,
1776099050.0507996,,2.161046577565763,,
1776099050.0513747,,,3.324476162435319,-3.324476162435319
1776099050.053881,,,1.6533678545177837,-1.6533678545177837
1776099050.055357,-0.20069321727878053,,,
1776099050.0556664,,2.9021907409394787,,
1776099050.056382,,,0.0,0.0
1776099050.0589027,,,1.6503486297982064,0.0
1776099050.0602715,-0.22037953983223488,,,
1776099050.0605857,,4.004173868853349,,
1776099050.06144,,,0.0,0.0
1776099050.0642583,,,3.381659965628206,-1.690829982814103
1776099050.065682,-0.2476432361457439,,,
1776099050.0657442,,5.189090441009874,,
1776099050.066421,,,3.3216079438431114,-1.6608039719215557
1776099050.0689652,,,5.0065294173742805,-3.33768627824952
1776099050.0704484,-0.27034402015695935,,,
1776099050.070828,,6.314324544474217,,
1776099050.0714686,,,5.007291261531055,-5.007291261531055
1776099050.073956,,,6.810620790234491,-6.810620790234491
1776099050.0754502,-0.28594704420779,,,
1776099050.0758967,,6.62638502549083,,
1776099050.0764093,,,6.735929290184825,-5.051946967638619
1776099050.0788927,,,8.374800135515658,-8.374800135515658
1776099050.080867,-0.291312127999824,,,
1776099050.0812788,,7.445940312018532,,
1776099050.0821095,,,4.121504198699998,-6.869173664499995
1776099050.0839517,,,2.3207376624359015,-4.641475324871803
1776099050.085548,-0.2939959770346355,,,
1776099050.0859337,,7.283916096361921,,
1776099050.086429,,,6.57420528934585,-3.287102644672925
1776099050.0889575,,,10.101353397886681,-5.050676698943341
1776099050.0908322,-0.2842510322005295,,,
1776099050.0914493,,,4.982489292054659,-9.964978584109318
1776099050.0915363,,6.129619846414323,,
1776099050.0939379,,,8.465649462722084,-8.465649462722084
1776099050.095408,-0.2717009116797659,,,
1776099050.0957878,,4.801576996643664,,
1776099050.0963807,,,10.0596466965009,-10.0596466965009
1776099050.0989065,,,8.2667718198337,-6.613417455866959
1776099050.1007175,-0.24990426551175093,,,
1776099050.1013358,,2.899302277693882,,
1776099050.1013854,,,3.3075766040169907,-6.615153208033981
1776099050.1039174,,,4.89828217557964,-3.265521450386426
1776099050.1053972,-0.23166487372010372,,,
1776099050.105765,,2.3577167349058916,,
1776099050.1063673,,,5.099031108291898,-5.099031108291898
1776099050.1089213,,,3.246577270343383,-1.6232886351716915
1776099050.1102417,-0.22265631891601934,,,
1776099050.1105692,,2.6044181731753486,,
1776099050.1113791,,,1.6652469829080405,-1.6652469829080405
1776099050.1138923,,,1.6524084445199045,0.0
1776099050.1152728,-0.2184415166464617,,,
1776099050.1155374,,2.527449839828301,,
1776099050.1163807,,,1.6435646533852155,-1.6435646533852155
1776099050.118918,,,3.275297495876548,0.0
1776099050.1203225,-0.21229619137885508,,,
1776099050.1209557,,3.2353726491496206,,
1776099050.1214736,,,0.0,-1.651201540339213
1776099050.123946,,,3.408829023746367,-3.408829023746367
1776099050.1252217,-0.22498785017779557,,,
1776099050.1256316,,3.489205825128431,,
1776099050.1264064,,,6.595688967044215,-4.946766725283162
1776099050.1289907,,,5.023221376155722,-5.023221376155722
1776099050.1302722,-0.23290029385683594,,,
1776099050.1306663,,5.556257070634598,,
1776099050.1314697,,,6.848257682254132,-5.136193261690599
1776099050.1339743,,,8.414593235296902,-6.731674588237523
1776099050.1354778,-0.2355655104777571,,,
1776099050.1365483,,,6.776602420923467,-5.082451815692601
1776099050.136607,,5.889879696522064,,
1776099050.1389635,,,4.9283565032086125,-4.9283565032086125
1776099050.1406884,-0.2364344212258945,,,
1776099050.1410217,,5.753109496302454,,
1776099050.1414344,,,8.452431201597138,-6.761944961277711
1776099050.1440096,,,8.052686374472524,-8.052686374472524
1776099050.1455226,-0.23864858231513306,,,
1776099050.1461604,,6.106755397476538,,
1776099050.1464136,,,5.018975802069266,-6.691967736092354
1776099050.1490731,,,8.327902683708794,-8.327902683708794
1776099050.1513402,-0.24131481923453693,,,
1776099050.1515944,,,-1.7028088230979626,-1.7028088230979626
1776099050.1519308,,5.808483188875641,,
1776099050.1539464,,,10.333567951069835,-6.889045300713223
1776099050.1556063,-0.24978165298230978,,,
1776099050.156149,,5.556543036859088,,
1776099050.1565547,,,10.08616338614464,-3.362054462048213
1776099050.1589284,,,10.231265638423366,-8.526054698686139
1776099050.1604574,-0.2549460029082985,,,
1776099050.1609864,,5.355796601112535,,
1776099050.1614726,,,8.289051882520805,-6.631241506016646
1776099050.1639845,,,10.196558703712325,-8.497132253093604
1776099050.1656086,-0.2527026468153437,,,
1776099050.1659958,,4.302769533112642,,
1776099050.1664257,,,3.360587122711172,-6.721174245422344
1776099050.1689048,,,6.732875371191227,-3.3664376855956135
1776099050.1704085,-0.25806449812995097,,,
1776099050.1709785,,3.6932230903632264,,
1776099050.1713815,,,1.6484386218401423,-4.945315865520428
1776099050.173883,,,4.984002911570612,-3.322668607713741
1776099050.1752844,-0.2572425795176735,,,
1776099050.1757195,,4.2098424615443095,,
1776099050.1763728,,,3.276508630732505,-1.6382543153662525
1776099050.1788974,,,4.940888068762886,-3.2939253791752576
1776099050.1802566,-0.2676398324226449,,,
1776099050.1806142,,4.4177875196437375,,
1776099050.181434,,,3.2800510029090644,-3.2800510029090644
1776099050.1839235,,,6.635950583725132,-4.976962937793849
1776099050.1853764,-0.27779712679849505,,,
1776099050.185796,,5.432977132775669,,
1776099050.1863897,,,4.9832051366844095,-4.9832051366844095
1776099050.18899,,,4.966779764240241,-6.622373018986987
1776099050.1903632,-0.288266967016455,,,
1776099050.190797,,6.2501743434113735,,
1776099050.1914434,,,6.708163460339668,-6.708163460339668
1776099050.1940022,,,8.495815952011151,-6.796652761608921
1776099050.1957471,-0.29144758749722033,,,
1776099050.1965318,,7.01791326490115,,
1776099050.196613,,,6.516611055420211,-8.145763819275263
1776099050.198927,,,8.286875194737965,-8.286875194737965
1776099050.2003715,-0.29957063065469075,,,
1776099050.200864,,7.180374128050558,,
1776099050.2013972,,,6.704434074476989,-6.704434074476989
1776099050.2039304,,,10.175269114959425,-10.175269114959425
1776099050.205626,-0.30547678223741986,,,
1776099050.2062294,,7.009652074039321,,
1776099050.2067518,,,6.649641363142888,-3.324820681571444
1776099050.2089298,,,3.9327163665855323,-9.83179091646383
1776099050.2109184,,7.105108923459537,,
1776099050.2112243,-0.31024962470843065,,,
1776099050.211684,,,9.030276726318116,-10.535322847371138
1776099050.2139225,,,9.508743985016244,-11.410492782019492
1776099050.215392,-0.31722210325844324,,,
1776099050.2156644,,6.40147191600347,,
1776099050.2163997,,,8.317370581513599,-8.317370581513599
1776099050.2189384,,,8.308198783455795,-9.969838540146956
1776099050.2206945,-0.3172194341234691,,,
1776099050.221038,,4.235213621938423,,
1776099050.2216597,,,6.175262932863111,-7.7190786660788895
1776099050.2239187,,,7.522221631922924,-7.522221631922924
1776099050.2258499,-0.3047470730250124,,,
1776099050.2262428,,3.602593675626627,,
1776099050.2263894,,,6.6412505688819135,-4.9809379266614355
1776099050.2288864,,,5.025041858207277,-3.350027905471517
1776099050.2302558,-0.28100333443000663,,,
1776099050.2306528,,3.1277189037265116,,
1776099050.2313704,,,3.2943693017695,-3.2943693017695
1776099050.233872,,,1.6520801450651303,0.0
1776099050.2356803,-0.26523068257895016,,,
1776099050.2360022,,3.0991124854500804,,
1776099050.236393,,,0.0,-1.6273162363555604
1776099050.2388856,,,1.6611221304446855,-1.6611221304446855
1776099050.2403946,-0.2494378179667311,,,
1776099050.2408135,,3.46126840397754,,
1776099050.2414134,,,3.2583055277101054,-1.6291527638550527
1776099050.2439842,,,3.330946359565158,-3.330946359565158
1776099050.2452984,-0.24144161125559147,,,
1776099050.2458432,,3.301344269754747,,
1776099050.2464616,,,4.921627932817698,-4.921627932817698
1776099050.2490969,,,6.442647694149034,-1.6106619235372586
1776099050.2508323,-0.23926146894897757,,,
1776099050.2513425,,5.073148774767507,,
1776099050.2518373,,,7.109184486413869,-5.3318883648104025
1776099050.2540054,,,4.069070573865533,-4.069070573865533
1776099050.2564166,-0.2409707459692432,,,
1776099050.2566946,,,3.3992430215729352,0.0
1776099050.2577448,,5.501964916529903,,
1776099050.2590206,,,3.345983868046177,-6.691967736092354
1776099050.2605655,-0.2436241043853915,,,
1776099050.2608342,,6.002821906311731,,
1776099050.2614167,,,5.040676087870444,-8.401126813117406
1776099050.2638872,,,10.078827357684425,-8.399022798070353
1776099050.2655356,-0.24983531972491413,,,
1776099050.265955,,6.570572638462659,,
1776099050.26644,,,3.206247075933365,-8.015617689833412
1776099050.2689238,,,8.50867765246834,-6.8069421219746715
1776099050.2704463,-0.24675318140185573,,,
1776099050.2706945,,6.640961919923458,,
1776099050.2714636,,,6.653100194881224,-6.653100194881224
1776099050.2739015,,,11.603283638838478,-6.630447793621986
1776099050.275581,-0.2409985325359501,,,
1776099050.2759132,,6.394103356939527,,
1776099050.2764654,,,10.054379336220922,-10.054379336220922
1776099050.2789319,,,11.697671403198218,-11.697671403198218
1776099050.2807481,-0.2320688065648112,,,
1776099050.2810302,,6.093868817584603,,
1776099050.2815592,,,8.350579130986167,-8.350579130986167
1776099050.283947,,,10.123159571122098,-5.061579785561049
1776099050.285345,-0.22716945293894875,,,
1776099050.2858348,,5.856122291717058,,
1776099050.2863827,,,6.698869618873193,-6.698869618873193
1776099050.2889473,,,4.892980323926546,-6.523973765235394
1776099050.2902803,-0.21823516882953198,,,
1776099050.2910347,,5.393521075601666,,
1776099050.2915134,,,6.660348389398142,-4.995261292048607
1776099050.2939055,,,5.155720316814048,-5.155720316814048
1776099050.295817,-0.20601205530164213,,,
1776099050.296477,,,6.622635026020656,-6.622635026020656
1776099050.2965631,,5.573932872473895,,
1776099050.2989137,,,6.600084592950125,-6.600084592950125
1776099050.300402,-0.19522559481327212,,,
1776099050.3006623,,5.521278563469853,,
1776099050.3013942,,,6.610629660355135,-3.3053148301775677
1776099050.3039143,,,6.585033787057355,-6.585033787057355
1776099050.30626,-0.18995618247036644,,,
1776099050.3068926,,5.75736169786704,,
1776099050.3069437,,,7.378341767216292,-7.378341767216292
1776099050.3089533,,,9.964773108118491,-7.971818486494793
1776099050.3107831,-0.1819467210474719,,,
1776099050.3112762,,5.597172469409149,,
1776099050.3118372,,,1.6536178245527544,-8.268089122763772
1776099050.3139427,,,5.475452465949743,-9.125754109916238
1776099050.315672,-0.17489472069693401,,,
1776099050.3166265,,5.125719264773286,,
1776099050.3166862,,,1.6190534794402847,-1.6190534794402847
1776099050.3189292,,,5.024635249600798,-8.374392082667995
1776099050.3203769,-0.17146055964583679,,,
1776099050.3212092,,4.811890768094004,,
1776099050.3216007,,,8.329102593881268,-8.329102593881268
1776099050.3239172,,,9.866535028697713,-8.22211252391476
1776099050.325553,-0.16595067136762226,,,
1776099050.326178,,4.25790011491309,,
1776099050.3263314,,,3.3299596079786418,-8.324899019946605
1776099050.328911,,,3.2869988069420257,-1.6434994034710129
1776099050.3303459,-0.15934836468569466,,,
1776099050.3308718,,3.7845158311473113,,
1776099050.3314736,,,4.866445450678151,-4.866445450678151
1776099050.333962,,,5.030918790386479,-5.030918790386479
1776099050.3356433,-0.1524135631785842,,,
1776099050.3360574,,4.2052573077905135,,
1776099050.3368404,,,4.219341903054966,-4.219341903054966
1776099050.3389673,,,4.111804863904742,-4.111804863904742
1776099050.3403172,-0.14817844089230164,,,
1776099050.3408067,,4.4496357484092215,,
1776099050.3413966,,,5.080547044825136,-3.3870313632167566
1776099050.3439496,,,4.999183349547526,-4.999183349547526
1776099050.345347,-0.1469900892765105,,,
1776099050.3457792,,4.829292571903407,,
1776099050.346372,,,3.3711319378536753,-3.3711319378536753
1776099050.3489454,,,6.52555780153773,-6.52555780153773
1776099050.3502893,-0.14577107079691012,,,
1776099050.3506832,,5.506107629368227,,
1776099050.351395,,,1.6849647469669613,-6.739858987867845
1776099050.3539608,,,3.329241159840437,-8.323102899601093
1776099050.3554342,-0.14119773154622656,,,
1776099050.3558037,,5.902000310851587,,
1776099050.3565438,,,9.419291288060883,-4.7096456440304415
1776099050.358964,,,8.499214416431128,-10.199057299717355
1776099050.3603725,-0.14101357923807728,,,
1776099050.3609843,,5.898317264688602,,
1776099050.3618913,,,7.159717525180972,-8.591661030217168
1776099050.3639615,,,10.325253895041552,-10.325253895041552
1776099050.3654394,-0.13859420065277742,,,
1776099050.3660495,,5.654746090353258,,
1776099050.3665783,,,5.034330861328422,-5.034330861328422
1776099050.3690212,,,6.667609507345285,-8.334511884181605
1776099050.3703575,-0.1325950312289876,,,
1776099050.3711135,,4.467448134871525,,
1776099050.3718212,,,5.006206083532441,-3.33747072235496
1776099050.374017,,,9.634324291632272,-5.7805945749793635
1776099050.3758726,-0.1286202798636972,,,
1776099050.376549,,3.611881786530941,,
1776099050.3770971,,,3.3693558690848264,0.0
1776099050.3788989,,,6.944099809754577,-5.208074857315933
1776099050.3805437,-0.13279805397442984,,,
1776099050.3808076,,3.6294878603486476,,
1776099050.3813732,,,1.6498514465163763,-4.949554339549129
1776099050.3838713,,,4.986434366569334,-3.3242895777128894
1776099050.385619,-0.14212968683900754,,,
1776099050.385935,,3.9538815040693787,,
1776099050.3865104,,,6.2343335477811195,-4.67575016083584
1776099050.3889174,,,5.102491143634972,-3.4016607624233144
1776099050.3902564,-0.15334913196209082,,,
1776099050.3908248,,4.762089209754114,,
1776099050.391389,,,4.997461556328761,-4.997461556328761
1776099050.3939433,,,6.628070648740471,-4.971052986555354
1776099050.3956103,-0.16047707734533667,,,
1776099050.3960416,,5.826207830311313,,
1776099050.3964128,,,3.332843716918641,-4.999265575377962
1776099050.399049,,,6.718731613038289,-6.718731613038289
1776099050.4003077,-0.16867854764844586,,,
1776099050.4007905,,6.429899959019807,,
1776099050.4014182,,,5.076206288580002,-6.768275051440002
1776099050.403921,,,8.355280109157283,-8.355280109157283
1776099050.405697,-0.17887440767844398,,,
1776099050.4061387,,7.050297665981093,,
1776099050.4068553,,,9.26778134649987,-7.723151122083224
1776099050.4089212,,,9.759053883578524,-9.759053883578524
1776099050.4102879,-0.1741195548539335,,,
1776099050.4107895,,6.8610062019421125,,
1776099050.4115593,,,0.0,-3.5539852025413743
1776099050.4139378,,,8.294677310383156,-8.294677310383156
1776099050.4153094,-0.15975131377504473,,,
1776099050.415996,,6.573641380364338,,
1776099050.4166129,,,8.202650306264584,-3.2810601225058336
1776099050.418908,,,10.270102999496823,-10.270102999496823
1776099050.4203858,-0.1496892195426191,,,
1776099050.4208245,,5.944461112340083,,
1776099050.4215238,,,6.463981439244533,-11.311967518677934
1776099050.4239333,,,6.818159109063956,-8.522698886329945
1776099050.425571,-0.14078685143673664,,,
1776099050.426111,,4.885223069136768,,
1776099050.4266915,,,8.35682167375307,-8.35682167375307
1776099050.4290907,,,8.821854220109032,-8.821854220109032
1776099050.4305825,-0.1361685769263694,,,
1776099050.4309146,,4.364119808785233,,
1776099050.4314349,,,7.148849254610398,-1.7872123136525995
1776099050.4339085,,,5.062649161370206,-5.062649161370206
1776099050.4352713,-0.13141985609279297,,,
1776099050.4356692,,4.653916889993264,,
1776099050.4363623,,,5.065322357392792,-3.3768815715951943
1776099050.4388828,,,3.2915795101498864,-1.6457897550749432
1776099050.4408817,-0.1298719503861969,,,
1776099050.4413064,,5.13603185007678,,
1776099050.4413652,,,3.2491143983891417,-4.873671597583713
1776099050.4439015,,,4.914725302275341,-3.2764835348502275
1776099050.4456906,-0.13071430385180227,,,
1776099050.4460318,,5.60812968401993,,
1776099050.4464376,,,6.523357498238753,-4.892518123679065
1776099050.4489863,,,6.748500964903807,-6.748500964903807
1776099050.4503646,-0.1332654450352072,,,
1776099050.4510627,,6.563658636186757,,
1776099050.451516,,,7.97705035730677,-6.381640285845417
1776099050.4538949,,,8.661822356702716,-8.661822356702716
1776099050.4559884,-0.1309089415900536,,,
1776099050.4565542,,7.006419425214133,,
1776099050.4569983,,,8.12801576579285,-8.12801576579285
1776099050.4589152,,,11.030402594066825,-8.824322075253459
1776099050.4609137,-0.12618600163155028,,,
1776099050.4613953,,,9.965855606194827,-9.965855606194827
1776099050.4617338,,6.911960626044067,,
1776099050.4639115,,,6.644434052225485,-9.966651078338229
1776099050.465805,-0.12630369462229307,,,
1776099050.4661489,,6.914314485858923,,
1776099050.4666755,,,6.329957474220613,-6.329957474220613
1776099050.4688993,,,10.851822111568472,-9.043185092973726
1776099050.4703553,-0.13005165722328899,,,
1776099050.4706612,,6.726941646699876,,
1776099050.471416,,,4.955255928111285,-8.258759880185474
1776099050.4739203,,,9.950988627658768,-9.950988627658768
1776099050.475888,-0.12555692832494672,,,
1776099050.475972,,6.166341493245329,,
1776099050.47642,,,6.670659392618136,-5.002994544463602
1776099050.478923,,,8.472203262002376,-6.777762609601901
1776099050.4805884,-0.1290489835500522,,,
1776099050.4809968,,5.448919861954394,,
1776099050.4815116,,,4.947158709337489,-4.947158709337489
1776099050.4840147,,,9.183237282960148,-3.6732949131840593
1776099050.4854286,-0.129452785053073,,,
1776099050.4859042,,5.369729503125921,,
1776099050.486399,,,3.4011318694562274,-8.502829673640568
1776099050.4889238,,,4.983366391334057,-6.644488521778742
1776099050.4904459,-0.12574235298460879,,,
1776099050.490746,,5.891996622146798,,
1776099050.4914331,,,1.6688424157364272,-8.344212078682135
1776099050.4938924,,,6.791045043906959,-6.791045043906959
1776099050.495422,-0.12310694285415598,,,
1776099050.495952,,6.163306523015265,,
1776099050.4965894,,,3.1960940659950188,-4.794141098992529
1776099050.498916,,,8.749089285304025,-8.749089285304025
1776099050.5007474,-0.12453267478967998,,,
1776099050.5012984,,6.873564844083676,,
1776099050.501359,,,9.987080080030157,-6.658053386686771
1776099050.5039525,,,9.5518618004896,-9.5518618004896
1776099050.5052307,-0.12384544561636363,,,
1776099050.5060394,,6.762961230507085,,
1776099050.5065598,,,9.806037851676301,-4.9030189258381505
1776099050.508886,,,10.788565611542323,-10.788565611542323
1776099050.5104444,-0.13356442730993376,,,
1776099050.5107598,,6.6110731625125005,,
1776099050.5114493,,,6.42145430574149,-9.632181458612235
1776099050.5139358,,,8.395495257507097,-8.395495257507097
1776099050.5156643,-0.14434293867099016,,,
1776099050.51601,,6.845695441048301,,
1776099050.5164516,,,8.249911275881852,-8.249911275881852
1776099050.5189748,,,8.343141601762682,-6.674513281410145
1776099050.5206873,-0.15153676232695806,,,
1776099050.5210338,,7.214466058357652,,
1776099050.521656,,,5.008337818575362,-8.347229697625604
1776099050.523965,,,6.803213327092096,-8.50401665886512
1776099050.5259323,-0.165549543913659,,,
1776099050.5260324,,7.699231471686241,,
1776099050.526455,,,6.80828127504136,-6.80828127504136
1776099050.5289302,,,10.166804998997943,-8.47233749916495
1776099050.5309703,-0.18115953063173695,,,
1776099050.5317059,,8.011431206047801,,
1776099050.531947,,,5.980226736899147,-5.980226736899147
1776099050.5342886,,,5.257415362304948,-5.257415362304948
1776099050.5366154,,,11.625628639292957,-5.8128143196464785
1776099050.5371125,-0.19239416756203614,,,
1776099050.5377378,,8.236123944653784,,
1776099050.539209,,,3.378280173598559,-5.067420260397839
1776099050.5413637,-0.2079436856592315,,,
1776099050.541424,,,5.246403810533867,-5.246403810533867
1776099050.542155,,8.547114306597692,,
1776099050.543917,,,4.945315865520428,-1.6484386218401423
1776099050.5453603,-0.2204684550967998,,,
1776099050.5457277,,8.532879443864747,,
1776099050.546389,,,8.320501879354582,-11.648702631096418
1776099050.548887,,,11.693631188070755,-3.34103748230593
1776099050.5505636,-0.21563970180793945,,,
1776099050.5509865,,8.27602733101375,,
1776099050.551511,,,8.305675156671503,-8.305675156671503
1776099050.553968,,,8.447349685182816,-11.826289559255944
1776099050.5553384,-0.20669802208406357,,,
1776099050.5558178,,7.673119055874655,,
1776099050.55665,,,6.422994301197748,-11.24024002709606
1776099050.5589225,,,5.187411318695409,-12.103959743622621
1776099050.5605185,-0.20821365135962216,,,
1776099050.5609217,,7.6143000167038934,,
1776099050.5613863,,,4.995900854753396,-1.6653002849177985
1776099050.5639045,,,11.632688266998574,-11.632688266998574
1776099050.5655334,-0.22060583443813164,,,
1776099050.5660307,,8.028682588367381,,
1776099050.5664532,,,4.961286053326958,-9.922572106653917
1776099050.5689864,,,13.872554936746493,-10.40441620255987
1776099050.5706234,-0.23217407932287978,,,
1776099050.5714192,,7.994651078937663,,
1776099050.571893,,,1.6218703574226243,-3.2437407148452486
1776099050.5739064,,,10.665205515280764,-12.798246618336918
1776099050.5765836,,,6.69687415028449,-8.371092687855612
1776099050.5771377,-0.24881457467817705,,,
1776099050.5774565,,8.272303299020708,,
1776099050.5789688,,,7.700606939965156,-5.13373795997677
1776099050.5817437,,,10.107740309266436,-8.423116924388696
1776099050.5826163,-0.2680678753903328,,,
1776099050.5828736,,8.602078395112846,,
1776099050.5839577,,,8.985183840009164,1.7970367680018329
1776099050.585636,-0.286555416832447,,,
1776099050.5859747,,9.346208693844869,,
1776099050.5868828,,,12.821032371454926,-12.821032371454926
1776099050.5888882,,,8.761106718124578,-12.265549405374411
1776099050.5902653,-0.2949232604214902,,,
1776099050.5908108,,9.443885685642696,,
1776099050.591392,,,6.631878326346364,-8.289847907932954
1776099050.5938952,,,9.993963138420824,-13.325284184561099
1776099050.595857,-0.3117635935394051,,,
1776099050.5964441,,,11.44208723682533,-9.807503345850282
1776099050.5965264,,9.185815361147728,,
1776099050.5989757,,,8.14531574115424,-6.516252592923393
1776099050.6005397,-0.32534294388583845,,,
1776099050.6010132,,9.625007127194293,,
1776099050.601587,,,11.658967923107793,-4.996700538474768
1776099050.6038978,,,10.699636382857477,-14.266181843809969
1776099050.6055436,-0.3465007169843298,,,
1776099050.6060152,,9.801951464482187,,
1776099050.606475,,,9.839763193455571,-4.919881596727786
1776099050.60899,,,10.309655031858826,-6.8731033545725495
1776099050.6105566,-0.368509456980449,,,
1776099050.611011,,10.19189812912043,,
1776099050.611513,,,10.148442964948764,-6.765628643299175
1776099050.6139815,,,13.741435315683406,-6.870717657841703
1776099050.615432,-0.40765253122775497,,,
1776099050.6159823,,10.709896131454165,,
1776099050.6166573,,,6.766511540406595,-10.149767310609894
1776099050.6192715,,,7.973501681271073,-7.973501681271073
1776099050.621546,,,5.400401658042728,-5.400401658042728
1776099050.6218147,-0.44656905016219073,,,
1776099050.622658,,10.807815139065697,,
1776099050.6240537,,,4.980143279951827,-8.300238799919711
1776099050.6261537,-0.4761666858131622,,,
1776099050.626437,,11.35047233469751,,
1776099050.626765,,,11.23832762130605,-3.2109507489445854
1776099050.6288924,,,9.74734237256142,-13.64627932158599
1776099050.6306908,-0.5031889141904198,,,
1776099050.631051,,11.107784331419932,,
1776099050.6317217,,,3.2211001515160462,-14.49495068182221
1776099050.6339755,,,5.835545830044173,-15.561455546784458
1776099050.6353567,-0.524113742699634,,,
1776099050.6357925,,9.903525761655105,,
1776099050.6363788,,,13.232625554938261,-9.924469166203696
1776099050.638865,,,14.966843781022222,-9.977895854014813
1776099050.640344,-0.5501227775058609,,,
1776099050.6407366,,9.855742158797456,,
1776099050.641404,,,6.529555865994497,-11.426722765490371
1776099050.6439774,,,15.074640243928188,-10.049760162618792
1776099050.6461842,-0.5723199342148493,,,
1776099050.6464682,,10.432649958795713,,
1776099050.6470141,,,7.1825235122950986,-4.30951410737706
1776099050.648956,,,8.89606473836657,-8.89606473836657
1776099050.6509495,-0.5939327151616548,,,
1776099050.6515887,,11.132033989521476,,
1776099050.6516302,,,8.425915276381927,-13.481464442211085
1776099050.6539645,,,1.7871052956963298,-7.148421182785319
1776099050.656516,-0.6217608949092619,,,
1776099050.656616,,,4.8398236351314985,-8.066372725219162
1776099050.657638,,0.0,,
1776099050.658975,,,6.978477663087159,0.0
1776099050.6607485,-0.6609054221257906,,,
1776099050.661222,,0.0,,
1776099050.661759,,,0.0,-11.35530731296181
1776099050.6638722,,,8.850318670181455,-1.770063734036291
1776099050.6652706,-0.7047249868637793,,,
1776099050.6654713,,0.0,,
1776099050.66638,,,6.665791301370974,-11.665134777399206
1776099050.668912,,,13.337141919673046,-13.337141919673046
1776099050.6703153,-0.7260208194929264,,,
1776099050.6707764,,0.0,,
1776099050.6714067,,,6.661518095765318,-9.992277143647978
1776099050.6739473,,,11.521074962758927,-9.875207110936223
1776099050.6754043,-0.7240318829831709,,,
1776099050.6758935,,0.0,,
1776099050.6765733,,,10.04571312856607,-6.697142085710713
1776099050.6789563,,,11.845637106405489,-13.53787097874913
1776099050.6807425,-0.7128265670939096,,,
1776099050.681654,,0.0,,
1776099050.6817346,,,9.95829850960795,-3.3194328365359826
1776099050.6839433,,,10.007189807791265,-11.675054775756477
1776099050.6855178,-0.6984555604770937,,,
1776099050.6861477,,0.0,,
1776099050.6866288,,,10.023190730466533,-6.682127153644355
1776099050.6889436,,,10.337420044987269,-10.337420044987269
1776099050.6906075,-0.6847830786116034,,,
1776099050.6910312,,0.0,,
1776099050.691407,,,8.29480598085001,-4.976883588510006
1776099050.6939287,,,10.104057457097307,-13.472076609463075
1776099050.6954565,-0.6729340788699002,,,
1776099050.6959226,,0.0,,
1776099050.696443,,,3.2035778212672805,-11.212522374435483
1776099050.6991518,,,9.305319989457255,-10.856206654366797
1776099050.700852,-0.6868492307062356,,,
1776099050.7016473,,,8.934912655956586,-7.147930124765268
1776099050.7017097,,0.0,,
1776099050.704043,,,5.121850876634892,-6.829134502179856
1776099050.7054558,-0.7158042014388858,,,
1776099050.7059813,,0.0,,
1776099050.70656,,,9.806733074135417,-3.268911024711805
1776099050.7089677,,,12.230503388103596,-12.230503388103596
1776099050.7111576,-0.7372266710898137,,,
1776099050.7114575,,,8.445085372622566,-6.756068298098054
1776099050.7122939,,0.0,,
1776099050.713931,,,5.041166706586194,-10.082333413172387
1776099050.7157755,-0.7516018674901187,,,
1776099050.7159004,,0.0,,
1776099050.7168055,,,4.89970556506262,-11.432646318479447
1776099050.718924,,,7.429418361717414,-13.001482133005478
1776099050.7211945,-0.7845377066745194,,,
1776099050.7214189,,,4.921084821576711,-11.48253125034566
1776099050.722288,,0.0,,
1776099050.723936,,,4.994421034619931,-8.324035057699884
1776099050.7253678,-0.8054806425827482,,,
1776099050.7258775,,0.0,,
1776099050.7264547,,,8.250759919048082,-11.551063886667318
1776099050.7289011,,,8.562153526568867,-11.987014937196417
1776099050.730291,-0.8096509792350295,,,
1776099050.7308326,,0.0,,
1776099050.731505,,,8.282382703012686,-8.282382703012686
1776099050.733925,,,8.651945604253891,-12.11272384595545
1776099050.7356522,-0.8228762441619761,,,
1776099050.735887,,0.0,,
1776099050.7365537,,,11.351232345802295,-8.108023104144495
1776099050.7389915,,,8.28508831092559,-9.942105973110708
1776099050.7406206,-0.8501769040753346,,,
1776099050.7410796,,0.0,,
1776099050.7415302,,,10.095226022598622,-11.777763693031726
1776099050.7440603,,,5.097237612920332,-1.6990792043067773
1776099050.745673,-0.8761080140936008,,,
1776099050.7462912,,0.0,,
1776099050.7463436,,,1.6856611709988467,-10.11396702599308
1776099050.7489235,,,11.399867691608815,-8.142762636863438
1776099050.7507102,-0.8971946542586723,,,
1776099050.7511175,,0.0,,
1776099050.7515113,,,6.553379780372631,-9.830069670558947
1776099050.7539139,,,11.851424535071434,-11.851424535071434
1776099050.7556632,-0.9301662238977935,,,
1776099050.7560184,,0.0,,
1776099050.75667,,,10.877796234489011,-7.769854453206435
1776099050.7589417,,,10.909530175850962,-7.273020117233975
1776099050.7605774,-0.9530054754052556,,,
1776099050.76096,,0.0,,
1776099050.761398,,,8.31384664790691,-9.976615977488294
1776099050.7639825,,,9.883184017166947,-11.530381353361438
1776099050.765448,-0.975659190826762,,,
1776099050.7657056,,0.0,,
1776099050.7664306,,,5.0594867146629285,-6.745982286217237
1776099050.7689931,,,10.183657545249412,-10.183657545249412
1776099050.7704594,-0.9766659833596039,,,
1776099050.7715213,,0.0,,
1776099050.7715948,,,3.2540726709412406,-6.508145341882481
1776099050.7740421,,,8.077091669403876,-4.8462550016423265
1776099050.775477,-0.9895021201097247,,,
1776099050.7760255,,0.0,,
1776099050.7767127,,,6.409971858632264,-6.409971858632264
1776099050.7789643,,,7.350096210389135,-11.025144315583702
1776099050.7803197,-0.9953542097440742,,,
1776099050.7809262,,0.0,,
1776099050.7815351,,,7.935942813822269,-6.348754251057815
1776099050.7839024,,,10.49669351765233,-10.49669351765233
1776099050.7852983,-1.003050239376684,,,
1776099050.7855387,,0.0,,
1776099050.7863767,,,9.98748165522422,-6.6583211034828125
1776099050.7888832,,,10.010641853451638,-10.010641853451638
1776099050.7902718,-1.0172650580974474,,,
1776099050.7906802,,0.0,,
1776099050.7913835,,,9.950988627658768,-3.316996209219589
1776099050.7939029,,,9.947975998423923,-9.947975998423923
1776099050.7956119,-1.0306535697421844,,,
1776099050.796157,,0.0,,
1776099050.7967348,,,9.427263926108068,-4.713631963054034
1776099050.7989523,,,11.099602417024554,-11.099602417024554
1776099050.8003185,-1.037694137055802,,,
1776099050.800701,,0.0,,
1776099050.8016417,,,8.367181213940677,-10.040617456728814
1776099050.803951,,,3.436068611902436,-6.872137223804872
1776099050.805332,-1.0443772641709512,,,
1776099050.805879,,0.0,,
1776099050.8064358,,,6.717591544005013,-5.0381936580037605
1776099050.8089108,,,10.096289392301198,-10.096289392301198
1776099050.8107862,-1.0434272957961983,,,
1776099050.8113718,,0.0,,
1776099050.8114223,,,1.6064433794076831,-9.6386602764461
1776099050.8140008,,,3.3135604191779495,-4.970340628766925
1776099050.8156757,-1.0483660419558274,,,
1776099050.8160017,,0.0,,
1776099050.8167431,,,7.390304015228372,-5.912243212182697
1776099050.8189473,,,9.573549826626287,-9.573549826626287
1776099050.8206503,-1.0573790314677227,,,
1776099050.8209627,,0.0,,
1776099050.8214328,,,8.382973202049108,-8.382973202049108
1776099050.8239274,,,10.171200998360817,-6.780800665573877
1776099050.8254044,-1.075436905203514,,,
1776099050.825822,,0.0,,
1776099050.8263793,,,1.6797510579620842,-8.39875528981042
1776099050.8289256,,,6.500107623718612,-4.8750807177889595
1776099050.8303785,-1.084449661539889,,,
1776099050.83094,,0.0,,
1776099050.8314145,,,8.3341113559838,-5.000466813590281
1776099050.8339345,,,8.365366804245967,-10.038440165095162
1776099050.8353596,-1.0866714015842491,,,
1776099050.8357284,,0.0,,
1776099050.8365657,,,8.261779822862668,-8.261779822862668
1776099050.838915,,,10.050005012222426,-8.375004176852022
1776099050.8405266,-1.0854235882649763,,,
1776099050.8409467,,0.0,,
1776099050.8415859,,,4.885812585256271,-8.143020975427117
1776099050.8439586,,,8.534525802720236,-8.534525802720236
1776099050.8457298,-1.0972281488056521,,,
1776099050.8465254,,0.0,,
1776099050.8465848,,,5.066473322101131,-5.066473322101131
1776099050.8489785,,,8.282250854253517,-8.282250854253517
1776099050.851049,-1.0999486279340467,,,
1776099050.8517432,,,9.050457625735444,-9.050457625735444
1776099050.8518307,,0.0,,
1776099050.853928,,,3.8548023932872546,-7.709604786574509
1776099050.8555763,-1.085948884916401,,,
1776099050.8559587,,0.0,,
1776099050.8564422,,,8.204852909104941,-8.204852909104941
1776099050.8589811,,,5.022089976700088,-8.370149961166813
1776099050.8604074,-1.058008060911036,,,
1776099050.8608527,,0.0,,
1776099050.8615298,,,5.003154915190457,-3.3354366101269712
1776099050.8639116,,,6.933619824989545,-8.667024781236933
1776099050.865399,-1.030694282382334,,,
1776099050.8657928,,0.0,,
1776099050.8664565,,,8.134989154224753,-4.880993492534853
1776099050.8688922,,,6.735929290184825,-6.735929290184825
1776099050.8705595,-1.0052171687517453,,,
1776099050.8709586,,0.0,,
1776099050.8717766,,,7.186347138439798,-1.4372694276879596
1776099050.8739011,,,5.945519938811972,-7.927359918415962
1776099050.8758254,-0.9825678872757992,,,
1776099050.876144,,0.0,,
1776099050.8765974,,,7.706661789965051,-7.706661789965051
1776099050.878942,,,7.137560689338607,-7.137560689338607
1776099050.8807015,-0.9725900497716954,,,
1776099050.8811898,,0.0,,
1776099050.8815157,,,4.865838601639526,-6.4877848021860345
1776099050.8839061,,,6.977367874914496,-6.977367874914496
1776099050.8854659,-0.972460639164399,,,
1776099050.8857741,,0.0,,
1776099050.886394,,,6.56351864552077,-6.56351864552077
1776099050.8889112,,,5.018855851610914,-5.018855851610914
1776099050.8902354,-0.962354376620376,,,
1776099050.8906667,,0.0,,
1776099050.8914108,,,6.6683024181732415,-6.6683024181732415
1776099050.8938963,,,5.050310096714454,-6.733746795619271
1776099050.8953748,-0.9496132405406706,,,
1776099050.8958924,,0.0,,
1776099050.8963885,,,6.579409876491333,-4.9345574073685
1776099050.8989415,,,4.971530145127871,-6.628706860170494
1776099050.9007201,-0.9465748045835911,,,
1776099050.9012678,,0.0,,
1776099050.9014544,,,5.007208771484621,-5.007208771484621
1776099050.903967,,,6.735546294078455,-6.735546294078455
1776099050.9056356,-0.9278817518182306,,,
1776099050.906004,,0.0,,
1776099050.9065065,,,1.632760725193213,-4.89828217557964
1776099050.9088984,,,5.197570515188483,-5.197570515188483
1776099050.9106958,-0.9121120831353926,,,
1776099050.9115095,,0.0,,
1776099050.9115899,,,3.3196975919165013,-4.979546387874752
1776099050.9139454,,,4.964484794570305,-4.964484794570305
1776099050.9156497,-0.8980291123916986,,,
1776099050.9159687,,0.0,,
1776099050.9163742,,,3.3530534832005294,-5.029580224800794
1776099050.9189255,,,1.6591735329079969,0.0
1776099050.9203653,-0.8967726907416141,,,
1776099050.920864,,0.0,,
1776099050.9214041,,,4.971249830113611,-4.971249830113611
1776099050.923928,,,3.291186981132496,-4.936780471698744
1776099050.9254327,-0.9041675211575813,,,
1776099050.9259694,,0.0,,
1776099050.9264705,,,3.311370202130154,-3.311370202130154
1776099050.9289367,,,5.084067070852364,-5.084067070852364
1776099050.9308543,-0.9110448614690899,,,
1776099050.9313643,,0.0,,
1776099050.9314086,,,0.0,-3.325140861272988
1776099050.9339013,,,3.3244230554205005,-4.986634583130751
1776099050.9354224,-0.9200867183274801,,,
1776099050.9361024,,0.0,,
1776099050.9365382,,,3.1520459668813388,-3.1520459668813388
1776099050.938925,,,3.474078549705685,-3.474078549705685
1776099050.9402933,-0.9170280488979153,,,
1776099050.9414575,,0.0,,
1776099050.9417949,,,3.3202544315603166,-3.3202544315603166
1776099050.9439623,,,1.6873581607027668,-3.3747163214055336
1776099050.9452443,-0.8966949108265072,,,
1776099050.94554,,0.0,,
1776099050.9464047,,,3.3996872675991012,-3.3996872675991012
1776099050.9488726,,,3.3543520417596717,-3.3543520417596717
1776099050.9502378,-0.8708539118841012,,,
1776099050.9505415,,0.0,,
1776099050.9514325,,,1.5916728969895122,-3.1833457939790244
1776099050.9539046,,,3.382595869528064,-1.691297934764032
1776099050.9553354,-0.8468814904724333,,,
1776099050.9556777,,0.0,,
1776099050.9563804,,,1.6446964756810727,-3.2893929513621454
1776099050.9588952,,,3.307603599283871,-3.307603599283871
1776099050.9603827,-0.8301696298998218,,,
1776099050.9606225,,0.0,,
1776099050.9613853,,,1.641825726722585,-1.641825726722585
1776099050.9639266,,,1.6498776065890917,-3.2997552131781833
1776099050.9656122,-0.8405311259789408,,,
1776099050.9659383,,0.0,,
1776099050.9664268,,,3.290849396659768,-1.645424698329884
1776099050.9689286,,,1.6724265270706071,-3.3448530541412143
1776099050.9704316,-0.848429107717068,,,
1776099050.9708624,,0.0,,
1776099050.971451,,,1.6433829487583196,-1.6433829487583196
1776099050.9739237,,,1.6969987028268294,-1.6969987028268294
1776099050.9753985,-0.8533753800307554,,,
1776099050.9756198,,0.0,,
1776099050.9764328,,,1.629343746960011,-1.629343746960011
1776099050.9789405,,,1.6911463791114376,-3.3822927582228752
1776099050.9806309,-0.8680018222848642,,,
1776099050.9809475,,0.0,,
1776099050.9815192,,,3.33193513791922,0.0
1776099050.983902,,,1.6713244290229834,-1.6713244290229834
1776099050.9853544,-0.8893043208358956,,,
1776099050.9856324,,0.0,,
1776099050.9863994,,,1.6414624262077318,-1.6414624262077318
1776099050.988908,,,1.6634345864571964,0.0
1776099050.9904766,-0.9137691753713899,,,
1776099050.9909143,,0.0,,
1776099050.991637,,,1.5582805857445767,-1.5582805857445767
1776099050.9939392,,,1.7276713451997234,-1.7276713451997234
1776099050.9952796,-0.9350964813524313,,,
1776099050.9956536,,0.0,,
1776099050.996377,,,1.677393046289677,0.0
1776099050.9988918,,,0.0,-1.651502569745337
1776099051.0002568,-0.9561721343303011,,,
1776099051.0005152,,0.0,,
1776099051.0013874,,,1.6476019591111133,0.0
1776099051.003907,,,1.6598495115707135,0.0
1776099051.0054526,-0.9723126089098237,,,
1776099051.0057986,,0.0,,
1776099051.006362,,,1.6574806408219576,0.0
1776099051.00888,,,1.6460627742351617,0.0
1776099051.0101936,-0.9899204743066141,,,
1776099051.0104654,,0.0,,
1776099051.0113566,,,0.0,1.6392490023320152
1776099051.013919,,,0.0,0.0
1776099051.0154626,-1.0116296687287476,,,
1776099051.0157976,,0.0,,
1776099051.0163908,,,1.651502569745337,1.651502569745337
1776099051.0189142,,,1.6516733198988398,1.6516733198988398
1776099051.0202916,-1.0329113911626802,,,
1776099051.0206523,,0.0,,
1776099051.0213847,,,1.6514366880473517,0.0
1776099051.0239048,,,0.0,0.0
1776099051.025587,-1.0549540034335725,,,
1776099051.0259924,,0.0,,
1776099051.0265498,,,0.0,0.0
1776099051.028917,,,0.0,0.0
1776099051.0305812,-1.072991077015759,,,
1776099051.0312824,,0.0,,
1776099051.031603,,,0.0,0.0
1776099051.0339756,,,0.0,-1.7083783333886697
1776099051.035261,-1.0915372554886793,,,
1776099051.035743,,0.0,,
1776099051.0363781,,,0.0,-1.7087711034338149
1776099051.0388823,,,-1.6508602703551885,0.0
1776099051.0404167,-1.1098229889957587,,,
1776099051.0411072,,0.0,,
1776099051.0415606,,,-1.5856634746396163,0.0
1776099051.0438867,,,0.0,0.0
1776099051.045386,-1.126744410035381,,,
1776099051.0457392,,0.0,,
1776099051.046374,,,0.0,0.0
1776099051.0488744,,,0.0,1.651319105822029
1776099051.0503883,-1.1429998349756252,,,
1776099051.0507808,,0.0,,
1776099051.051373,,,0.0,0.0
1776099051.053876,,,0.0,1.6463365880006222
1776099051.0552983,-1.1582686976164398,,,
1776099051.0557582,,0.0,,
1776099051.0563898,,,1.6346220614806832,0.0
1776099051.0589182,,,0.0,0.0
1776099051.0605595,-1.173001001782248,,,
1776099051.0609422,,0.0,,
1776099051.0614374,,,1.6518441053639792,0.0
1776099051.0639281,,,0.0,-1.6952143484711488
1776099051.065435,-1.1864976683897699,,,
1776099051.0659783,,0.0,,
1776099051.066372,,,0.0,0.0
1776099051.0688765,,,0.0,-1.6575862561543095
1776099051.0703282,-1.1983331437853395,,,
1776099051.0708935,,0.0,,
1776099051.0713692,,,-1.6334541577472173,0.0
1776099051.0738719,,,0.0,1.6504278673266282
1776099051.0753083,-1.2067859994085122,,,
1776099051.075683,,0.0,,
1776099051.0764053,,,0.0,0.0
1776099051.078903,,,-1.6653132507874744,0.0
1776099051.0806422,-1.2118510082428162,,,
1776099051.0808618,,0.0,,
1776099051.0814047,,,0.0,0.0
1776099051.0839143,,,0.0,0.0
1776099051.0854244,-1.2147498117343052,,,
1776099051.0856667,,0.0,,
1776099051.0863802,,,1.6580088521150613,0.0
1776099051.0888917,,,0.0,0.0
1776099051.0902379,-1.2171380636279727,,,
1776099051.0906823,,0.0,,
1776099051.0913923,,,0.0,0.0
1776099051.0939872,,,0.0,0.0
1776099051.095701,-1.2191397463891642,,,
1776099051.0960479,,0.0,,
1776099051.0965683,,,0.0,0.0
1776099051.0988963,,,0.0,0.0
1776099051.100465,-1.2207534939678273,,,
1776099051.1007879,,0.0,,
1776099051.1013813,,,0.0,0.0
1776099051.1039276,,,0.0,0.0
1776099051.105222,-1.2227250616779344,,,
1776099051.1055915,,0.0,,
1776099051.106389,,,0.0,0.0
1776099051.1088862,,,0.0,0.0
1776099051.1104188,-1.2257261180477923,,,
1776099051.110753,,0.0,,
1776099051.1113842,,,0.0,0.0
1776099051.1139688,,,0.0,0.0
1776099051.1155338,-1.229503040427362,,,
1776099051.1158955,,0.0,,
1776099051.116402,,,0.0,0.0
1776099051.1189144,,,0.0,0.0
1776099051.1203945,-1.2340313100337796,,,
1776099051.120731,,0.0,,
1776099051.1214142,,,0.0,0.0
1776099051.1239355,,,0.0,0.0
1776099051.1253314,-1.241851025256456,,,
1776099051.125866,,0.0,,
1776099051.1264143,,,0.0,0.0
1776099051.1288946,,,0.0,0.0
1776099051.1308944,-1.2502107888497378,,,
1776099051.1312218,,0.0,,
1776099051.1314096,,,0.0,0.0
1776099051.133937,,,0.0,0.0
1776099051.135563,-1.2572510191458235,,,
1776099051.135858,,0.0,,
1776099051.1363957,,,0.0,0.0
1776099051.138881,,,0.0,0.0
1776099051.1402295,-1.2628807432871696,,,
1776099051.1408253,,0.0,,
1776099051.1413794,,,0.0,0.0
1776099051.1438746,,,0.0,0.0
1776099051.1452236,-1.2673326954443758,,,
1776099051.1455112,,0.0,,
1776099051.1463778,,,0.0,0.0
1776099051.148897,,,0.0,0.0
1776099051.1503975,-1.269928303232179,,,
1776099051.1507185,,0.0,,
1776099051.1515856,,,0.0,0.0
1776099051.1539688,,,0.0,0.0
1776099051.1553156,-1.2716920800312939,,,
1776099051.1556973,,0.0,,
1776099051.1563876,,,0.0,0.0
1776099051.1588986,,,0.0,0.0
1776099051.1601722,-1.2736740218149438,,,
1776099051.160549,,0.0,,
1776099051.1613848,,,0.0,0.0
1776099051.163888,,,0.0,0.0
1776099051.165255,-1.276026458215514,,,
1776099051.1656237,,0.0,,
1776099051.1663764,,,0.0,0.0
1776099051.168894,,,0.0,0.0
1776099051.1704483,-1.2789626688993405,,,
1776099051.1707969,,0.0,,
1776099051.171378,,,0.0,0.0
1776099051.1738915,,,0.0,0.0
1776099051.175276,-1.2826589408050089,,,
1776099051.1757994,,0.0,,
1776099051.1763756,,,0.0,0.0
1776099051.1788912,,,0.0,0.0
1776099051.1801765,-1.2869015863419335,,,
1776099051.1805766,,0.0,,
1776099051.1814113,,,0.0,0.0
1776099051.1839242,,,0.0,0.0
1776099051.185271,-1.2910049061918474,,,
1776099051.1856186,,0.0,,
1776099051.186393,,,0.0,0.0
1776099051.1888826,,,0.0,0.0
1776099051.1902382,-1.2946386512682198,,,
1776099051.190596,,0.0,,
1776099051.1913657,,,0.0,0.0
1776099051.1938899,,,0.0,0.0
1776099051.195256,-1.2974149150849286,,,
1776099051.195582,,0.0,,
1776099051.1963983,,,0.0,0.0
1776099051.1988854,,,0.0,0.0
1776099051.2007596,-1.2996822520497786,,,
1776099051.2011013,,0.0,,
1776099051.201401,,,0.0,0.0
1776099051.203916,,,0.0,0.0
1776099051.2053542,-1.3027190691597201,,,
1776099051.205651,,0.0,,
1776099051.206384,,,0.0,0.0
1776099051.2088945,,,0.0,0.0
1776099051.2103744,-1.3066657492008706,,,
1776099051.210866,,0.0,,
1776099051.2114155,,,0.0,0.0
1776099051.2139535,,,0.0,0.0
1776099051.2152343,-1.3104487250918848,,,
1776099051.2156935,,0.0,,
1776099051.2163901,,,0.0,0.0
1776099051.2189112,,,0.0,0.0
1776099051.2203302,-1.3134486621738826,,,
1776099051.2207153,,0.0,,
1776099051.221393,,,0.0,0.0
1776099051.2238927,,,0.0,0.0
1776099051.2254367,-1.316046858433436,,,
1776099051.2257988,,0.0,,
1776099051.2263806,,,0.0,0.0
1776099051.2288792,,,0.0,0.0
1776099051.2302465,-1.3171702586210292,,,
1776099051.2307413,,0.0,,
1776099051.2313697,,,0.0,0.0
1776099051.2338834,,,0.0,0.0
1776099051.2352228,-1.3171792817418764,,,
1776099051.2355702,,0.0,,
1776099051.2363873,,,0.0,0.0
1776099051.2389212,,,0.0,0.0
1776099051.2409482,-1.3173121293405567,,,
1776099051.241523,,0.0,,
1776099051.2416174,,,0.0,0.0
1776099051.2439325,,,0.0,0.0
1776099051.2454414,-1.318676294536091,,,
1776099051.2457957,,0.0,,
1776099051.2464025,,,0.0,0.0
1776099051.2488828,,,0.0,0.0
1776099051.2501903,-1.3203663660783889,,,
1776099051.25055,,0.0,,
1776099051.2513697,,,0.0,0.0
1776099051.2539277,,,0.0,0.0
1776099051.255549,-1.322105883822977,,,
1776099051.255838,,0.0,,
1776099051.2563777,,,0.0,0.0
1776099051.2588983,,,0.0,0.0
1776099051.2603948,-1.3235009131816582,,,
1776099051.260717,,0.0,,
1776099051.261381,,,0.0,0.0
1776099051.2638853,,,0.0,0.0
1776099051.265546,-1.3246890975583099,,,
1776099051.2659292,,0.0,,
1776099051.26638,,,0.0,0.0
1776099051.2689161,,,0.0,0.0
1776099051.270377,-1.325799220354595,,,
1776099051.2706144,,0.0,,
1776099051.2714272,,,0.0,0.0
1776099051.2739253,,,0.0,0.0
1776099051.2753603,-1.3268914437250137,,,
1776099051.2757466,,0.0,,
1776099051.276394,,,0.0,0.0
1776099051.278897,,,0.0,0.0
1776099051.280228,-1.328363750613676,,,
1776099051.2807992,,0.0,,
1776099051.281372,,,0.0,0.0
1776099051.283898,,,0.0,0.0
1776099051.285382,-1.3297401618035443,,,
1776099051.2857463,,0.0,,
1776099051.286376,,,0.0,0.0
1776099051.2889113,,,0.0,0.0
1776099051.2903218,-1.3309877196083089,,,
1776099051.2907047,,0.0,,
1776099051.291394,,,0.0,0.0
1776099051.2939055,,,0.0,0.0
1776099051.2953827,-1.3318998315214219,,,
1776099051.2956293,,0.0,,
1776099051.296404,,,0.0,0.0
1776099051.298917,,,0.0,0.0
1776099051.3004253,-1.332506943310087,,,
1776099051.3008044,,0.0,,
1776099051.3014154,,,0.0,0.0
1776099051.3039312,,,0.0,0.0
1776099051.3053703,-1.3362128842218393,,,
1776099051.305775,,0.0,,
1776099051.3063967,,,0.0,0.0
1776099051.3088894,,,0.0,0.0
1776099051.3102212,-1.3461484757237228,,,
1776099051.3108008,,0.0,,
1776099051.3113902,,,0.0,0.0
1776099051.3138835,,,0.0,0.0
1776099051.3153317,-1.3481030621034027,,,
1776099051.3155375,,0.0,,
1776099051.3163795,,,0.0,0.0
1776099051.3189108,,,0.0,0.0
1776099051.3206205,-1.3506431831345873,,,
1776099051.3210225,,0.0,,
1776099051.3214018,,,0.0,0.0
1776099051.323911,,,0.0,0.0
1776099051.325319,-1.3535378486998229,,,
1776099051.3256857,,0.0,,
1776099051.3264,,,0.0,0.0
1776099051.328913,,,0.0,0.0
1776099051.3303337,-1.3542494678009205,,,
1776099051.330823,,0.0,,
1776099051.331419,,,0.0,0.0
1776099051.3339236,,,0.0,0.0
1776099051.3353078,-1.3609410865022593,,,
1776099051.3356316,,0.0,,
1776099051.3364089,,,0.0,0.0
1776099051.3388903,,,0.0,0.0
1776099051.3402407,-1.358598494404028,,,
1776099051.3406537,,0.0,,
1776099051.3413932,,,0.0,0.0
1776099051.34389,,,0.0,0.0
1776099051.3452225,-1.3578397142750653,,,
1776099051.34564,,0.0,,
1776099051.3463764,,,0.0,0.0
1776099051.3489058,,,0.0,0.0
1776099051.350262,-1.3588901871553059,,,
1776099051.350708,,0.0,,
1776099051.3513901,,,0.0,0.0
1776099051.3538995,,,0.0,0.0
1776099051.3555567,-1.3602488175128526,,,
1776099051.3558457,,0.0,,
1776099051.356399,,,0.0,0.0
1776099051.3589113,,,0.0,0.0
1776099051.3603075,-1.3617642068563953,,,
1776099051.3607135,,0.0,,
1776099051.361422,,,0.0,0.0
1776099051.3639252,,,0.0,0.0
1776099051.3658018,-1.3639163587506224,,,
1776099051.3662884,,0.0,,
1776099051.3663626,,,0.0,0.0
1776099051.3689086,,,0.0,0.0
1776099051.370459,-1.3650885603367937,,,
1776099051.370815,,0.0,,
1776099051.3713775,,,0.0,0.0
1776099051.3738897,,,0.0,0.0
1776099051.3752513,-1.3641042704970523,,,
1776099051.375942,,0.0,,
1776099051.376398,,,0.0,0.0
1776099051.3788877,,,0.0,0.0
1776099051.3802564,-1.3623672682057653,,,
1776099051.3806756,,0.0,,
1776099051.381381,,,0.0,0.0
1776099051.3838894,,,0.0,0.0
1776099051.3852289,-1.3594068276670788,,,
1776099051.385554,,0.0,,
1776099051.3863852,,,0.0,0.0
1776099051.3889077,,,0.0,0.0
1776099051.3904576,-1.3564942113505012,,,
1776099051.3905692,,0.0,,
1776099051.3914297,,,0.0,0.0
1776099051.3939242,,,0.0,0.0
1776099051.3952868,-1.3543091041654185,,,
1776099051.3956144,,0.0,,
1776099051.3963914,,,0.0,0.0
1776099051.398893,,,0.0,0.0
1776099051.4002645,-1.353016240608346,,,
1776099051.4005537,,0.0,,
1776099051.4013822,,,0.0,0.0
1776099051.403888,,,0.0,0.0
1776099051.4052494,-1.352582045977185,,,
1776099051.405633,,0.0,,
1776099051.4063878,,,0.0,0.0
1776099051.4089158,,,0.0,0.0
1776099051.4105356,-1.3529312007226002,,,
1776099051.4110641,,0.0,,
1776099051.4114237,,,0.0,0.0
1776099051.4139235,,,0.0,0.0
1776099051.4155514,-1.3535645383725827,,,
1776099051.4158986,,0.0,,
1776099051.4164371,,,0.0,0.0
1776099051.4189723,,,0.0,0.0
1776099051.4205594,-1.3541006325084972,,,
1776099051.4207792,,0.0,,
1776099051.4214325,,,0.0,0.0
1776099051.4239275,,,0.0,0.0
1776099051.4252906,-1.354121109426299,,,
1776099051.4257662,,0.0,,
1776099051.426406,,,0.0,0.0
1776099051.4288914,,,0.0,0.0
1776099051.43035,-1.3537016970222162,,,
1776099051.4307797,,0.0,,
1776099051.4313743,,,0.0,0.0
1776099051.4338713,,,0.0,0.0
1776099051.4353666,-1.352861395229282,,,
1776099051.4356835,,0.0,,
1776099051.4363708,,,0.0,0.0
1776099051.4389057,,,0.0,0.0
1776099051.4405067,-1.3517813985905875,,,
1776099051.44084,,0.0,,
1776099051.4414024,,,0.0,0.0
1776099051.4438996,,,0.0,0.0
1776099051.4455218,-1.3506386475507386,,,
1776099051.4458454,,0.0,,
1776099051.4464045,,,0.0,0.0
1776099051.4489095,,,0.0,0.0
1776099051.4506142,-1.349887456257544,,,
1776099051.4509387,,0.0,,
1776099051.451514,,,0.0,0.0
1776099051.4539702,,,0.0,0.0
1776099051.4555893,-1.3495776413131952,,,
1776099051.4563763,,0.0,,
1776099051.4564364,,,0.0,0.0
1776099051.4588902,,,0.0,0.0
1776099051.4604733,-1.3496581706961774,,,
1776099051.4608517,,0.0,,
1776099051.4613862,,,0.0,0.0
1776099051.4638796,,,0.0,0.0
1776099051.4652748,-1.3499525304119473,,,
1776099051.4656491,,0.0,,
1776099051.4663844,,,0.0,0.0
1776099051.4688976,,,0.0,0.0
1776099051.470183,-1.3502323060093773,,,
1776099051.4705584,,0.0,,
1776099051.471374,,,0.0,0.0
1776099051.4738843,,,0.0,0.0
1776099051.4754262,-1.3502894162903305,,,
1776099051.4757662,,0.0,,
1776099051.4763877,,,0.0,0.0
1776099051.478911,,,0.0,0.0
1776099051.4803872,-1.3501269036632848,,,
1776099051.4806635,,0.0,,
1776099051.481426,,,0.0,0.0
1776099051.483926,,,0.0,0.0
1776099051.4854493,-1.3496207388010228,,,
1776099051.485901,,0.0,,
1776099051.4863994,,,0.0,0.0
1776099051.4888847,,,0.0,0.0
1776099051.4902058,-1.3489176658406494,,,
1776099051.490435,,0.0,,
1776099051.4913847,,,0.0,0.0
1776099051.4939063,,,0.0,0.0
1776099051.4953692,-1.3484030424590143,,,
1776099051.4957006,,0.0,,
1776099051.4963632,,,0.0,0.0
1776099051.49889,,,0.0,0.0
1776099051.5004401,-1.3479956371104451,,,
1776099051.5007677,,0.0,,
1776099051.5013714,,,0.0,0.0
1776099051.5038915,,,0.0,0.0
1776099051.5053847,-1.3477221391985754,,,
1776099051.5057225,,0.0,,
1776099051.506369,,,0.0,0.0
1776099051.508906,,,0.0,0.0
1776099051.510242,-1.3477054631802086,,,
1776099051.5106852,,0.0,,
1776099051.5114388,,,0.0,0.0
1776099051.5139275,,,0.0,0.0
1776099051.5159912,-1.3478067645760414,,,
1776099051.5164711,,0.0,,
1776099051.516549,,,0.0,0.0
1776099051.5189166,,,0.0,0.0
1776099051.5202568,-1.347734372219901,,,
1776099051.5206122,,0.0,,
1776099051.5213869,,,0.0,0.0
1776099051.5238872,,,0.0,0.0
1776099051.5253189,-1.3475737933668577,,,
1776099051.5255373,,0.0,,
1776099051.5263865,,,0.0,0.0
1776099051.5288944,,,0.0,0.0
1776099051.5303655,-1.3473771510652883,,,
1776099051.530722,,0.0,,
1776099051.5314002,,,0.0,0.0
1776099051.5339015,,,0.0,0.0
1776099051.5355268,-1.347057628563012,,,
1776099051.536092,,0.0,,
1776099051.537286,,,0.0,0.0
1776099051.5389373,,,0.0,0.0
1776099051.5406635,-1.3465695171497354,,,
1776099051.5409055,,0.0,,
1776099051.5414202,,,0.0,0.0
1776099051.5439196,,,0.0,0.0
1776099051.545259,-1.3461972629277887,,,
1776099051.545575,,0.0,,
1776099051.5463843,,,0.0,0.0
1776099051.5488882,,,0.0,0.0
1776099051.5502124,-1.3458427631805934,,,
1776099051.5505507,,0.0,,
1776099051.5513823,,,0.0,0.0
1776099051.5538845,,,0.0,0.0
1776099051.555232,-1.3454956832270526,,,
1776099051.5554645,,0.0,,
1776099051.556384,,,0.0,0.0
1776099051.558888,,,0.0,0.0
1776099051.5602534,-1.345108130155326,,,
1776099051.5605886,,0.0,,
1776099051.5613935,,,0.0,0.0
1776099051.563908,,,0.0,0.0
1776099051.5655494,-1.344848384093345,,,
1776099051.5658796,,0.0,,
1776099051.5664103,,,0.0,0.0
1776099051.5689366,,,0.0,0.0
1776099051.5704088,-1.3446709718937246,,,
1776099051.5707598,,0.0,,
1776099051.5714111,,,0.0,0.0
1776099051.5739083,,,0.0,0.0
1776099051.575256,-1.3444431185536172,,,
1776099051.575579,,0.0,,
1776099051.5763733,,,0.0,0.0
1776099051.578887,,,0.0,0.0
1776099051.5803273,-1.344122534323433,,,
1776099051.5809286,,0.0,,
1776099051.5814168,,,0.0,0.0
1776099051.5839045,,,0.0,0.0
1776099051.5853093,-1.3438772226345415,,,
1776099051.5856771,,0.0,,
1776099051.58644,,,0.0,0.0
1776099051.5889213,,,0.0,0.0
1776099051.5903788,-1.3436106158947771,,,
1776099051.590729,,0.0,,
1776099051.5914087,,,0.0,0.0
1776099051.5938954,,,0.0,0.0
1776099051.5953357,-1.343359649241977,,,
1776099051.595938,,0.0,,
1776099051.596395,,,0.0,0.0
1776099051.5989022,,,0.0,0.0
1776099051.6002595,-1.3432928111943767,,,
1776099051.6006668,,0.0,,
1776099051.6014097,,,0.0,0.0
1776099051.6039116,,,0.0,0.0
1776099051.6055958,-1.3431424229546765,,,
1776099051.6059163,,0.0,,
1776099051.6063979,,,0.0,0.0
1776099051.6088998,,,0.0,0.0
1776099051.6102705,-1.3432647875964272,,,
1776099051.6108289,,0.0,,
1776099051.6113896,,,0.0,0.0
1776099051.6139092,,,0.0,0.0
1776099051.6155813,-1.343484261789553,,,
1776099051.6159236,,0.0,,
1776099051.6164553,,,0.0,0.0
1776099051.618911,,,0.0,0.0
1776099051.6207206,-1.3435507818171013,,,
1776099051.6210573,,0.0,,
1776099051.6214752,,,0.0,0.0
1776099051.6238852,,,0.0,0.0
1776099051.6251855,-1.343639372121331,,,
1776099051.6254675,,0.0,,
1776099051.6263676,,,0.0,0.0
1776099051.6288857,,,0.0,0.0
1776099051.6304162,-1.3439902678539406,,,
1776099051.63073,,0.0,,
1776099051.6314,,,0.0,0.0
1776099051.6339335,,,0.0,0.0
1776099051.6353543,-1.3439638490376236,,,
1776099051.6357613,,0.0,,
1776099051.6363943,,,0.0,0.0
1776099051.6389108,,,0.0,0.0
1776099051.6403177,-1.3438787008249586,,,
1776099051.6406865,,0.0,,
1776099051.6413944,,,0.0,0.0
1776099051.6438816,,,0.0,0.0
1776099051.6452007,-1.343962357208395,,,
1776099051.645456,,0.0,,
1776099051.6463678,,,0.0,0.0
1776099051.6488795,,,0.0,0.0
1776099051.6502724,-1.3439392101005492,,,
1776099051.6507678,,0.0,,
1776099051.6513753,,,0.0,0.0
1776099051.6540196,,,0.0,0.0
1776099051.6557205,-1.3439653909099059,,,
1776099051.6563437,,0.0,,
1776099051.65637,,,0.0,0.0
1776099051.6589105,,,0.0,0.0
1776099051.6603267,-1.3440607530096786,,,
1776099051.660579,,0.0,,
1776099051.6614037,,,0.0,0.0
1776099051.6639163,,,0.0,0.0
1776099051.665219,-1.3441743655077723,,,
1776099051.665526,,0.0,,
1776099051.6663814,,,0.0,0.0
1776099051.6689022,,,0.0,0.0
1776099051.6702633,-1.344225734576366,,,
1776099051.6706169,,0.0,,
1776099051.671382,,,0.0,0.0
1776099051.6738756,,,0.0,0.0
1776099051.6752148,-1.3443689813971698,,,
1776099051.6755433,,0.0,,
1776099051.6763654,,,0.0,0.0
1776099051.6788712,,,0.0,0.0
1776099051.680302,-1.3444093679554057,,,
1776099051.6806984,,0.0,,
1776099051.6813605,,,0.0,0.0
1776099051.6838992,,,0.0,0.0
1776099051.685279,-1.3444587779153587,,,
1776099051.6856382,,0.0,,
1776099051.6863935,,,0.0,0.0
1776099051.688915,,,0.0,0.0
1776099051.6903226,-1.3444459574441538,,,
1776099051.6908355,,0.0,,
1776099051.6914308,,,0.0,0.0
1776099051.6939282,,,0.0,0.0
1776099051.6955235,-1.344416273630559,,,
1776099051.6958547,,0.0,,
1776099051.6965616,,,0.0,0.0
1776099051.698907,,,0.0,0.0
1776099051.700411,-1.3442536996529284,,,
1776099051.7007985,,0.0,,
1776099051.7014053,,,0.0,0.0
1776099051.7039018,,,0.0,0.0
1776099051.7053962,-1.344078050981061,,,
1776099051.7058375,,0.0,,
1776099051.7064016,,,0.0,0.0
1776099051.7089076,,,0.0,0.0
1776099051.7105792,-1.3439295063443444,,,
1776099051.710972,,0.0,,
1776099051.7113981,,,0.0,0.0
1776099051.7138884,,,0.0,0.0
1776099051.715543,-1.3438011222548072,,,
1776099051.7159245,,0.0,,
1776099051.7163866,,,0.0,0.0
1776099051.7188897,,,0.0,0.0
1776099051.7202146,-1.3437163125381122,,,
1776099051.7206345,,0.0,,
1776099051.721409,,,0.0,0.0
1776099051.7239408,,,0.0,0.0
1776099051.7252758,-1.3436404159296027,,,
1776099051.7257464,,0.0,,
1776099051.726391,,,0.0,0.0
1776099051.7289085,,,0.0,0.0
1776099051.7303164,-1.3435116548369035,,,
1776099051.730576,,0.0,,
1776099051.7315097,,,0.0,0.0
1776099051.733955,,,0.0,0.0
1776099051.735231,-1.3435321540601741,,,
1776099051.7355962,,0.0,,
1776099051.736387,,,0.0,0.0
1776099051.7388954,,,0.0,0.0
1776099051.740409,-1.3435314738323958,,,
1776099051.7408621,,0.0,,
1776099051.7413955,,,0.0,0.0
1776099051.7438965,,,0.0,0.0
1776099051.7452297,-1.3434148854864083,,,
1776099051.7455554,,0.0,,
1776099051.7463825,,,0.0,0.0
1776099051.7488968,,,0.0,0.0
1776099051.750339,-1.343437649540653,,,
1776099051.7506638,,0.0,,
1776099051.7514706,,,0.0,0.0
1776099051.753922,,,0.0,0.0
1776099051.7553043,-1.343486793092569,,,
1776099051.755645,,0.0,,
1776099051.7563984,,,0.0,0.0
1776099051.758909,,,0.0,0.0
1776099051.7604067,-1.3433940787831808,,,
1776099051.7609003,,0.0,,
1776099051.7614036,,,0.0,0.0
1776099051.7638855,,,0.0,0.0
1776099051.7655427,-1.3434461491415401,,,
1776099051.7658322,,0.0,,
1776099051.7663877,,,0.0,0.0
1776099051.7688937,,,0.0,0.0
1776099051.770183,-1.343607466704907,,,
1776099051.7705445,,0.0,,
1776099051.7713857,,,0.0,0.0
1776099051.7739491,,,0.0,0.0
1776099051.7755725,-1.3436413694862672,,,
1776099051.7760968,,0.0,,
1776099051.7763896,,,0.0,0.0
1776099051.7789075,,,0.0,0.0
1776099051.7802503,-1.343714756784558,,,
1776099051.780739,,0.0,,
1776099051.781403,,,0.0,0.0
1776099051.7839196,,,0.0,0.0
1776099051.7852352,-1.3438720509459678,,,
1776099051.785591,,0.0,,
1776099051.7863731,,,0.0,0.0
1776099051.7888708,,,0.0,0.0
1776099051.7904074,-1.3439638437665824,,,
1776099051.7907412,,0.0,,
1776099051.7913685,,,0.0,0.0
1776099051.793876,,,0.0,0.0
1776099051.7952235,-1.343977552803666,,,
1776099051.7955666,,0.0,,
1776099051.7963817,,,0.0,0.0
1776099051.7988975,,,0.0,0.0
1776099051.8004034,-1.3439687388148454,,,
1776099051.8008418,,0.0,,
1776099051.801389,,,0.0,0.0
1776099051.8038924,,,0.0,0.0
1776099051.8052044,-1.343871512966943,,,
1776099051.8055415,,0.0,,
1776099051.8064613,,,0.0,0.0
1776099051.8089073,,,0.0,0.0
1776099051.810278,-1.3437468850836936,,,
1776099051.8106458,,0.0,,
1776099051.8114579,,,0.0,0.0
1776099051.8139555,,,0.0,0.0
1776099051.815307,-1.3436641467717552,,,
1776099051.8158085,,0.0,,
1776099051.8163984,,,0.0,0.0
1776099051.8188834,,,0.0,0.0
1776099051.8203123,-1.3436380794010716,,,
1776099051.820645,,0.0,,
1776099051.821391,,,0.0,0.0
1776099051.823901,,,0.0,0.0
1776099051.8252492,-1.343765107631557,,,
1776099051.8256493,,0.0,,
1776099051.8263755,,,0.0,0.0
1776099051.8288941,,,0.0,0.0
1776099051.830236,-1.3438435416737395,,,
1776099051.8306704,,0.0,,
1776099051.831376,,,0.0,0.0
1776099051.8339071,,,0.0,0.0
1776099051.8352914,-1.343946460008421,,,
1776099051.8356674,,0.0,,
1776099051.8364246,,,0.0,0.0
1776099051.838937,,,0.0,0.0
1776099051.8404112,-1.3439950296153786,,,
1776099051.8409455,,0.0,,
1776099051.841453,,,0.0,0.0
1776099051.8439536,,,0.0,0.0
1776099051.845462,-1.343931668554233,,,
1776099051.846022,,0.0,,
1776099051.8464222,,,0.0,0.0
1776099051.8489041,,,0.0,0.0
1776099051.8507683,-1.3437978750026591,,,
1776099051.8510785,,0.0,,
1776099051.8514287,,,0.0,0.0
1776099051.8538942,,,0.0,0.0
1776099051.8553221,-1.3438229531244426,,,
1776099051.855746,,0.0,,
1776099051.856387,,,0.0,0.0
1776099051.8588912,,,0.0,0.0
1776099051.860242,-1.3437532007260133,,,
1776099051.8605585,,0.0,,
1776099051.861371,,,0.0,0.0
1776099051.8638911,,,0.0,0.0
1776099051.8654008,-1.3437220595112758,,,
1776099051.8656595,,0.0,,
1776099051.8663893,,,0.0,0.0
1776099051.8688955,,,0.0,0.0
1776099051.870839,-1.3438087015350577,,,
1776099051.8715289,,0.0,,
1776099051.8715782,,,0.0,0.0
1776099051.873931,,,0.0,0.0
1776099051.8753557,-1.343769789977892,,,
1776099051.8758626,,0.0,,
1776099051.8765137,,,0.0,0.0
1776099051.8789499,,,0.0,0.0
1776099051.8805501,-1.3436202321655788,,,
1776099051.8808732,,0.0,,
1776099051.881398,,,0.0,0.0
1776099051.883915,,,0.0,0.0
1776099051.8852682,-1.343540785123667,,,
1776099051.8856578,,0.0,,
1776099051.8863995,,,0.0,0.0
1776099051.8889031,,,0.0,0.0
1776099051.890709,-1.3434455288946276,,,
1776099051.891048,,0.0,,
1776099051.8914242,,,0.0,0.0
1776099051.8939128,,,0.0,0.0
1776099051.8953285,-1.3432240232909018,,,
1776099051.8957403,,0.0,,
1776099051.896381,,,0.0,0.0
1776099051.8988843,,,0.0,0.0
1776099051.9007545,-1.3431415279444288,,,
1776099051.9010596,,0.0,,
1776099051.901583,,,0.0,0.0
1776099051.9039536,,,0.0,0.0
1776099051.905315,-1.3430594922484873,,,
1776099051.9056766,,0.0,,
1776099051.9064023,,,0.0,0.0
1776099051.908902,,,0.0,0.0
1776099051.9105318,-1.3430145238658289,,,
1776099051.9109082,,0.0,,
1776099051.9114065,,,0.0,0.0
1776099051.913901,,,0.0,0.0
1776099051.915478,-1.3430165075498979,,,
1776099051.9158833,,0.0,,
1776099051.9165456,,,0.0,0.0
1776099051.9188905,,,0.0,0.0
1776099051.9204552,-1.3431615289326113,,,
1776099051.920855,,0.0,,
1776099051.9213848,,,0.0,0.0
1776099051.9238935,,,0.0,0.0
1776099051.9253654,-1.3433471688865912,,,
1776099051.9256506,,0.0,,
1776099051.9264128,,,0.0,0.0
1776099051.9289167,,,0.0,0.0
1776099051.9304745,-1.3435205550857587,,,
1776099051.9305906,,0.0,,
1776099051.931427,,,0.0,0.0
1776099051.933928,,,0.0,0.0
1776099051.9353807,-1.3435799315008088,,,
1776099051.935815,,0.0,,
1776099051.9363995,,,0.0,0.0
1776099051.938887,,,0.0,0.0
1776099051.9402506,-1.3436601301112938,,,
1776099051.9408286,,0.0,,
1776099051.9413848,,,0.0,0.0
1776099051.9438932,,,0.0,0.0
1776099051.9459486,-1.3437246941826007,,,
1776099051.9465294,,0.0,,
1776099051.9465854,,,0.0,0.0
1776099051.9489067,,,0.0,0.0
1776099051.9502838,-1.3436430181873849,,,
1776099051.9506848,,0.0,,
1776099051.9513865,,,0.0,0.0
1776099051.9538956,,,0.0,0.0
1776099051.9553494,-1.3436724008878078,,,
1776099051.9559739,,0.0,,
1776099051.9563813,,,0.0,0.0
1776099051.9589314,,,0.0,0.0
1776099051.960263,-1.343721881434197,,,
1776099051.9606817,,0.0,,
1776099051.9614053,,,0.0,0.0
1776099051.9639223,,,0.0,0.0
1776099051.9657302,-1.3436453320272206,,,
1776099051.966051,,0.0,,
1776099051.966822,,,0.0,0.0
1776099051.968881,,,0.0,0.0
1776099051.9702652,-1.3434989019148675,,,
1776099051.970623,,0.0,,
1776099051.971401,,,0.0,0.0
1776099051.9738977,,,0.0,0.0
1776099051.9754002,-1.3434104752389342,,,
1776099051.9757192,,0.0,,
1776099051.976382,,,0.0,0.0
1776099051.978882,,,0.0,0.0
1776099051.9802837,-1.3433041631977696,,,
1776099051.980936,,0.0,,
1776099051.9813826,,,0.0,0.0
1776099051.9838793,,,0.0,0.0
1776099051.9853458,-1.3432309024550761,,,
1776099051.9856942,,0.0,,
1776099051.9863856,,,0.0,0.0
1776099051.988916,,,0.0,0.0
1776099051.9906192,-1.3431753678304672,,,
1776099051.9906833,,0.0,,
1776099051.9914272,,,0.0,0.0
1776099051.993918,,,0.0,0.0
1776099051.995615,-1.3431105360165976,,,
1776099051.995675,,0.0,,
1776099051.9963999,,,0.0,0.0
1776099051.9988809,,,0.0,0.0
1776099052.0002155,-1.343059976179177,,,
1776099052.0006728,,0.0,,
1776099052.001385,,,0.0,0.0
1776099052.0038939,,,0.0,0.0
1776099052.005241,-1.342981567449149,,,
1776099052.005563,,0.0,,
1776099052.0063925,,,0.0,0.0
1776099052.0088806,,,0.0,0.0
1776099052.0103357,-1.3429664363586333,,,
1776099052.0105946,,0.0,,
1776099052.0113804,,,0.0,0.0
1776099052.0139153,,,0.0,0.0
1776099052.0152354,-1.343070723326483,,,
1776099052.0156326,,0.0,,
1776099052.0163784,,,0.0,0.0
1776099052.0188982,,,0.0,0.0
1776099052.0202377,-1.3432031962770132,,,
1776099052.0206776,,0.0,,
1776099052.0214348,,,0.0,0.0
1776099052.023932,,,0.0,0.0
1776099052.0253093,-1.3433677323123445,,,
1776099052.025685,,0.0,,
1776099052.0263813,,,0.0,0.0
1776099052.028885,,,0.0,0.0
1776099052.0302393,-1.343572906238725,,,
1776099052.030616,,0.0,,
1776099052.031372,,,0.0,0.0
1776099052.033873,,,0.0,0.0
1776099052.035206,-1.3436589694051226,,,
1776099052.03553,,0.0,,
1776099052.0363867,,,0.0,0.0
1776099052.03891,,,0.0,0.0
1776099052.040834,-1.3436869650860312,,,
1776099052.0414433,,0.0,,
1776099052.0414708,,,0.0,0.0
1776099052.0439305,,,0.0,0.0
1776099052.045369,-1.3438192826513273,,,
1776099052.0457246,,0.0,,
1776099052.0464,,,0.0,0.0
1776099052.0489013,,,0.0,0.0
1776099052.0503664,-1.3439313436994962,,,
1776099052.05075,,0.0,,
1776099052.0513954,,,0.0,0.0
1776099052.0539095,,,0.0,0.0
1776099052.0552385,-1.3441311651973973,,,
1776099052.055637,,0.0,,
1776099052.0563877,,,0.0,0.0
1776099052.0589151,,,0.0,0.0
1776099052.0602765,-1.3443958778989304,,,
1776099052.0606215,,0.0,,
1776099052.0614004,,,0.0,0.0
1776099052.0639086,,,0.0,0.0
1776099052.0654032,-1.3446096720302234,,,
1776099052.0658355,,0.0,,
1776099052.0664117,,,0.0,0.0
1776099052.0689065,,,0.0,0.0
1776099052.0703034,-1.3448080310806234,,,
1776099052.0706291,,0.0,,
1776099052.0714076,,,0.0,0.0
1776099052.0738971,,,0.0,0.0
1776099052.0754662,-1.3450264011497093,,,
1776099052.0758474,,0.0,,
1776099052.0763938,,,0.0,0.0
1776099052.0789032,,,0.0,0.0
1776099052.080276,-1.3451284286551668,,,
1776099052.0806537,,0.0,,
1776099052.0813992,,,0.0,0.0
1776099052.0839176,,,0.0,0.0
1776099052.085526,-1.345165287565303,,,
1776099052.0858147,,0.0,,
1776099052.0863726,,,0.0,0.0
1776099052.0888877,,,0.0,0.0
1776099052.0904033,-1.3451732777319738,,,
1776099052.090909,,0.0,,
1776099052.091393,,,0.0,0.0
1776099052.0938888,,,0.0,0.0
1776099052.095401,-1.3451923334465337,,,
1776099052.0957875,,0.0,,
1776099052.0963798,,,0.0,0.0
1776099052.0989225,,,0.0,0.0
1776099052.100343,-1.3449352211773473,,,
1776099052.1007075,,0.0,,
1776099052.1014059,,,0.0,0.0
1776099052.1039042,,,0.0,0.0
1776099052.1053386,-1.3446450701289463,,,
1776099052.1055562,,0.0,,
1776099052.106408,,,0.0,0.0
1776099052.1088984,,,0.0,0.0
1776099052.1104214,-1.3445577034298062,,,
1776099052.110625,,0.0,,
1776099052.1114037,,,0.0,0.0
1776099052.1139119,,,0.0,0.0
1776099052.1152184,-1.3446160156510834,,,
1776099052.1155295,,0.0,,
1776099052.1163833,,,0.0,0.0
1776099052.1188924,,,0.0,0.0
1776099052.1203063,-1.3446107099398543,,,
1776099052.1205926,,0.0,,
1776099052.1213708,,,0.0,0.0
1776099052.1238797,,,0.0,0.0
1776099052.125179,-1.3448078900696332,,,
1776099052.1254425,,0.0,,
1776099052.1263618,,,0.0,0.0
1776099052.128875,,,0.0,0.0
1776099052.1301794,-1.3449830132978164,,,
1776099052.130453,,0.0,,
1776099052.1313608,,,0.0,0.0
1776099052.1338735,,,0.0,0.0
1776099052.1351793,-1.344997167888471,,,
1776099052.1355314,,0.0,,
1776099052.1363559,,,0.0,0.0
1776099052.1389036,,,0.0,0.0
1776099052.1403725,-1.3448854748951513,,,
1776099052.1409478,,0.0,,
1776099052.141416,,,0.0,0.0
1776099052.143912,,,0.0,0.0
1776099052.1452918,-1.3446182896266925,,,
1776099052.1457658,,0.0,,
1776099052.1463842,,,0.0,0.0
1776099052.1488957,,,0.0,0.0
1776099052.1502943,-1.344444537682883,,,
1776099052.1505558,,0.0,,
1776099052.1513786,,,0.0,0.0
1776099052.1540291,,,0.0,0.0
1776099052.1558404,-1.3444098513974516,,,
1776099052.1559465,,0.0,,
1776099052.156681,,,0.0,0.0
1776099052.1588995,,,0.0,0.0
1776099052.1601746,-1.3443671920417157,,,
1776099052.1606176,,0.0,,
1776099052.16136,,,0.0,0.0
1776099052.1638718,,,0.0,0.0
1776099052.1651645,-1.3444111307370077,,,
1776099052.1654131,,0.0,,
1776099052.1663666,,,0.0,0.0
1776099052.1688879,,,0.0,0.0
1776099052.1702065,-1.3446153046309661,,,
1776099052.1704452,,0.0,,
1776099052.1713939,,,0.0,0.0
1776099052.1738973,,,0.0,0.0
1776099052.1752846,-1.344791371453602,,,
1776099052.1756747,,0.0,,
1776099052.1763616,,,0.0,0.0
1776099052.1788917,,,0.0,0.0
1776099052.180556,-1.3448733254040177,,,
1776099052.1808908,,0.0,,
1776099052.1813786,,,0.0,0.0
1776099052.1838758,,,0.0,0.0
1776099052.1852036,-1.3449375035881603,,,
1776099052.185534,,0.0,,
1776099052.186367,,,0.0,0.0
1776099052.188906,,,0.0,0.0
1776099052.1902783,-1.3449359725060572,,,
1776099052.1906772,,0.0,,
1776099052.191395,,,0.0,0.0
1776099052.1939151,,,0.0,0.0
1776099052.1953387,-1.345015465320365,,,
1776099052.1958554,,0.0,,
1776099052.1964056,,,0.0,0.0
1776099052.1989214,,,0.0,0.0
1776099052.2002962,-1.3449977377146576,,,
1776099052.2008038,,0.0,,
1776099052.2014005,,,0.0,0.0
1776099052.2039464,,,0.0,0.0
1776099052.2057307,-1.3449717493359932,,,
1776099052.2060425,,0.0,,
1776099052.2064068,,,0.0,0.0
1776099052.2088726,,,0.0,0.0
1776099052.2102344,-1.3451257029576207,,,
1776099052.210558,,0.0,,
1776099052.2113554,,,0.0,0.0
1776099052.2138894,,,0.0,0.0
1776099052.2151775,-1.3451928528502886,,,
1776099052.2154367,,0.0,,
1776099052.216375,,,0.0,0.0
1776099052.2189045,,,0.0,0.0
1776099052.2202744,-1.345104846337369,,,
1776099052.2207317,,0.0,,
1776099052.2214038,,,0.0,0.0
1776099052.2239268,,,0.0,0.0
1776099052.225297,-1.345098458439392,,,
1776099052.225681,,0.0,,
1776099052.2263913,,,0.0,0.0
1776099052.2289147,,,0.0,0.0
1776099052.230423,-1.3450765389477508,,,
1776099052.2308,,0.0,,
1776099052.2314148,,,0.0,0.0
1776099052.2339118,,,0.0,0.0
1776099052.2352426,-1.3448713137338344,,,
1776099052.2357914,,0.0,,
1776099052.2363882,,,0.0,0.0
1776099052.238896,,,0.0,0.0
1776099052.2402403,-1.3448479233713244,,,
1776099052.240564,,0.0,,
1776099052.2413816,,,0.0,0.0
1776099052.2438943,,,0.0,0.0
1776099052.2452314,-1.344785924274088,,,
1776099052.2456524,,0.0,,
1776099052.24637,,,0.0,0.0
1776099052.2489018,,,0.0,0.0
1776099052.2502184,-1.3448085077144574,,,
1776099052.250627,,0.0,,
1776099052.2513862,,,0.0,0.0
1776099052.2539043,,,0.0,0.0
1776099052.2558417,-1.3449219264449304,,,
1776099052.2564769,,0.0,,
1776099052.256564,,,0.0,0.0
1776099052.2589223,,,0.0,0.0
1776099052.2603798,-1.3449988739261476,,,
1776099052.2607667,,0.0,,
1776099052.2614212,,,0.0,0.0
1776099052.2639165,,,0.0,0.0
1776099052.265524,-1.3449202044340274,,,
1776099052.2658567,,0.0,,
1776099052.266401,,,0.0,0.0
1776099052.2689183,,,0.0,0.0
1776099052.270244,-1.3448241699379462,,,
1776099052.2705717,,0.0,,
1776099052.2713852,,,0.0,0.0
1776099052.273893,,,0.0,0.0
1776099052.275233,-1.3447157036457007,,,
1776099052.2756763,,0.0,,
1776099052.2763762,,,0.0,0.0
1776099052.2789023,,,0.0,0.0
1776099052.2802093,-1.3444701731740123,,,
1776099052.2805426,,0.0,,
1776099052.2813706,,,0.0,0.0
1776099052.2838783,,,0.0,0.0
1776099052.2852576,-1.3443570963584173,,,
1776099052.285649,,0.0,,
1776099052.2863703,,,0.0,0.0
1776099052.2888863,,,0.0,0.0
1776099052.2905447,-1.3443687321208684,,,
1776099052.2909007,,0.0,,
1776099052.291422,,,0.0,0.0
1776099052.293932,,,0.0,0.0
1776099052.2954025,-1.3444861256308012,,,
1776099052.2956316,,0.0,,
1776099052.2964153,,,0.0,0.0
1776099052.2989104,,,0.0,0.0
1776099052.300392,-1.3446137385464092,,,
1776099052.3007622,,0.0,,
1776099052.3013825,,,0.0,0.0
1776099052.3038886,,,0.0,0.0
1776099052.3052235,-1.344753758240674,,,
1776099052.3055406,,0.0,,
1776099052.3063865,,,0.0,0.0
1776099052.30889,,,0.0,0.0
1776099052.310274,-1.3447938235658583,,,
1776099052.3109198,,0.0,,
1776099052.3114023,,,0.0,0.0
1776099052.3140478,,,0.0,0.0
1776099052.3155413,-1.3447516594026652,,,
1776099052.3159041,,0.0,,
1776099052.3164084,,,0.0,0.0
1776099052.3189213,,,0.0,0.0
1776099052.3204055,-1.3447188097201694,,,
1776099052.3207788,,0.0,,
1776099052.3213954,,,0.0,0.0
1776099052.3238955,,,0.0,0.0
1776099052.325317,-1.3446133810155227,,,
1776099052.325615,,0.0,,
1776099052.3263648,,,0.0,0.0
1776099052.3288786,,,0.0,0.0
1776099052.3301818,-1.344491613757579,,,
1776099052.3304322,,0.0,,
1776099052.3313901,,,0.0,0.0
1776099052.3338857,,,0.0,0.0
1776099052.3352435,-1.3443895815233908,,,
1776099052.3355494,,0.0,,
1776099052.3363783,,,0.0,0.0
1776099052.3389044,,,0.0,0.0
1776099052.3404226,-1.3443975602481157,,,
1776099052.3406537,,0.0,,
1776099052.3413947,,,0.0,0.0
1776099052.3438964,,,0.0,0.0
1776099052.3453507,-1.3443439316421983,,,
1776099052.345741,,0.0,,
1776099052.346399,,,0.0,0.0
1776099052.3489199,,,0.0,0.0
1776099052.3505726,-1.3443025098817547,,,
1776099052.3509507,,0.0,,
1776099052.3514087,,,0.0,0.0
1776099052.3539119,,,0.0,0.0
1776099052.3558214,-1.3444037654444525,,,
1776099052.3560553,,0.0,,
1776099052.3564138,,,0.0,0.0
1776099052.3589716,,,0.0,0.0
1776099052.3602688,-1.3445486046326378,,,
1776099052.3606164,,0.0,,
1776099052.3614066,,,0.0,0.0
1776099052.363907,,,0.0,0.0
1776099052.3653843,-1.3446549439641327,,,
1776099052.3657646,,0.0,,
1776099052.3664074,,,0.0,0.0
1776099052.3689744,,,0.0,0.0
1776099052.3704014,-1.3448391672864892,,,
1776099052.3706343,,0.0,,
1776099052.3713744,,,0.0,0.0
1776099052.373865,,,0.0,0.0
1776099052.375404,-1.3449574071582375,,,
1776099052.3757465,,0.0,,
1776099052.3763669,,,0.0,0.0
1776099052.3788733,,,0.0,0.0
1776099052.3804126,-1.3449457007267303,,,
1776099052.380743,,0.0,,
1776099052.3814003,,,0.0,0.0
1776099052.3838964,,,0.0,0.0
1776099052.3855917,-1.3448349249689133,,,
1776099052.3858736,,0.0,,
1776099052.3863864,,,0.0,0.0
1776099052.3888931,,,0.0,0.0
1776099052.390397,-1.3447680101134765,,,
1776099052.3907795,,0.0,,
1776099052.3913784,,,0.0,0.0
1776099052.3938813,,,0.0,0.0
1776099052.3952396,-1.3447509299008973,,,
1776099052.3956923,,0.0,,
1776099052.3963766,,,0.0,0.0
1776099052.398897,,,0.0,0.0
1776099052.400295,-1.344850764508194,,,
1776099052.4005136,,0.0,,
1776099052.401399,,,0.0,0.0
1776099052.4039075,,,0.0,0.0
1776099052.4054646,-1.3450288893027844,,,
1776099052.40583,,0.0,,
1776099052.406397,,,0.0,0.0
1776099052.408915,,,0.0,0.0
1776099052.410367,-1.345286298659427,,,
1776099052.4106467,,0.0,,
1776099052.4114194,,,0.0,0.0
1776099052.4139333,,,0.0,0.0
1776099052.4153712,-1.345358566514448,,,
1776099052.4157288,,0.0,,
1776099052.4163687,,,0.0,0.0
1776099052.4188938,,,0.0,0.0
1776099052.4202337,-1.3453141855313016,,,
1776099052.4205363,,0.0,,
1776099052.4213831,,,0.0,0.0
1776099052.423901,,,0.0,0.0
1776099052.4252028,-1.3453366102428108,,,
1776099052.425522,,0.0,,
1776099052.4263668,,,0.0,0.0
1776099052.4288754,,,0.0,0.0
1776099052.4303756,-1.3453158988555047,,,
1776099052.430699,,0.0,,
1776099052.4313786,,,0.0,0.0
1776099052.4339046,,,0.0,0.0
1776099052.4352684,-1.3452923519412083,,,
1776099052.4356506,,0.0,,
1776099052.436398,,,0.0,0.0
1776099052.4389133,,,0.0,0.0
1776099052.4404004,-1.3454260894548418,,,
1776099052.4407244,,0.0,,
1776099052.44141,,,0.0,0.0
1776099052.443914,,,0.0,0.0
1776099052.445219,-1.3456314353165817,,,
1776099052.4455929,,0.0,,
1776099052.4463828,,,0.0,0.0
1776099052.4488857,,,0.0,0.0
1776099052.4502559,-1.345686974964116,,,
1776099052.4507396,,0.0,,
1776099052.4513834,,,0.0,0.0
1776099052.4538903,,,0.0,0.0
1776099052.45525,-1.345698073692352,,,
1776099052.4557643,,0.0,,
1776099052.4563813,,,0.0,0.0
1776099052.458887,,,0.0,0.0
1776099052.4602363,-1.345633898486216,,,
1776099052.460559,,0.0,,
1776099052.461379,,,0.0,0.0
1776099052.4638875,,,0.0,0.0
1776099052.4652216,-1.345516970789496,,,
1776099052.4655511,,0.0,,
1776099052.4663825,,,0.0,0.0
1776099052.4689052,,,0.0,0.0
1776099052.470288,-1.3453285504866088,,,
1776099052.4707103,,0.0,,
1776099052.4714022,,,0.0,0.0
1776099052.4739254,,,0.0,0.0
1776099052.4759076,-1.3451756839161437,,,
1776099052.4764695,,0.0,,
1776099052.4765465,,,0.0,0.0
1776099052.4789186,,,0.0,0.0
1776099052.4803407,-1.3450825014160783,,,
1776099052.480729,,0.0,,
1776099052.4814062,,,0.0,0.0
1776099052.4838939,,,0.0,0.0
1776099052.4854608,-1.345099200534969,,,
1776099052.485806,,0.0,,
1776099052.4863744,,,0.0,0.0
1776099052.4888837,,,0.0,0.0
1776099052.4902651,-1.3451437265930848,,,
1776099052.490648,,0.0,,
1776099052.4913766,,,0.0,0.0
1776099052.4939024,,,0.0,0.0
1776099052.495529,-1.3452017582621683,,,
1776099052.4958506,,0.0,,
1776099052.4964092,,,0.0,0.0
1776099052.4989026,,,0.0,0.0
1776099052.5005271,-1.3452987922002888,,,
1776099052.5008552,,0.0,,
1776099052.5014162,,,0.0,0.0
1776099052.5039277,,,0.0,0.0
1776099052.505293,-1.3454209643500175,,,
1776099052.505767,,0.0,,
1776099052.5064056,,,0.0,0.0
1776099052.5088935,,,0.0,0.0
1776099052.5104072,-1.3454433298892163,,,
1776099052.5107794,,0.0,,
1776099052.511389,,,0.0,0.0
1776099052.5139046,,,0.0,0.0
1776099052.5152445,-1.3454424993201988,,,
1776099052.5157979,,0.0,,
1776099052.516381,,,0.0,0.0
1776099052.518896,,,0.0,0.0
1776099052.5203986,-1.3454581643660302,,,
1776099052.5208542,,0.0,,
1776099052.5215244,,,0.0,0.0
1776099052.5239215,,,0.0,0.0
1776099052.5257137,-1.3453482932190304,,,
1776099052.5264416,,,0.0,0.0
1776099052.5269268,,0.0,,
1776099052.5289478,,,0.0,0.0
1776099052.530366,-1.345235636515489,,,
1776099052.530767,,0.0,,
1776099052.5314286,,,0.0,0.0
1776099052.5338945,,,0.0,0.0
1776099052.5351734,-1.3452089664660491,,,
1776099052.535545,,0.0,,
1776099052.536353,,,0.0,0.0
1776099052.5388656,,,0.0,0.0
1776099052.5401564,-1.34513502151361,,,
1776099052.540466,,0.0,,
1776099052.541365,,,0.0,0.0
1776099052.5439062,,,0.0,0.0
1776099052.546698,,,0.0,0.0
1776099052.5473874,-1.3450569912394175,,,
1776099052.547987,,0.0,,
1776099052.5490396,,,0.0,0.0
1776099052.5505576,-1.3450069116383814,,,
1776099052.550943,,0.0,,
1776099052.5514114,,,0.0,0.0
1776099052.5538998,,,0.0,0.0
1776099052.5552824,-1.344948855207577,,,
1776099052.555559,,0.0,,
1776099052.5563776,,,0.0,0.0
1776099052.5588896,,,0.0,0.0
1776099052.5603495,-1.3449306584529022,,,
1776099052.5606377,,0.0,,
1776099052.5614097,,,0.0,0.0
1776099052.5639281,,,0.0,0.0
1776099052.5653694,-1.3448399752601612,,,
1776099052.565769,,0.0,,
1776099052.5663984,,,0.0,0.0
1776099052.5689054,,,0.0,0.0
1776099052.5704634,-1.3446977390605772,,,
1776099052.5708601,,0.0,,
1776099052.5714078,,,0.0,0.0
1776099052.5739174,,,0.0,0.0
1776099052.5752513,-1.3446097613862942,,,
1776099052.5756807,,0.0,,
1776099052.5764034,,,0.0,0.0
1776099052.578905,,,0.0,0.0
1776099052.5802586,-1.3444395857185953,,,
1776099052.580638,,0.0,,
1776099052.5814161,,,0.0,0.0
1776099052.5839148,,,0.0,0.0
1776099052.585216,-1.3442082853393729,,,
1776099052.5855706,,0.0,,
1776099052.5863824,,,0.0,0.0
1776099052.5888925,,,0.0,0.0
1776099052.5904183,-1.3441959973584634,,,
1776099052.591013,,0.0,,
1776099052.5914278,,,0.0,0.0
1776099052.59391,,,0.0,0.0
1776099052.5956993,-1.3442734695760195,,,
1776099052.595983,,0.0,,
1776099052.5964024,,,0.0,0.0
1776099052.599043,,,0.0,0.0
1776099052.6002963,-1.3442319272717627,,,
1776099052.600681,,0.0,,
1776099052.6013834,,,0.0,0.0
1776099052.6038818,,,0.0,0.0
1776099052.6052232,-1.3442918673015785,,,
1776099052.6055553,,0.0,,
1776099052.6063654,,,0.0,0.0
1776099052.6088781,,,0.0,0.0
1776099052.6102643,-1.3443032542342104,,,
1776099052.610553,,0.0,,
1776099052.611388,,,0.0,0.0
1776099052.6139324,,,0.0,0.0
1776099052.6158438,-1.3442622373627306,,,
1776099052.6161447,,0.0,,
1776099052.6164737,,,0.0,0.0
1776099052.618959,,,0.0,0.0
1776099052.6204188,-1.3441955540962442,,,
1776099052.620951,,0.0,,
1776099052.621432,,,0.0,0.0
1776099052.623951,,,0.0,0.0
1776099052.625741,-1.3442673010986705,,,
1776099052.6260607,,0.0,,
1776099052.6263838,,,0.0,0.0
1776099052.6288915,,,0.0,0.0
1776099052.630266,-1.3442151974914842,,,
1776099052.6308858,,0.0,,
1776099052.6313913,,,0.0,0.0
1776099052.6338913,,,0.0,0.0
1776099052.6352398,-1.3442114751350518,,,
1776099052.635849,,0.0,,
1776099052.6363785,,,0.0,0.0
1776099052.638881,,,0.0,0.0
1776099052.6401825,-1.3441830609514764,,,
1776099052.6406229,,0.0,,
1776099052.641366,,,0.0,0.0
1776099052.643946,,,0.0,0.0
1776099052.6453373,-1.3441217334098046,,,
1776099052.6456106,,0.0,,
1776099052.6463928,,,0.0,0.0
1776099052.6489124,,,0.0,0.0
1776099052.6502829,-1.3440928425536862,,,
1776099052.6507318,,0.0,,
1776099052.651412,,,0.0,0.0
1776099052.6540618,,,0.0,0.0
1776099052.6563919,-1.3442624785154882,,,
1776099052.6564643,,,0.0,0.0
1776099052.6569116,,0.0,,
1776099052.6589193,,,0.0,0.0
1776099052.6602335,-1.3444361647427343,,,
1776099052.660608,,0.0,,
1776099052.661376,,,0.0,0.0
1776099052.6638498,,,0.0,0.0
1776099052.6651855,-1.3445802663146085,,,
1776099052.6653688,,0.0,,
1776099052.6663716,,,0.0,0.0
1776099052.66885,,,0.0,0.0
1776099052.6702657,-1.3447619863803297,,,
1776099052.6706238,,0.0,,
1776099052.6713746,,,0.0,0.0
1776099052.6738796,,,0.0,0.0
1776099052.6751752,-1.344872205250701,,,
1776099052.6755247,,0.0,,
1776099052.6763666,,,0.0,0.0
1776099052.6788812,,,0.0,0.0
1776099052.6804266,-1.3448659247976718,,,
1776099052.6807656,,0.0,,
1776099052.6813853,,,0.0,0.0
1776099052.6839108,,,0.0,0.0
1776099052.6852825,-1.3448327076524313,,,
1776099052.6857572,,0.0,,
1776099052.6864035,,,0.0,0.0
1776099052.6889083,,,0.0,0.0
1776099052.6902964,-1.344812029521245,,,
1776099052.6906385,,0.0,,
1776099052.691389,,,0.0,0.0
1776099052.6939092,,,0.0,0.0
1776099052.6952245,-1.3448218967309369,,,
1776099052.6956096,,0.0,,
1776099052.696388,,,0.0,0.0
1776099052.6988761,,,0.0,0.0
1776099052.7002146,-1.3448462425410834,,,
1776099052.7005131,,0.0,,
1776099052.701392,,,0.0,0.0
1776099052.7038867,,,0.0,0.0
1776099052.7052436,-1.3448288648482953,,,
1776099052.7054744,,0.0,,
1776099052.706379,,,0.0,0.0
1776099052.7088892,,,0.0,0.0
1776099052.7102697,-1.3447044389783949,,,
1776099052.7105937,,0.0,,
1776099052.711397,,,0.0,0.0
1776099052.7139475,,,0.0,0.0
1776099052.7153003,-1.3445002083386746,,,
1776099052.7156746,,0.0,,
1776099052.7164059,,,0.0,0.0
1776099052.7189178,,,0.0,0.0
1776099052.7203417,-1.3444042587409748,,,
1776099052.7206798,,0.0,,
1776099052.721391,,,0.0,0.0
1776099052.723914,,,0.0,0.0
1776099052.725562,-1.3443206396961558,,,
1776099052.725893,,0.0,,
1776099052.7264051,,,0.0,0.0
1776099052.7288983,,,0.0,0.0
1776099052.7303262,-1.3443521252861268,,,
1776099052.7306468,,0.0,,
1776099052.7314067,,,0.0,0.0
1776099052.7339113,,,0.0,0.0
1776099052.7357132,-1.3444859805450138,,,
1776099052.736063,,0.0,,
1776099052.7366278,,,0.0,0.0
1776099052.7389138,,,0.0,0.0
1776099052.7402685,-1.3446546004973918,,,
1776099052.7406433,,0.0,,
1776099052.7416153,,,0.0,0.0
1776099052.7439506,,,0.0,0.0
1776099052.7454405,-1.3447005409771993,,,
1776099052.745915,,0.0,,
1776099052.7463877,,,0.0,0.0
1776099052.7488852,,,0.0,0.0
1776099052.7502325,-1.3447159520872807,,,
1776099052.7505713,,0.0,,
1776099052.751374,,,0.0,0.0
1776099052.7538958,,,0.0,0.0
1776099052.7553556,-1.3447209341855257,,,
1776099052.7557058,,0.0,,
1776099052.7564254,,,0.0,0.0
1776099052.7589407,,,0.0,0.0
1776099052.760354,-1.344748248373942,,,
1776099052.7605731,,0.0,,
1776099052.761405,,,0.0,0.0
1776099052.763967,,,0.0,0.0
1776099052.7653565,-1.3448011915297133,,,
1776099052.7654321,,0.0,,
1776099052.7663772,,,0.0,0.0
1776099052.7688906,,,0.0,0.0
1776099052.770329,-1.3447971383103716,,,
1776099052.770651,,0.0,,
1776099052.771396,,,0.0,0.0
1776099052.7739005,,,0.0,0.0
1776099052.7752721,-1.344817526963048,,,
1776099052.7758496,,0.0,,
1776099052.7764244,,,0.0,0.0
1776099052.778914,,,0.0,0.0
1776099052.780662,-1.3447648413200501,,,
1776099052.7810354,,0.0,,
1776099052.7813838,,,0.0,0.0
1776099052.78389,,,0.0,0.0
1776099052.7856026,-1.3447610219151735,,,
1776099052.7859643,,0.0,,
1776099052.7864053,,,0.0,0.0
1776099052.7888865,,,0.0,0.0
1776099052.7906654,-1.3446654663912112,,,
1776099052.7909744,,0.0,,
1776099052.7913854,,,0.0,0.0
1776099052.793861,,,0.0,0.0
1776099052.7953718,-1.3445917986253206,,,
1776099052.795798,,0.0,,
1776099052.7964041,,,0.0,0.0
1776099052.79891,,,0.0,0.0
1776099052.8002613,-1.3444837852250577,,,
1776099052.8005602,,0.0,,
1776099052.8013978,,,0.0,0.0
1776099052.8039355,,,0.0,0.0
1776099052.8053088,-1.344358301294653,,,
1776099052.8057182,,0.0,,
1776099052.8063831,,,0.0,0.0
1776099052.8088994,,,0.0,0.0
1776099052.8103838,-1.3441407256606648,,,
1776099052.810854,,0.0,,
1776099052.8113794,,,0.0,0.0
1776099052.8139794,,,0.0,0.0
1776099052.8154404,-1.3440236439443454,,,
1776099052.8157923,,0.0,,
1776099052.8163662,,,0.0,0.0
1776099052.8188806,,,0.0,0.0
1776099052.8201797,-1.343931085518496,,,
1776099052.8207483,,0.0,,
1776099052.8213747,,,0.0,0.0
1776099052.8238916,,,0.0,0.0
1776099052.825186,-1.3438595033949365,,,
1776099052.8256626,,0.0,,
1776099052.8264132,,,0.0,0.0
1776099052.828975,,,0.0,0.0
1776099052.8305213,-1.3437771332534962,,,
1776099052.830806,,0.0,,
1776099052.8314135,,,0.0,0.0
1776099052.8339264,,,0.0,0.0
1776099052.835666,-1.3438931933888039,,,
1776099052.8360488,,0.0,,
1776099052.8364356,,,0.0,0.0
1776099052.8388894,,,0.0,0.0
1776099052.8402443,-1.3440067232948572,,,
1776099052.8405519,,0.0,,
1776099052.8413904,,,0.0,0.0
1776099052.8438897,,,0.0,0.0
1776099052.8452528,-1.3440140840573969,,,
1776099052.8455925,,0.0,,
1776099052.846377,,,0.0,0.0
1776099052.8488908,,,0.0,0.0
1776099052.850235,-1.3438604592084324,,,
1776099052.8505902,,0.0,,
1776099052.8513782,,,0.0,0.0
1776099052.8539255,,,0.0,0.0
1776099052.855923,-1.34368165111004,,,
1776099052.8565857,,,0.0,0.0
1776099052.8566098,,0.0,,
1776099052.858925,,,0.0,0.0
1776099052.860378,-1.3431856825223516,,,
1776099052.8608835,,0.0,,
1776099052.8614151,,,0.0,0.0
1776099052.863903,,,0.0,0.0
1776099052.8653636,-1.3424328063618014,,,
1776099052.865745,,0.0,,
1776099052.866393,,,0.0,0.0
1776099052.8691187,,,0.0,0.0
1776099052.870343,-1.3417238627733414,,,
1776099052.8708293,,0.0,,
1776099052.8715193,,,0.0,0.0
1776099052.8739276,,,0.0,0.0
1776099052.8751996,-1.3409338920461353,,,
1776099052.8756158,,0.0,,
1776099052.876363,,,0.0,0.0
1776099052.8788846,,,0.0,0.0
1776099052.8801935,-1.3396571802089678,,,
1776099052.880478,,0.0,,
1776099052.8813734,,,0.0,0.0
1776099052.8838716,,,0.0,0.0
1776099052.8853226,-1.3382124130110225,,,
1776099052.8856988,,0.0,,
1776099052.8863666,,,0.0,0.0
1776099052.888896,,,0.0,0.0
1776099052.8903387,-1.3367764494632688,,,
1776099052.8909018,,0.0,,
1776099052.8914325,,,0.0,0.0
1776099052.8939369,,,0.0,0.0
1776099052.8954577,-1.3353200254510302,,,
1776099052.8958228,,0.0,,
1776099052.896406,,,0.0,0.0
1776099052.8988798,,,0.0,0.0
1776099052.9001758,-1.3343131024421826,,,
1776099052.9003985,,0.0,,
1776099052.9013724,,,0.0,0.0
1776099052.9038777,,,0.0,0.0
1776099052.905183,-1.3340683196931933,,,
1776099052.905446,,0.0,,
1776099052.906364,,,0.0,0.0
1776099052.908918,,,0.0,0.0
1776099052.91038,-1.3351149146243708,,,
1776099052.9108286,,0.0,,
1776099052.9113953,,,0.0,0.0
1776099052.9139042,,,0.0,0.0
1776099052.9152594,-1.3362283498121206,,,
1776099052.9156315,,0.0,,
1776099052.9163978,,,0.0,0.0
1776099052.918907,,,0.0,0.0
1776099052.9202359,-1.338333151749038,,,
1776099052.920663,,0.0,,
1776099052.9213972,,,0.0,0.0
1776099052.923916,,,0.0,0.0
1776099052.9256647,-1.3411743881537992,,,
1776099052.9260108,,0.0,,
1776099052.9264,,,0.0,0.0
1776099052.9288857,,,0.0,0.0
1776099052.9302883,-1.3456993725620299,,,
1776099052.930652,,0.0,,
1776099052.9313626,,,0.0,0.0
1776099052.9338734,,,0.0,0.0
1776099052.9352098,-1.3507241517125288,,,
1776099052.935764,,0.0,,
1776099052.9363759,,,0.0,0.0
1776099052.938898,,,0.0,0.0
1776099052.9402251,-1.3568941754295647,,,
1776099052.9406416,,0.0,,
1776099052.941377,,,0.0,0.0
1776099052.9438856,,,0.0,0.0
1776099052.9454248,-1.3623652899252108,,,
1776099052.9461586,,0.0,,
1776099052.947262,,,0.0,0.0
1776099052.948927,,,0.0,0.0
1776099052.9503267,-1.3671300855038226,,,
1776099052.9506927,,0.0,,
1776099052.9514186,,,0.0,0.0
1776099052.953932,,,0.0,0.0
1776099052.955385,-1.3685085423884922,,,
1776099052.9558043,,0.0,,
1776099052.956402,,,0.0,0.0
1776099052.9588733,,,0.0,0.0
1776099052.9601765,-1.3672744382957098,,,
1776099052.9606042,,0.0,,
1776099052.9613714,,,0.0,0.0
1776099052.9638894,,,0.0,0.0
1776099052.9652221,-1.3650768308247576,,,
1776099052.965618,,0.0,,
1776099052.9663808,,,0.0,0.0
1776099052.9688575,,,0.0,0.0
1776099052.9702418,-1.3636071783967831,,,
1776099052.970567,,0.0,,
1776099052.9713748,,,0.0,0.0
1776099052.9738777,,,0.0,0.0
1776099052.97558,-1.3620937877850108,,,
1776099052.97576,,0.0,,
1776099052.9763975,,,0.0,0.0
1776099052.9789166,,,0.0,0.0
1776099052.9803348,-1.3610354938597264,,,
1776099052.9805357,,0.0,,
1776099052.9814172,,,0.0,0.0
1776099052.9839313,,,0.0,0.0
1776099052.9855735,-1.3601329781745846,,,
1776099052.9859583,,0.0,,
1776099052.9864218,,,0.0,0.0
1776099052.9888809,,,0.0,0.0
1776099052.9902503,-1.3596273090767141,,,
1776099052.9905562,,0.0,,
1776099052.9913769,,,0.0,0.0
1776099052.9938984,,,0.0,0.0
1776099052.9952323,-1.3591874732207743,,,
1776099052.9956872,,0.0,,
1776099052.996385,,,0.0,0.0
1776099052.9988973,,,0.0,0.0
1776099053.0003293,-1.3599572502997053,,,
1776099053.0004601,,0.0,,
1776099053.001382,,,0.0,0.0
1776099053.0038757,,,0.0,0.0
1776099053.005222,-1.3619735801894033,,,
1776099053.0056224,,0.0,,
1776099053.0063796,,,0.0,0.0
1776099053.0089161,,,0.0,0.0
1776099053.0103247,-1.3699669432302866,,,
1776099053.0107088,,0.0,,
1776099053.011407,,,0.0,0.0
1776099053.0139515,,,0.0,0.0
1776099053.0153363,-1.3768110982522568,,,
1776099053.0157452,,0.0,,
1776099053.0164263,,,0.0,0.0
1776099053.0189033,,,0.0,0.0
1776099053.0202684,-1.380953062335554,,,
1776099053.02083,,0.0,,
1776099053.0213845,,,0.0,0.0
1776099053.0239131,,,0.0,0.0
1776099053.0252404,-1.382246297905367,,,
1776099053.0256097,,0.0,,
1776099053.0264056,,,0.0,0.0
1776099053.028896,,,0.0,0.0
1776099053.030339,-1.3825501536300855,,,
1776099053.0307446,,0.0,,
1776099053.031366,,,0.0,0.0
1776099053.033863,,,0.0,0.0
1776099053.0351949,-1.3853801736753562,,,
1776099053.035547,,0.0,,
1776099053.0364022,,,0.0,0.0
1776099053.0389366,,,0.0,0.0
1776099053.0405626,-1.3911263387295103,,,
1776099053.0411177,,0.0,,
1776099053.0415208,,,0.0,0.0
1776099053.043937,,,0.0,0.0
1776099053.0456097,-1.3992867002596192,,,
1776099053.0459962,,0.0,,
1776099053.0464435,,,0.0,0.0
1776099053.0489142,,,0.0,0.0
1776099053.0502295,-1.4104926392940746,,,
1776099053.050608,,0.0,,
1776099053.05137,,,0.0,0.0
1776099053.0538743,,,0.0,0.0
1776099053.055336,-1.4177694281727409,,,
1776099053.0556526,,0.0,,
1776099053.0563684,,,0.0,0.0
1776099053.0588999,,,0.0,0.0
1776099053.0604258,-1.421674311489161,,,
1776099053.0607686,,0.0,,
1776099053.0613844,,,0.0,0.0
1776099053.063867,,,0.0,0.0
1776099053.065454,-1.4191664779306494,,,
1776099053.0657828,,0.0,,
1776099053.0664623,,,0.0,0.0
1776099053.0688841,,,0.0,0.0
1776099053.070211,-1.4214546137607291,,,
1776099053.0706232,,0.0,,
1776099053.0713809,,,0.0,0.0
1776099053.0738852,,,0.0,0.0
1776099053.0751884,-1.4230101735388447,,,
1776099053.07547,,0.0,,
1776099053.0763545,,,0.0,0.0
1776099053.0789068,,,0.0,0.0
1776099053.0802498,-1.426594906285368,,,
1776099053.0808246,,0.0,,
1776099053.081405,,,0.0,0.0
1776099053.0839024,,,0.0,0.0
1776099053.0854185,-1.4305653113093213,,,
1776099053.0857008,,0.0,,
1776099053.086387,,,0.0,0.0
1776099053.0888975,,,0.0,0.0
1776099053.0904176,-1.4301815671390088,,,
1776099053.0908334,,0.0,,
1776099053.0913866,,,0.0,0.0
1776099053.0938907,,,0.0,0.0
1776099053.095449,-1.4212529053904037,,,
1776099053.0958314,,0.0,,
1776099053.0963721,,,0.0,0.0
1776099053.0988934,,,0.0,0.0
1776099053.1003695,-1.4020010949682218,,,
1776099053.100717,,0.0,,
1776099053.1014087,,,0.0,0.0
1776099053.1038916,,,0.0,0.0
1776099053.1054585,-1.3839498434092021,,,
1776099053.1057816,,0.0,,
1776099053.1063612,,,0.0,0.0
1776099053.1088953,,,0.0,0.0
1776099053.1103046,-1.362358302881775,,,
1776099053.1106536,,0.0,,
1776099053.1113877,,,0.0,0.0
1776099053.1138928,,,0.0,0.0
1776099053.115245,-1.3429002895124857,,,
1776099053.1155605,,0.0,,
1776099053.116381,,,0.0,0.0
1776099053.1188989,,,0.0,0.0
1776099053.1202443,-1.3261442522258127,,,
1776099053.120562,,0.0,,
1776099053.1213827,,,0.0,0.0
1776099053.12388,,,0.0,0.0
1776099053.1254125,-1.3132642949084359,,,
1776099053.1257622,,0.0,,
1776099053.1263902,,,0.0,0.0
1776099053.1289282,,,0.0,0.0
1776099053.130222,-1.304134187104869,,,
1776099053.1305592,,0.0,,
1776099053.131421,,,0.0,0.0
1776099053.1339185,,,0.0,0.0
1776099053.135384,-1.2998328732642634,,,
1776099053.135811,,0.0,,
1776099053.136404,,,0.0,0.0
1776099053.1389058,,,0.0,0.0
1776099053.1402283,-1.2983693258354603,,,
1776099053.1405985,,0.0,,
1776099053.1413872,,,0.0,0.0
1776099053.1438894,,,0.0,0.0
1776099053.145434,-1.2993439631163888,,,
1776099053.145769,,0.0,,
1776099053.146385,,,0.0,0.0
1776099053.1489103,,,0.0,0.0
1776099053.1501856,-1.3026372065273466,,,
1776099053.1506407,,0.0,,
1776099053.1514156,,,0.0,0.0
1776099053.1538954,,,0.0,0.0
1776099053.1555536,-1.3083193995709066,,,
1776099053.1558602,,0.0,,
1776099053.1565914,,,0.0,0.0
1776099053.1589491,,,0.0,0.0
1776099053.160366,-1.3165540010815793,,,
1776099053.160767,,0.0,,
1776099053.1614187,,,0.0,0.0
1776099053.1639147,,,0.0,0.0
1776099053.165546,-1.3254363789171224,,,
1776099053.1657867,,0.0,,
1776099053.1664047,,,0.0,0.0
1776099053.1689024,,,0.0,0.0
1776099053.1702096,-1.3379267270896633,,,
1776099053.170767,,0.0,,
1776099053.171365,,,0.0,0.0
1776099053.1738777,,,0.0,0.0
1776099053.1752214,-1.3533484704962049,,,
1776099053.1755261,,0.0,,
1776099053.1763725,,,0.0,0.0
1776099053.178878,,,0.0,0.0
1776099053.1803234,-1.3715007711013643,,,
1776099053.18097,,0.0,,
1776099053.1814022,,,0.0,0.0
1776099053.1839097,,,0.0,0.0
1776099053.1852927,-1.3890693271657253,,,
1776099053.1856937,,0.0,,
1776099053.186398,,,0.0,0.0
1776099053.1889374,,,0.0,0.0
1776099053.1906815,-1.4048518360217952,,,
1776099053.1910572,,0.0,,
1776099053.1915336,,,0.0,0.0
1776099053.193932,,,0.0,0.0
1776099053.1958187,-1.42027508446495,,,
1776099053.1962166,,0.0,,
1776099053.1965942,,,0.0,0.0
1776099053.1989336,,,0.0,0.0
1776099053.2003572,-1.4288164696590142,,,
1776099053.2007668,,0.0,,
1776099053.2013533,,,0.0,0.0
1776099053.2038908,,,0.0,0.0
1776099053.2052672,-1.4334833151354338,,,
1776099053.2056255,,0.0,,
1776099053.2063744,,,0.0,0.0
1776099053.2088995,,,0.0,0.0
1776099053.21025,-1.4350935858855907,,,
1776099053.2105196,,0.0,,
1776099053.2113974,,,0.0,0.0
1776099053.2139258,,,0.0,0.0
1776099053.215393,-1.434029247075766,,,
1776099053.2157328,,0.0,,
1776099053.216393,,,0.0,0.0
1776099053.2189212,,,0.0,0.0
1776099053.2203248,-1.431015326404792,,,
1776099053.2209344,,0.0,,
1776099053.2214236,,,0.0,0.0
1776099053.2239172,,,0.0,0.0
1776099053.2256694,-1.4268821555550082,,,
1776099053.2262053,,0.0,,
1776099053.2263744,,,0.0,0.0
1776099053.228892,,,0.0,0.0
1776099053.2302346,-1.4219838695761067,,,
1776099053.2305694,,0.0,,
1776099053.2313972,,,0.0,0.0
1776099053.23389,,,0.0,0.0
1776099053.2352474,-1.4157960434673935,,,
1776099053.2356238,,0.0,,
1776099053.2363858,,,0.0,0.0
1776099053.2389505,,,0.0,0.0
1776099053.2402308,-1.4080627169508881,,,
1776099053.2405567,,0.0,,
1776099053.2413664,,,0.0,0.0
1776099053.2439218,,,0.0,0.0
1776099053.2452087,-1.397913994369813,,,
1776099053.2455895,,0.0,,
1776099053.2463715,,,0.0,0.0
1776099053.2489543,,,0.0,0.0
1776099053.2501853,-1.3850272111706168,,,
1776099053.2505722,,0.0,,
1776099053.2513936,,,0.0,0.0
1776099053.2539225,,,0.0,0.0
1776099053.2559023,-1.3702541529561432,,,
1776099053.256271,,0.0,,
1776099053.2564158,,,0.0,0.0
1776099053.2589242,,,0.0,0.0
1776099053.260438,-1.3523895794740126,,,
1776099053.260767,,0.0,,
1776099053.261381,,,0.0,0.0
1776099053.263886,,,0.0,0.0
1776099053.2653458,-1.3343256187607488,,,
1776099053.2655845,,0.0,,
1776099053.266388,,,0.0,0.0
1776099053.2689211,,,0.0,0.0
1776099053.2702894,-1.3167592882083072,,,
1776099053.270592,,0.0,,
1776099053.2713869,,,0.0,0.0
1776099053.2738853,,,0.0,0.0
1776099053.275518,-1.2999727649721673,,,
1776099053.2757816,,0.0,,
1776099053.2763815,,,0.0,0.0
1776099053.278908,,,0.0,0.0
1776099053.2804394,-1.2850733570887463,,,
1776099053.2807739,,0.0,,
1776099053.2813814,,,0.0,0.0
1776099053.2839077,,,0.0,0.0
1776099053.2852223,-1.2756659013378262,,,
1776099053.2855403,,0.0,,
1776099053.286369,,,0.0,0.0
1776099053.2888727,,,0.0,0.0
1776099053.2901766,-1.26349500115327,,,
1776099053.290394,,0.0,,
1776099053.291377,,,0.0,0.0
1776099053.2938905,,,0.0,0.0
1776099053.2955978,-1.2557393822577596,,,
1776099053.2959452,,0.0,,
1776099053.296395,,,0.0,0.0
1776099053.298898,,,0.0,0.0
1776099053.300221,-1.2486763466540798,,,
1776099053.300694,,0.0,,
1776099053.3013875,,,0.0,0.0
1776099053.303872,,,0.0,0.0
1776099053.305225,-1.2435871746163663,,,
1776099053.3056161,,0.0,,
1776099053.306382,,,0.0,0.0
1776099053.308894,,,0.0,0.0
1776099053.310433,-1.2355279596200772,,,
1776099053.310791,,0.0,,
1776099053.3114054,,,0.0,0.0
1776099053.3139248,,,0.0,0.0
1776099053.3154716,-1.2329272752408198,,,
1776099053.3158271,,0.0,,
1776099053.3163946,,,0.0,0.0
1776099053.3189118,,,0.0,0.0
1776099053.3202424,-1.2274354298290728,,,
1776099053.320713,,0.0,,
1776099053.3213973,,,0.0,0.0
1776099053.3239038,,,0.0,0.0
1776099053.325239,-1.2230299481263556,,,
1776099053.3257082,,0.0,,
1776099053.3263943,,,0.0,0.0
1776099053.32891,,,0.0,0.0
1776099053.3303528,-1.2180689286477362,,,
1776099053.330802,,0.0,,
1776099053.3313909,,,0.0,0.0
1776099053.3338666,,,0.0,0.0
1776099053.335292,-1.2135230353545263,,,
1776099053.3358428,,0.0,,
1776099053.3363752,,,0.0,0.0
1776099053.3388932,,,0.0,0.0
1776099053.340224,-1.2083638962097605,,,
1776099053.3405726,,0.0,,
1776099053.3414109,,,0.0,0.0
1776099053.3440242,,,0.0,0.0
1776099053.3459685,-1.2041450160343423,,,
1776099053.346263,,0.0,,
1776099053.3465276,,,0.0,0.0
1776099053.3489008,,,0.0,0.0
1776099053.3503885,-1.196162865458333,,,
1776099053.3507466,,0.0,,
1776099053.3513608,,,0.0,0.0
1776099053.353888,,,0.0,0.0
1776099053.3552632,-1.1872009447617247,,,
1776099053.3556132,,0.0,,
1776099053.356384,,,0.0,0.0
1776099053.358896,,,0.0,0.0
1776099053.3602383,-1.1771240924975723,,,
1776099053.3606036,,0.0,,
1776099053.361393,,,0.0,0.0
1776099053.3638992,,,0.0,0.0
1776099053.3652914,-1.1655099548074668,,,
1776099053.3656483,,0.0,,
1776099053.3663933,,,0.0,0.0
1776099053.3689194,,,0.0,0.0
1776099053.3704326,-1.1514513623998108,,,
1776099053.370808,,0.0,,
1776099053.371418,,,0.0,0.0
1776099053.3739114,,,0.0,0.0
1776099053.37524,-1.1352248808245924,,,
1776099053.3756757,,0.0,,
1776099053.3763783,,,0.0,0.0
1776099053.3788865,,,0.0,0.0
1776099053.3802412,-1.1189176447965183,,,
1776099053.3805401,,0.0,,
1776099053.3813634,,,0.0,0.0
1776099053.3838828,,,0.0,0.0
1776099053.3853908,-1.0999207534585873,,,
1776099053.3857057,,0.0,,
1776099053.3863592,,,0.0,0.0
1776099053.3888805,,,0.0,0.0
1776099053.3901875,-1.0793852452071413,,,
1776099053.3905234,,0.0,,
1776099053.3913698,,,0.0,0.0
1776099053.3939095,,,0.0,0.0
1776099053.3953223,-1.0584219170785707,,,
1776099053.3957126,,0.0,,
1776099053.396409,,,0.0,0.0
1776099053.3989162,,,0.0,0.0
1776099053.4002883,-1.0367989849221086,,,
1776099053.4008856,,0.0,,
1776099053.4014401,,,0.0,0.0
1776099053.40392,,,0.0,0.0
1776099053.405478,-1.0139919952944014,,,
1776099053.4058452,,0.0,,
1776099053.4063792,,,0.0,0.0
1776099053.4088795,,,0.0,0.0
1776099053.4102647,-0.990513860843941,,,
1776099053.4107356,,0.0,,
1776099053.411394,,,0.0,0.0
1776099053.4139333,,,0.0,0.0
1776099053.4156222,-0.9676952134999458,,,
1776099053.4160929,,0.0,,
1776099053.4164543,,,0.0,0.0
1776099053.418916,,,0.0,0.0
1776099053.420311,-0.9369695140209376,,,
1776099053.4206944,,0.0,,
1776099053.4215508,,,0.0,0.0
1776099053.423906,,,0.0,0.0
1776099053.4253936,-0.9096259636019085,,,
1776099053.4257445,,0.0,,
1776099053.4263756,,,0.0,0.0
1776099053.4288914,,,0.0,0.0
1776099053.4303565,-0.8839340226172087,,,
1776099053.430652,,0.0,,
1776099053.4314125,,,0.0,0.0
1776099053.4339426,,,0.0,0.0
1776099053.435346,-0.8567779565178797,,,
1776099053.4357169,,0.0,,
1776099053.4363897,,,0.0,0.0
1776099053.4389033,,,0.0,0.0
1776099053.4403248,-0.8283662599092905,,,
1776099053.4408257,,0.0,,
1776099053.4414077,,,0.0,0.0
1776099053.443899,,,0.0,0.0
1776099053.4452503,-0.8077675393105881,,,
1776099053.4456787,,0.0,,
1776099053.4463816,,,0.0,0.0
1776099053.4488904,,,0.0,0.0
1776099053.4502351,-0.7826185057031461,,,
1776099053.4505742,,0.0,,
1776099053.451381,,,0.0,0.0
1776099053.453904,,,0.0,0.0
1776099053.4552584,-0.7560083653387902,,,
1776099053.45562,,0.0,,
1776099053.4564002,,,0.0,0.0
1776099053.4589133,,,0.0,0.0
1776099053.460253,-0.7314914107363008,,,
1776099053.4606013,,0.0,,
1776099053.4614143,,,0.0,0.0
1776099053.4639368,,,0.0,0.0
1776099053.465308,-0.7086611080643517,,,
1776099053.4656255,,0.0,,
1776099053.4664052,,,0.0,0.0
1776099053.4689064,,,0.0,0.0
1776099053.4707043,-0.6869502259037936,,,
1776099053.4711173,,0.0,,
1776099053.4717324,,,0.0,0.0
1776099053.4739099,,,0.0,0.0
1776099053.475636,-0.6685211556670801,,,
1776099053.4759374,,0.0,,
1776099053.4764543,,,0.0,0.0
1776099053.4789257,,,0.0,0.0
1776099053.4802604,-0.6520249034658676,,,
1776099053.4806237,,0.0,,
1776099053.4813979,,,0.0,0.0
1776099053.4839022,,,0.0,0.0
1776099053.4852717,-0.6357159491268508,,,
1776099053.4855611,,0.0,,
1776099053.4863899,,,0.0,0.0
1776099053.4889007,,,0.0,0.0
1776099053.4902377,-0.6189631698482366,,,
1776099053.490536,,0.0,,
1776099053.491406,,,0.0,0.0
1776099053.493914,,,0.0,0.0
1776099053.495328,-0.6012680082763882,,,
1776099053.4956012,,0.0,,
1776099053.4963713,,,0.0,0.0
1776099053.4988894,,,0.0,0.0
1776099053.5002131,-0.583252811058552,,,
1776099053.500515,,9.052001034261794,,
1776099053.5013762,,,0.0,0.0
1776099053.5039527,,,0.0,0.0
1776099053.5052896,-0.5647983744112441,,,
1776099053.505668,,8.76311744041657,,
1776099053.5065188,,,0.0,-1.6111741961462427
1776099053.5089748,,,1.6712039978356923,0.0
1776099053.5105352,-0.5495601803127171,,,
1776099053.5109797,,8.348437877784454,,
1776099053.5114472,,,3.3641226493974825,-3.3641226493974825
1776099053.5139062,,,3.3729364747865964,-3.3729364747865964
1776099053.515813,-0.5307866860376307,,,
1776099053.51609,,7.259515301443029,,
1776099053.5164733,,,3.2318157280783892,-4.847723592117584
1776099053.5188887,,,6.880553207349774,-3.440276603674887
1776099053.5203307,-0.5119133956326375,,,
1776099053.5207195,,5.928914003097195,,
1776099053.5214055,,,4.931279197233914,-6.575038929645218
1776099053.523909,,,6.683684501481116,-5.012763376110837
1776099053.5256257,-0.4986680686376563,,,
1776099053.5259748,,5.630299987794686,,
1776099053.5263915,,,6.580551323930873,-3.2902756619654365
1776099053.5289385,,,6.665846121652146,-8.332307652065182
1776099053.5303543,-0.46670058327714387,,,
1776099053.53059,,4.990950280584439,,
1776099053.5314186,,,8.341666529656429,-6.673333223725143
1776099053.5339544,,,8.242584850932996,-8.242584850932996
1776099053.5354428,-0.4107097661467005,,,
1776099053.5358698,,3.8711339379755714,,
1776099053.5364075,,,6.569947760383924,-6.569947760383924
1776099053.5389411,,,5.020269450365293,-5.020269450365293
1776099053.5405245,-0.3519769660879391,,,
1776099053.5412729,,2.696477936800343,,
1776099053.5413797,,,4.998382870982507,-4.998382870982507
1776099053.543891,,,3.3144846843184674,-1.6572423421592337
1776099053.5454125,-0.2985948254329208,,,
1776099053.5458477,,1.628835123699977,,
1776099053.546602,,,1.6279279519493501,-3.2558559038987003
1776099053.5490742,,,1.6812445201507793,-1.6812445201507793
1776099053.5512266,-0.2670591227165085,,,
1776099053.5515358,,,0.0,0.0
1776099053.5519147,,0.9981210693717308,,
1776099053.5539165,,,0.0,1.7549577692446725
1776099053.555266,-0.24183605538335404,,,
1776099053.5556116,,0.49365972270864145,,
1776099053.556349,,,0.0,0.0
1776099053.5588794,,,0.0,1.6353420828369405
1776099053.5602415,-0.22895993873306147,,,
1776099053.5604055,,0.6976500173533413,,
1776099053.5613456,,,-1.6470282147945696,0.0
1776099053.563884,,,0.0,-1.6379964240926805
1776099053.5652423,-0.21611280258914578,,,
1776099053.5657938,,1.6888165022782506,,
1776099053.5663874,,,0.0,-1.6309416218889325
1776099053.5688832,,,0.0,-1.6621849750511886
1776099053.5707266,-0.20548778942810716,,,
1776099053.5712295,,2.3485804345621437,,
1776099053.571769,,,1.5510259949150516,-1.5510259949150516
1776099053.5739214,,,3.944879857633483,-3.944879857633483
1776099053.57527,-0.192364561452324,,,
1776099053.5757189,,2.08611587504648,,
1776099053.5764124,,,3.293926788264034,-3.293926788264034
1776099053.5789077,,,3.3246613325958942,-4.986991998893842
1776099053.5804372,-0.17937792642389191,,,
1776099053.5808368,,3.034389812730595,,
1776099053.5814323,,,4.913332886081405,-3.2755552573876034
1776099053.583907,,,3.4001316297571975,-5.100197444635797
1776099053.585386,-0.16873276098935583,,,
1776099053.5858731,,2.8262828246505602,,
1776099053.5863686,,,4.957895628579083,-3.305263752386055
1776099053.5888727,,,4.953130896997329,-4.953130896997329
1776099053.5902915,-0.1643077679156322,,,
1776099053.5906878,,2.5715105153389373,,
1776099053.591369,,,3.2759663664380336,-3.2759663664380336
1776099053.5939126,,,3.282665929782306,-3.282665929782306
1776099053.5957842,-0.1645366757031495,,,
1776099053.596097,,2.5852816189264334,,
1776099053.5964515,,,1.6419678706799212,-1.6419678706799212
1776099053.5988991,,,3.3600987829404527,-1.6800493914702264
1776099053.600281,-0.1700908358553223,,,
1776099053.6006835,,3.356924754963953,,
1776099053.601397,,,1.6457503577265826,-1.6457503577265826
1776099053.6039095,,,3.3236510423762877,-3.3236510423762877
1776099053.6053994,-0.18398423066156344,,,
1776099053.605814,,3.952015967034492,,
1776099053.6063902,,,3.2805666665229793,-3.2805666665229793
1776099053.6089082,,,4.961367037214288,-4.961367037214288
1776099053.610396,-0.20768923101224077,,,
1776099053.6108787,,5.064426308653636,,
1776099053.6114302,,,4.937641550575768,-6.583522067434357
1776099053.6139808,,,3.3094203983850314,-6.618840796770063
1776099053.6155612,-0.2205856932305454,,,
1776099053.6163504,,5.446793426641442,,
1776099053.6164079,,,5.077362205355609,-3.384908136903739
1776099053.618927,,,6.5762855741423705,-6.5762855741423705
1776099053.6203904,-0.22770268199971133,,,
1776099053.6208389,,5.7801866396837935,,
1776099053.621557,,,5.00174877079754,-8.336247951329232
1776099053.6238964,,,10.150926954219276,-10.150926954219276
1776099053.6254542,-0.23284679714398185,,,
1776099053.6255815,,5.928500757242657,,
1776099053.6263719,,,-1.6445791487622854,-4.933737446286856
1776099053.6288888,,,8.402960438077272,-8.402960438077272
1776099053.630342,-0.23644657860868123,,,
1776099053.630618,,6.254035223262683,,
1776099053.631416,,,4.930538201032606,-8.217563668387676
1776099053.6339657,,,10.08803981364066,-8.406699844700551
1776099053.6357234,-0.23316299694102013,,,
1776099053.6357908,,6.539960536898435,,
1776099053.6364202,,,4.934049378796557,-6.578732505062075
1776099053.6389122,,,6.700487257674216,-10.050730886511326
1776099053.6403127,-0.22796958441706375,,,
1776099053.6407545,,6.97114849676706,,
1776099053.6413834,,,10.047006426445995,-6.69800428429733
1776099053.643944,,,10.110770837375059,-10.110770837375059
1776099053.64537,-0.21967603292259993,,,
1776099053.6461627,,6.805277466877783,,
1776099053.6464286,,,11.540903625947749,-3.2974010359850707
1776099053.6488917,,,10.147783150667486,-11.839080342445401
1776099053.6508355,-0.20763931593017076,,,
1776099053.6514165,,7.243488955697563,,
1776099053.6514635,,,6.646188994217865,-9.969283491326799
1776099053.6539507,,,6.700598043502751,-6.700598043502751
1776099053.6556544,-0.19199515299089784,,,
1776099053.656023,,6.849334708786573,,
1776099053.6565907,,,10.093999675150561,-6.729333116767041
1776099053.6590798,,,7.872280019114446,-11.80842002867167
1776099053.660619,-0.17204503625223902,,,
1776099053.661993,,,7.518482334045161,-9.022178800854194
1776099053.662055,,6.921171180629173,,
1776099053.6639981,,,10.113693367334818,-4.045477346933927
1776099053.6655734,-0.15042648742493278,,,
1776099053.6659205,,6.905547172700521,,
1776099053.666508,,,3.4346784484821473,-5.152017672723222
1776099053.6690276,,,10.348910122157058,-6.899273414771371
1776099053.670308,-0.12897365670381997,,,
1776099053.6707125,,6.81489762358785,,
1776099053.6714485,,,6.5689612947857015,-11.49568226587498
1776099053.673902,,,11.929528450438417,-10.225310100375784
1776099053.6756372,-0.10460716248196393,,,
1776099053.6762512,,6.480383843052341,,
1776099053.67657,,,8.433915016311548,-6.747132013049239
1776099053.6789792,,,5.071006716709885,-10.14201343341977
1776099053.6803362,-0.08067560247123694,,,
1776099053.6808145,,6.0017526428378005,,
1776099053.6814237,,,6.606852005354208,-9.910278008031312
1776099053.6839008,,,9.989559134956881,-9.989559134956881
1776099053.685317,-0.060987929550556375,,,
1776099053.6861799,,5.607999184424189,,
1776099053.686523,,,1.6353552810454237,-8.176776405227118
1776099053.68922,,,4.439356746803698,-5.9191423290715965
1776099053.6907346,-0.039951412826469385,,,
1776099053.6913953,,5.187268849942449,,
1776099053.6915793,,,1.8880013187108582,-7.552005274843433
1776099053.693966,,,7.844969351742727,-6.275975481394182
1776099053.6955438,-0.021247433941193147,,,
1776099053.6958554,,4.813189272236924,,
1776099053.6964676,,,4.939011876028319,-3.2926745840188794
1776099053.6989667,,,3.3178966580470357,-8.29474164511759
1776099053.70055,-0.0031361990880534965,,,
1776099053.700889,,4.450964575174131,,
1776099053.7014697,,,6.6708732202539425,-6.6708732202539425
1776099053.7039874,,,8.470958042216834,-6.776766433773467
1776099053.705636,0.013963068201563558,,,
1776099053.7060053,,4.108979229381791,,
1776099053.706405,,,5.1150460489771055,-5.1150460489771055
1776099053.7089217,,,4.989745386217941,-4.989745386217941
1776099053.7103188,0.0255040212824457,,,
1776099053.710956,,3.8781601677641477,,
1776099053.711376,,,3.2827429025150483,-3.2827429025150483
1776099053.7138937,,,3.3176579200269884,-3.3176579200269884
1776099053.7153528,0.02907029403603718,,,
1776099053.7159095,,3.806834712692318,,
1776099053.716529,,,3.234806753372119,-3.234806753372119
1776099053.7189074,,,5.093158008473682,-5.093158008473682
1776099053.7204645,0.0316881386421393,,,
1776099053.720881,,3.7544778205702753,,
1776099053.721408,,,1.647498317234744,-3.294996634469488
1776099053.7239842,,,6.438111980190683,-6.438111980190683
1776099053.725667,0.029484321695373326,,,
1776099053.7259367,,3.7985541595055947,,
1776099053.7264242,,,5.093616216755941,-1.6978720722519804
1776099053.7289474,,,5.013368258590843,-5.013368258590843
1776099053.7304027,0.026094557605594385,,,
1776099053.730878,,3.3286286083919285,,
1776099053.7315133,,,6.625430108111942,-6.625430108111942
1776099053.7339768,,,5.1249644403073376,-5.1249644403073376
1776099053.7354097,0.02373276419549761,,,
1776099053.7366173,,3.1790821004276215,,
1776099053.73667,,,5.112949275970486,-5.112949275970486
1776099053.7389205,,,5.083156406049159,-3.3887709373661057
1776099053.740414,0.024285135740944902,,,
1776099053.7406237,,2.770606214472026,,
1776099053.7414134,,,1.6300087449604155,-3.260017489920831
1776099053.7439032,,,1.6719159545142042,-1.6719159545142042
1776099053.745238,0.02637300050441755,,,
1776099053.745639,,2.4294785744188583,,
1776099053.7463815,,,1.650820629877135,-1.650820629877135
1776099053.7488809,,,1.657083989934383,-1.657083989934383
1776099053.7505202,0.033226574423727416,,,
1776099053.7509363,,2.3183871660072155,,
1776099053.751603,,,3.0249173410012267,-1.5124586705006133
1776099053.753925,,,1.8219351971543833,-3.6438703943087667
1776099053.7553213,0.04257543681102373,,,
1776099053.7558758,,2.080782089592926,,
1776099053.756541,,,3.283260812919236,-3.283260812919236
1776099053.7589083,,,5.016675933558202,-3.344450622372134
1776099053.7601812,0.05279843637517939,,,
1776099053.7609231,,1.5590987823640965,,
1776099053.761464,,,1.6288591371241614,-3.257718274248323
1776099053.7639465,,,3.387168437030613,-1.6935842185153065
1776099053.7659643,0.056910211665798634,,,
1776099053.7663329,,1.4768632765517116,,
1776099053.7666898,,,1.671082133339774,-1.671082133339774
1776099053.768892,,,0.0,0.0
1776099053.7704456,0.055108182452558344,,,
1776099053.7708323,,0.5331221449556185,,
1776099053.771382,,,0.0,0.0
1776099053.7738817,,,0.0,-1.6567402843053003
1776099053.7757063,0.05266483202962139,,,
1776099053.7760684,,0.5292296266968002,,
1776099053.7769918,,,0.0,0.0
1776099053.7789788,,,-1.657639068868035,0.0
1776099053.7808392,0.050310080942893146,,,
1776099053.7812147,,0.5763246484313651,,
1776099053.7818966,,,0.0,0.0
1776099053.7839234,,,0.0,0.0
1776099053.7855616,0.04403813149830961,,,
1776099053.7858572,,0.15218523401514794,,
1776099053.7863982,,,1.6563575270279856,-1.6563575270279856
1776099053.7888784,,,1.6586574418156363,0.0
1776099053.7902334,0.0388298626160264,,,
1776099053.7907507,,-0.06913303422553241,,
1776099053.791393,,,0.0,0.0
1776099053.793908,,,0.0,0.0
1776099053.795914,0.033396854848479554,,,
1776099053.796203,,-0.3986700591120847,,
1776099053.7964041,,,-1.633953988175245,1.633953988175245
1776099053.7989178,,,-1.6569513397454134,1.6569513397454134
1776099053.8003979,0.02491034921388835,,,
1776099053.8007956,,-0.5979901711870121,,
1776099053.8014052,,,-1.6594510109528593,0.0
1776099053.803934,,,0.0,0.0
1776099053.8052797,0.01411081861915178,,,
1776099053.8056343,,-0.5957022887240024,,
1776099053.806388,,,0.0,0.0
1776099053.808898,,,0.0,1.6565164531753107
1776099053.810202,-0.000824824023817064,,,
1776099053.8105419,,-0.5791729651267121,,
1776099053.8113718,,,0.0,0.0
1776099053.8139863,,,0.0,0.0
1776099053.8158977,-0.016297910699668707,,,
1776099053.8162155,,-0.4611643626529362,,
1776099053.8167527,,,0.0,1.6040018286087505
1776099053.8189242,,,0.0,0.0
1776099053.8203454,-0.03327326504579639,,,
1776099053.8207743,,-0.43674889362690517,,
1776099053.821421,,,0.0,1.6606442220603435
1776099053.8240523,,,0.0,1.5949328800801523
1776099053.8259194,-0.05158457891330248,,,
1776099053.8264472,,-0.27929579396974336,,
1776099053.8265212,,,0.0,1.7458211235496777
1776099053.8288977,,,0.0,1.6380870252874804
1776099053.8305516,-0.06707163469083278,,,
1776099053.8311033,,-0.11371075899589722,,
1776099053.8314047,,,1.6464928927295939,1.6464928927295939
1776099053.8338978,,,0.0,1.6736792216619292
1776099053.8352547,-0.0813529826508296,,,
1776099053.835626,,-0.046849312094519036,,
1776099053.8363872,,,1.6423313949913592,0.0
1776099053.8389003,,,1.6551448493224583,0.0
1776099053.840432,-0.09345658374590649,,,
1776099053.8408964,,0.09942952872135291,,
1776099053.8413897,,,1.6392490023320152,0.0
1776099053.843907,,,0.0,0.0
1776099053.8452778,-0.10691163930862849,,,
1776099053.8456109,,0.02292909375017782,,
1776099053.846434,,,0.0,-1.6879329704768795
1776099053.8489425,,,1.650912655335526,0.0
1776099053.850718,-0.11937840340390259,,,
1776099053.8510451,,0.0820103247650743,,
1776099053.8514302,,,0.0,0.0
1776099053.8539717,,,1.6739754020914928,-1.6739754020914928
1776099053.85544,-0.13292075924497793,,,
1776099053.8565187,,,1.6967915311313926,1.6967915311313926
1776099053.8565683,,0.12103527873670883,,
1776099053.8589082,,,0.0,0.0
1776099053.8603776,-0.14952212120336444,,,
1776099053.8606353,,0.21657726557195378,,
1776099053.861402,,,-1.6573479271238287,1.6573479271238287
1776099053.8638823,,,0.0,0.0
1776099053.8651824,-0.1678677525053212,,,
1776099053.865505,,0.4364027262166874,,
1776099053.866351,,,0.0,0.0
1776099053.8688855,,,0.0,-1.6338381888604299
1776099053.8701742,-0.18417831913921254,,,
1776099053.8707073,,0.7626140588945143,,
1776099053.8713744,,,1.6387577857621882,-1.6387577857621882
1776099053.8738813,,,1.6497602462641547,-1.6497602462641547
1776099053.87522,-0.20166398932479337,,,
1776099053.8755949,,1.1682845363974796,,
1776099053.8764074,,,1.6327219491530764,-1.6327219491530764
1776099053.878933,,,1.6560013011901906,-3.3120026023803812
1776099053.880339,-0.21723706259328046,,,
1776099053.8810258,,1.4508348469750243,,
1776099053.881455,,,3.3013001119427603,-1.6506500559713801
1776099053.8839414,,,0.0,-1.6893461354430068
1776099053.8854415,-0.22760160312058944,,,
1776099053.886061,,1.566862334790076,,
1776099053.8863783,,,1.6644334704793577,-1.6644334704793577
1776099053.8889303,,,3.315622180720103,-1.6578110903600516
1776099053.890293,-0.23633204139759997,,,
1776099053.8907523,,1.8068875842149343,,
1776099053.8913834,,,1.641099985975174,-3.282199971950348
1776099053.893894,,,1.6567274515870591,-1.6567274515870591
1776099053.895442,-0.24345576775948916,,,
1776099053.89588,,1.9737434078903768,,
1776099053.896466,,,1.6428506943084809,-1.6428506943084809
1776099053.8988898,,,3.322004896821684,-3.322004896821684
1776099053.9006093,-0.2481262343317607,,,
1776099053.9010754,,2.058093022626732,,
1776099053.9015641,,,3.0734130920614198,-3.0734130920614198
1776099053.9038997,,,1.7892580713679405,-3.578516142735881
1776099053.90527,-0.2533052016787538,,,
1776099053.9056304,,1.9449053241891563,,
1776099053.9063818,,,1.653275555147238,-1.653275555147238
1776099053.908919,,,3.316547596570454,-3.316547596570454
1776099053.9106116,-0.2610363638091178,,,
1776099053.9111521,,2.2314273835903298,,
1776099053.9115505,,,3.137726880867905,-3.137726880867905
1776099053.9139354,,,1.7965713586873318,-1.7965713586873318
1776099053.9154563,-0.2700493383559511,,,
1776099053.915857,,2.4579180759688946,,
1776099053.9164243,,,-1.6674640541672179,-3.3349281083344358
1776099053.9189222,,,3.3455535454056404,-3.3455535454056404
1776099053.920429,-0.27923198480184386,,,
1776099053.920768,,2.799849585039422,,
1776099053.9214103,,,3.3001215006583453,-3.3001215006583453
1776099053.92397,,,4.994900529934304,-3.3299336866228693
1776099053.925525,-0.2891549457371408,,,
1776099053.925972,,3.2268001883933675,,
1776099053.926567,,,0.0,-1.6858250323035924
1776099053.9289484,,,7.018289072576703,-7.018289072576703
1776099053.9304507,-0.29909526220283594,,,
1776099053.9307168,,3.408153239929493,,
1776099053.9314127,,,5.050597190325963,-5.050597190325963
1776099053.9338756,,,3.364448973685153,-5.04667346052773
1776099053.9353144,-0.31069017164232576,,,
1776099053.9357862,,3.478708532620901,,
1776099053.9363647,,,4.926409964471778,-3.2842733096478516
1776099053.9389255,,,4.929016909908003,-4.929016909908003
1776099053.9403815,-0.31966969042921467,,,
1776099053.9407635,,3.8350966153137254,,
1776099053.941407,,,3.3449620324732026,-5.017443048709804
1776099053.9439435,,,4.916430309184482,-4.916430309184482
1776099053.9454496,-0.3283424319071311,,,
1776099053.9458387,,4.2854057290111545,,
1776099053.9464245,,,4.94735578424582,-4.94735578424582
1776099053.9488776,,,5.0831139014119735,-5.0831139014119735
1776099053.9512289,-0.33816615225701396,,,
1776099053.951869,,4.677463432022383,,
1776099053.9521508,,,6.2684231089947735,-6.2684231089947735
1776099053.9538987,,,7.302463457720573,-7.302463457720573
1776099053.9553375,-0.34354846215966756,,,
1776099053.955752,,5.1168551389813075,,
1776099053.9563837,,,6.581698793319536,-3.290849396659768
1776099053.958925,,,6.6506005124399685,-4.987950384329976
1776099053.9604359,-0.3446926294116167,,,
1776099053.9605355,,5.081383249923599,,
1776099053.9614203,,,3.344854507138932,-6.689709014277864
1776099053.96399,,,6.655282487558971,-8.319103109448713
1776099053.965281,-0.35031037396345527,,,
1776099053.9658353,,5.236638564200403,,
1776099053.9663777,,,8.374191714130806,-3.349676685652322
1776099053.9689183,,,8.257381790587925,-8.257381790587925
1776099053.9704313,-0.3560940062978193,,,
1776099053.9708602,,5.522713823695147,,
1776099053.9715579,,,8.262304639004896,-4.957382783402938
1776099053.973948,,,8.527875265578901,-6.822300212463121
1776099053.975693,-0.36929133650038387,,,
1776099053.9759483,,5.76974007448096,,
1776099053.9767191,,,3.1493244637423983,-7.873311159355996
1776099053.9789734,,,2.051722623856781,-10.258613119283906
1776099053.980438,-0.38498588616375373,,,
1776099053.9808936,,6.399788534669478,,
1776099053.9815497,,,5.103075036779423,-6.80410004903923
1776099053.9838638,,,8.338457880903135,-8.338457880903135
1776099053.9854434,-0.39516279183901365,,,
1776099053.9858675,,7.0523155497862104,,
1776099053.9865313,,,3.1601440907974165,-9.48043227239225
1776099053.988881,,,10.29068675209667,-8.575572293413892
1776099053.990636,-0.3936359449214905,,,
1776099053.9908571,,7.375906949858139,,
1776099053.9915938,,,6.384725275753495,-7.980906594691868
1776099053.9940228,,,6.833904519573721,-10.250856779360582
1776099053.9959235,-0.3898394227026913,,,
1776099053.9959831,,7.2420209647696865,,
1776099053.9966533,,,10.897669232116757,-7.784049451511968
1776099053.9989262,,,9.26888208523556,-11.122658502282674
1776099054.000413,-0.3749986502120608,,,
1776099054.0009055,,7.16010732454147,,
1776099054.0014696,,,3.3229080674406095,-3.3229080674406095
1776099054.0040073,,,5.053010065931762,-8.421683443219601
1776099054.0059638,-0.3578000927996218,,,
1776099054.0065632,,6.790022875190062,,
1776099054.006593,,,1.7155531406967657,-1.7155531406967657
1776099054.0089254,,,4.864320092356725,-8.107200153927876
1776099054.0104425,-0.3395044160628612,,,
1776099054.0110245,,6.726677232312356,,
1776099054.0115352,,,10.010320834225627,-8.341934028521354
1776099054.013941,,,11.7711892851202,-10.089590815817312
1776099054.01556,-0.3225097348871879,,,
1776099054.016427,,6.631662422200077,,
1776099054.016718,,,8.183276528668635,-11.456587140136092
1776099054.0189006,,,7.752081103332125,-9.690101379165156
1776099054.0205398,-0.3056252188224899,,,
1776099054.0211172,,6.196446915155481,,
1776099054.021703,,,7.768691116862954,-1.553738223372591
1776099054.0239563,,,13.195761192531554,-7.540434967160887
1776099054.0254233,-0.29042265364862513,,,
1776099054.0266292,,5.892395611678186,,
1776099054.0271437,,,6.723019859336582,-5.042264894502437
1776099054.0289028,,,5.749053386872266,-9.581755644787108
1776099054.03024,-0.2806387948021447,,,
1776099054.0308113,,6.051912622195566,,
1776099054.031458,,,6.735219308794674,-6.735219308794674
1776099054.033897,,,8.478490870283608,-6.782792696226886
1776099054.0354376,-0.2712249133076308,,,
1776099054.0358813,,5.857772822670004,,
1776099054.0364373,,,9.89188540389349,-6.594590269262326
1776099054.038912,,,11.851523559182729,-11.851523559182729
1776099054.0403874,-0.2670120367149552,,,
1776099054.0411055,,6.042508938399189,,
1776099054.0414646,,,9.52604142257169,-9.52604142257169
1776099054.043921,,,5.133316993464053,-8.555528322440086
1776099054.0453255,-0.26185034472848756,,,
1776099054.0460238,,6.308325323436587,,
1776099054.0466204,,,7.744325694583821,-7.744325694583821
1776099054.048893,,,9.183802452436192,-7.347041961948954
1776099054.0507092,-0.2578637906473991,,,
1776099054.0517645,,,6.52428056037485,-3.262140280187425
1776099054.0523345,,6.374082633672325,,
1776099054.0539265,,,5.156019520303005,-1.7186731734343348
1776099054.0553856,-0.25055031419089085,,,
1776099054.0559907,,6.22781310454216,,
1776099054.0564024,,,4.965788931068232,-6.621051908090975
1776099054.0589237,,,8.53200274686606,-8.53200274686606
1776099054.0603552,-0.2440737760766122,,,
1776099054.0608907,,6.488249854131056,,
1776099054.0614338,,,9.837202916841402,-8.197669097367834
1776099054.0639122,,,10.126532287559465,-10.126532287559465
1776099054.0653775,-0.23300987921781632,,,
1776099054.065717,,6.468950307116292,,
1776099054.0664384,,,6.497162325954455,-4.872871744465842
1776099054.068925,,,8.326166489036975,-6.660933191229581
1776099054.0703797,-0.22340711160773988,,,
1776099054.0709758,,6.07291809783249,,
1776099054.0714698,,,8.160280598178108,-4.896168358906865
1776099054.0739138,,,10.261398393436696,-8.551165327863913
1776099054.075308,-0.21544670925765957,,,
1776099054.0758219,,5.91331035744666,,
1776099054.0763888,,,6.6192077902272475,-9.928811685340872
1776099054.079017,,,8.261712452646371,-8.261712452646371
1776099054.0802636,-0.20162587146068348,,,
1776099054.0807786,,5.589596551040641,,
1776099054.0814383,,,9.86692696810078,-4.93346348405039
1776099054.083895,,,6.75036457800319,-6.75036457800319
1776099054.0853512,-0.18679311687655353,,,
1776099054.085917,,5.276687261732937,,
1776099054.0865319,,,3.1637251421610357,-6.3274502843220715
1776099054.0889115,,,6.973266936327149,-5.229950202245362
1776099054.0905104,-0.1701609176459759,,,
1776099054.0910313,,5.094594451845727,,
1776099054.091421,,,6.610632498055289,-3.3053162490276446
1776099054.0939412,,,6.747403985183773,-6.747403985183773
1776099054.0952792,-0.1538281235257898,,,
1776099054.0959752,,4.767938569442005,,
1776099054.0966513,,,4.603213027131989,-7.672021711886647
1776099054.098877,,,7.416626965300264,-7.416626965300264
1776099054.1002877,-0.13702194658515218,,,
1776099054.100952,,4.626199246490152,,
1776099054.10154,,,6.528634078388014,-6.528634078388014
1776099054.1039608,,,6.9157408512729965,-5.186805638454748
1776099054.1054325,-0.12424537326852267,,,
1776099054.1057882,,4.323237498562989,,
1776099054.1063747,,,4.989344469453502,-4.989344469453502
1776099054.1088932,,,4.948296874463288,-4.948296874463288
1776099054.110316,-0.11290307809502645,,,
1776099054.110895,,4.039102210020969,,
1776099054.1114178,,,4.9162356903221855,-4.9162356903221855
1776099054.1138835,,,5.086263405558849,0.0
1776099054.1152606,-0.10544757101903014,,,
1776099054.1156821,,3.9703304387300515,,
1776099054.1163805,,,1.6367325379629796,-4.910197613888939
1776099054.1188982,,,4.956791334425741,-4.956791334425741
1776099054.1203268,-0.09721441469620527,,,
1776099054.1208684,,3.8192568873371675,,
1776099054.1215353,,,1.6458150829378186,-4.937445248813456
1776099054.1239424,,,6.958391838409431,-6.958391838409431
1776099054.125274,-0.08355205880269644,,,
1776099054.1260934,,3.6258152151836995,,
1776099054.1267393,,,6.784893510049012,-5.08867013253676
1776099054.129178,,,6.77599415167898,-6.77599415167898
1776099054.130661,-0.07780427428013652,,,
1776099054.131022,,3.051478595131144,,
1776099054.1315565,,,3.7530666747558077,0.0
1776099054.1338873,,,3.3851834402436625,-3.3851834402436625
1776099054.1354449,-0.073596435158606,,,
1776099054.1357918,,2.699926938654732,,
1776099054.1363883,,,3.2787576663330036,-1.6393788331665018
1776099054.1389077,,,1.6518830862500413,-3.3037661725000826
1776099054.1407037,-0.07980267049976181,,,
1776099054.1412516,,2.7656964113811564,,
1776099054.1416059,,,3.0937884927561234,-1.5468942463780617
1776099054.1439204,,,1.8197349441732087,-3.6394698883464174
1776099054.1455371,-0.09188373408023467,,,
1776099054.1459472,,3.1750556732365847,,
1776099054.146591,,,3.3171819760972916,-1.6585909880486458
1776099054.1489139,,,3.347815430520034,-3.347815430520034
1776099054.1503162,-0.11299290147906209,,,
1776099054.1507344,,3.763911162434507,,
1776099054.1514175,,,1.6566084019564558,-4.969825205869368
1776099054.1539216,,,5.012843873631714,-5.012843873631714
1776099054.15545,-0.1286589249923613,,,
1776099054.1559134,,4.204600591139847,,
1776099054.156581,,,6.264861694761199,-6.264861694761199
1776099054.158893,,,7.055026163415155,-5.291269622561367
1776099054.1606805,-0.13500587441209827,,,
1776099054.1611636,,4.400020379364951,,
1776099054.1618629,,,6.5072295890553775,-8.134036986319222
1776099054.1640494,,,7.440186498237132,-3.720093249118566
1776099054.1655006,-0.13726580875189676,,,
1776099054.1660492,,4.298664825278816,,
1776099054.1664126,,,8.448309883013662,-6.75864790641093
1776099054.16887,,,6.717969570289447,-6.717969570289447
1776099054.17023,-0.13544094862359332,,,
1776099054.170755,,4.262167622712749,,
1776099054.171417,,,4.906142950293654,-4.906142950293654
1776099054.1738734,,,5.068656703086852,-5.068656703086852
1776099054.1755977,-0.13123160571489037,,,
1776099054.176022,,4.152267156820284,,
1776099054.1766367,,,4.505451315145081,-3.0036342100967204
1776099054.1789505,,,3.7349621167873392,-3.7349621167873392
1776099054.1810472,-0.12588048650957018,,,
1776099054.1812794,,4.12851422776053,,
1776099054.1815157,,,3.3485448309375556,-5.022817246406333
1776099054.1839316,,,4.986593677365117,-4.986593677365117
1776099054.185398,-0.11887202027652921,,,
1776099054.185899,,4.390436447628972,,
1776099054.1864028,,,6.6574144078112285,-4.993060805858422
1776099054.188861,,,6.6967634875603546,-6.6967634875603546
1776099054.1903505,-0.11379309825102207,,,
1776099054.1907675,,4.568510144947497,,
1776099054.1913776,,,6.501175061747494,-4.875881296310621
1776099054.193885,,,6.623740240335934,-6.623740240335934
1776099054.195613,-0.10530247522013125,,,
1776099054.1960266,,4.486630228858944,,
1776099054.1966898,,,2.9305776263753125,-2.9305776263753125
1776099054.198947,,,5.716173623409422,-5.716173623409422
1776099054.2003458,-0.0977209785957092,,,
1776099054.2007678,,4.335000296370502,,
1776099054.2016232,,,6.694876959678087,-6.694876959678087
1776099054.2040286,,,8.228097578918476,-8.228097578918476
1776099054.2056978,-0.09089696782044689,,,
1776099054.206163,,4.063556948125647,,
1776099054.2066164,,,5.124882575607397,-5.124882575607397
1776099054.208916,,,6.902885496181058,-5.177164122135794
1776099054.210803,-0.09291477454304492,,,
1776099054.2111502,,4.028504264087362,,
1776099054.2115448,,,3.3023747539062835,-4.953562130859425
1776099054.213942,,,3.334955551915712,-3.334955551915712
1776099054.2154632,-0.09485898286694218,,,
1776099054.215798,,4.067388430565306,,
1776099054.21645,,,4.98575633313683,-3.3238375554245536
1776099054.2188904,,,3.397215373196802,-3.397215373196802
1776099054.220505,-0.09505370554607068,,,
1776099054.2210512,,4.110319604673745,,
1776099054.221635,,,4.500446241236421,-4.500446241236421
1776099054.2238786,,,5.543685211413844,-5.543685211413844
1776099054.2253296,-0.09205400922123609,,,
1776099054.2257783,,4.086831007269505,,
1776099054.2263682,,,6.562067117544107,-6.562067117544107
1776099054.2288816,,,6.568182420499002,-6.568182420499002
1776099054.2303624,-0.08827562186520815,,,
1776099054.2309601,,3.8423261897503034,,
1776099054.231365,,,6.593596390290837,-4.945197292718127
1776099054.2339048,,,4.9781170052130825,-4.9781170052130825
1776099054.2357113,-0.08194423475355657,,,
1776099054.236134,,3.3888824903501815,,
1776099054.2364368,,,4.894054292096783,-4.894054292096783
1776099054.238934,,,3.2709676021080725,-1.6354838010540362
1776099054.2404459,-0.07159438688519684,,,
1776099054.2407756,,2.9096943383264984,,
1776099054.2414675,,,3.306761270485807,-3.306761270485807
1776099054.2439306,,,3.374059747425005,-3.374059747425005
1776099054.2453542,-0.06743317312750721,,,
1776099054.2457728,,2.8264700631727058,,
1776099054.246513,,,1.663208224438801,-3.326416448877602
1776099054.2489076,,,3.322988373040759,-1.6614941865203794
1776099054.2502532,-0.06756671530138161,,,
1776099054.250651,,2.819681496556894,,
1776099054.2514231,,,3.23606564199169,-3.23606564199169
1776099054.2539308,,,3.3743318101446222,-3.3743318101446222
1776099054.2553968,-0.06762900073648485,,,
1776099054.2560396,,2.820927205258959,,
1776099054.2565742,,,3.2502307840873588,-3.2502307840873588
1776099054.2589157,,,5.161441112593114,-3.440960741728743
1776099054.2608442,-0.06569863438310873,,,
1776099054.261474,,,3.293012543080258,-3.293012543080258
1776099054.2616723,,2.6285711563933027,,
1776099054.2639415,,,3.354946880650251,-5.032420320975377
1776099054.265376,-0.07113237767034734,,,
1776099054.2657578,,2.5090210997462172,,
1776099054.2663977,,,5.0011878336491895,-3.3341252224327924
1776099054.268887,,,3.3419495824919814,-3.3419495824919814
1776099054.270403,-0.07347749576067004,,,
1776099054.2708237,,2.384188537464461,,
1776099054.27137,,,1.6446957730748513,-1.6446957730748513
1776099054.2738967,,,1.6549207376834987,-1.6549207376834987
1776099054.275239,-0.07491231811410931,,,
1776099054.2755492,,2.178398199121881,,
1776099054.2764738,,,1.612486019533357,-1.612486019533357
1776099054.2789445,,,3.356707787279989,-1.6783538936399944
1776099054.2802765,-0.07345042207451816,,,
1776099054.280695,,2.1436978020789974,,
1776099054.2813892,,,1.680402837532043,-3.360805675064086
1776099054.283955,,,3.314881363546813,-3.314881363546813
1776099054.2853885,-0.07227924780951343,,,
1776099054.2858396,,2.064983398627928,,
1776099054.286426,,,3.2818628297147105,-3.2818628297147105
1776099054.2888923,,,3.372800550423563,-3.372800550423563
1776099054.290349,-0.06856777284343754,,,
1776099054.2906773,,1.9077509065159093,,
1776099054.2913897,,,3.2819131868101095,-1.6409565934050547
1776099054.2938895,,,1.6604193348891176,-1.6604193348891176
1776099054.2952607,-0.06613942022255995,,,
1776099054.295732,,1.6025807014266018,,
1776099054.296391,,,1.638564589484229,-3.277129178968458
1776099054.2989194,,,1.6511484288942626,-1.6511484288942626
1776099054.3002708,-0.06587729860182251,,,
1776099054.300628,,1.5099386489948896,,
1776099054.3014178,,,1.6511880851166745,-1.6511880851166745
1776099054.3039384,,,1.6782865838642644,-1.6782865838642644
1776099054.305322,-0.07309458137078347,,,
1776099054.3056915,,1.571014849327459,,
1776099054.306404,,,1.6646738418364737,-1.6646738418364737
1776099054.3088782,,,1.6627564032944444,-1.6627564032944444
1776099054.3102846,-0.08163906457814393,,,
1776099054.3106098,,1.6008127488436252,,
1776099054.3113961,,,1.6347761496432307,0.0
1776099054.313898,,,1.6647400641069825,-1.6647400641069825
1776099054.3152857,-0.09250250506436984,,,
1776099054.3156662,,1.6586038982627997,,
1776099054.316377,,,1.644265890641039,-3.288531781282078
1776099054.3188913,,,3.3105259540454877,-1.6552629770227438
1776099054.3202531,-0.10539836425054044,,,
1776099054.3204613,,1.7864875009853638,,
1776099054.3213801,,,1.6455414426007837,-3.2910828852015674
1776099054.3239615,,,3.228778779809618,-3.228778779809618
1776099054.3255563,-0.11984711157901426,,,
1776099054.3256168,,1.9519571918296492,,
1776099054.3263845,,,3.37413958737037,-1.687069793685185
1776099054.3289306,,,1.6506111332566356,-1.6506111332566356
1776099054.3303542,-0.12777187421140762,,,
1776099054.3307455,,1.985481646343504,,
1776099054.3314345,,,1.6605246088796681,-3.3210492177593363
1776099054.3340013,,,3.2706591589350347,-1.6353295794675173
1776099054.3354747,-0.1340187697537272,,,
1776099054.3363514,,2.146391961770049,,
1776099054.3367827,,,1.6985941970975738,-3.3971883941951475
1776099054.3389022,,,3.97060888717715,-1.985304443588575
1776099054.340685,-0.14299524654694146,,,
1776099054.3411722,,2.2866183148523156,,
1776099054.341398,,,3.2894688346169754,-3.2894688346169754
1776099054.3439248,,,3.5289503127696062,-1.7644751563848031
1776099054.3454518,-0.1520500263274151,,,
1776099054.3459506,,2.509148791293001,,
1776099054.3464,,,1.6623443037315815,-3.324688607463163
1776099054.348901,,,3.3279087485363976,-3.3279087485363976
1776099054.3503237,-0.15893806474931726,,,
1776099054.3507402,,2.7387058069744707,,
1776099054.3513708,,,3.306945892694022,-3.306945892694022
1776099054.353883,,,4.9529737171195976,-3.3019824780797316
1776099054.3555362,-0.1629778873239159,,,
1776099054.3557284,,2.7845957029108885,,
1776099054.356462,,,3.283910531575573,-3.283910531575573
1776099054.3589494,,,4.872148196158,-4.872148196158
1776099054.3602452,-0.16638566377927608,,,
1776099054.3606722,,2.852751232018092,,
1776099054.3614075,,,0.0,-3.3667644591826944
1776099054.3639052,,,3.343267133623899,-3.343267133623899
1776099054.3654706,-0.1677984935353637,,,
1776099054.3658338,,2.7917429713298354,,
1776099054.366406,,,3.315937735188403,-3.315937735188403
1776099054.3688905,,,5.026216145952259,-5.026216145952259
1776099054.3704078,-0.17005865161181188,,,
1776099054.3708131,,2.9559215302294524,,
1776099054.3716166,,,4.628147495039899,-3.0854316633599326
1776099054.373898,,,5.537529580471644,-5.537529580471644
1776099054.375343,-0.1721298005137853,,,
1776099054.3755558,,2.9551102406692595,,
1776099054.3763676,,,3.275813059472821,-3.275813059472821
1776099054.3789039,,,3.316547596570454,-3.316547596570454
1776099054.3803954,-0.18146850884550894,,,
1776099054.3806195,,2.9881356855055987,,
1776099054.3813984,,,3.274961770099537,-3.274961770099537
1776099054.3839407,,,3.3366405859835853,-1.6683202929917926
1776099054.3852997,-0.19124489953746698,,,
1776099054.3856668,,3.313563849217533,,
1776099054.3863726,,,5.033435731883111,-3.3556238212554077
1776099054.3889534,,,3.2586116451284775,-4.887917467692716
1776099054.3903708,-0.203339889677954,,,
1776099054.3908882,,3.6615156299746863,,
1776099054.3914344,,,5.017682820309089,-3.345121880206059
1776099054.393948,,,1.6831643875811098,-5.04949316274333
1776099054.3953354,-0.21459677275176792,,,
1776099054.3958602,,3.8866532914509646,,
1776099054.3964612,,,6.75014266532956,-5.06260699899717
1776099054.3989449,,,6.80866957748187,-6.80866957748187
1776099054.400566,-0.22564534497252908,,,
1776099054.4009323,,4.459354913983236,,
1776099054.401405,,,5.007252186959737,-6.6763362492796485
1776099054.4038644,,,5.031810832627549,-5.031810832627549
1776099054.4053745,-0.23088214983519312,,,
1776099054.405992,,4.29509736365382,,
1776099054.4064028,,,3.2427789989366507,-6.485557997873301
1776099054.4089074,,,6.6612530031498975,-6.6612530031498975
1776099054.4103372,-0.2366923180438077,,,
1776099054.4107354,,4.406237944959275,,
1776099054.411391,,,6.636745614192749,-6.636745614192749
1776099054.4139233,,,6.659386426567125,-4.994539819925344
1776099054.4157486,-0.2427533414434783,,,
1776099054.416366,,4.37650754484412,,
1776099054.4167333,,,6.611472564401811,-6.611472564401811
1776099054.4188905,,,6.7884406507191395,-5.091330488039355
1776099054.4202611,-0.24516932291358087,,,
1776099054.4206455,,4.446543848122339,,
1776099054.4214041,,,4.953407047967624,-4.953407047967624
1776099054.4239175,,,5.005722245801299,-5.005722245801299
1776099054.4253685,-0.24402193996359808,,,
1776099054.4260933,,4.423596189122683,,
1776099054.4264295,,,4.95324772634232,-4.95324772634232
1776099054.4289093,,,5.064251852094488,-5.064251852094488
1776099054.4303744,-0.24859538537108383,,,
1776099054.4308193,,4.544375945448818,,
1776099054.4314046,,,6.630290786704655,-4.972718090028492
1776099054.4339077,,,5.0067290806030105,-5.0067290806030105
1776099054.435432,-0.2484391943189992,,,
1776099054.43607,,4.828231974279899,,
1776099054.436593,,,6.595479932071547,-4.94660994905366
1776099054.4389088,,,3.7079831157154826,-7.415966231430965
1776099054.4407034,-0.244350366617028,,,
1776099054.4410229,,4.810139899460153,,
1776099054.4416628,,,3.0317991423509345,-6.063598284701869
1776099054.4439266,,,7.518960280913232,-7.518960280913232
1776099054.445372,-0.24450088197986422,,,
1776099054.4458532,,4.977557418760982,,
1776099054.4465654,,,4.885734049103737,-6.514312065471649
1776099054.4489734,,,6.882659656041187,-8.603324570051484
1776099054.4503639,-0.26209018902271214,,,
1776099054.4508226,,5.117239603723115,,
1776099054.4514084,,,8.24029845192774,-6.592238761542193
1776099054.453959,,,6.543530756133795,-6.543530756133795
1776099054.455654,-0.27010647972759133,,,
1776099054.4565558,,5.338718505606958,,
1776099054.4566078,,,5.042471821134493,-6.723295761512657
1776099054.4588773,,,6.603231554796772,-6.603231554796772
1776099054.4605727,-0.2866023308154754,,,
1776099054.4609218,,5.681692177915955,,
1776099054.4614093,,,4.887342476978266,-3.2582283179855107
1776099054.4639847,,,6.815757098209687,-6.815757098209687
1776099054.4654083,-0.29994296505181894,,,
1776099054.4658637,,6.167403606069458,,
1776099054.4663959,,,1.645567466171957,-4.936702398515871
1776099054.468892,,,8.353869622581902,-8.353869622581902
1776099054.4708805,-0.31141287636356196,,,
1776099054.4714541,,6.475807891252579,,
1776099054.471552,,,3.168885026392813,-4.75332753958922
1776099054.473948,,,8.412482470511508,-10.094978964613812
1776099054.475292,-0.3119106371467312,,,
1776099054.4758317,,6.485763106915963,,
1776099054.4764667,,,6.6583211034828125,-3.3291605517414062
1776099054.4789927,,,11.57311773728135,-9.919815203384013
1776099054.4804478,-0.30706447758008554,,,
1776099054.4810474,,6.496890360451583,,
1776099054.481876,,,3.070735000786062,-10.747572502751218
1776099054.4840965,,,12.011155575943624,-10.009296313286352
1776099054.4857097,-0.3023446641283,,,
1776099054.4861445,,6.16347744764997,,
1776099054.486571,,,0.0,-6.701189935125381
1776099054.4889657,,,10.193894883658269,-5.096947441829134
1776099054.4905493,-0.2956905328702819,,,
1776099054.4909346,,5.98509623894423,,
1776099054.491409,,,5.126313310301445,-8.543855517169074
1776099054.4938776,,,9.950748578928742,-9.950748578928742
1776099054.495386,-0.28874644919504355,,,
1776099054.4956636,,5.92135692167356,,
1776099054.496411,,,9.696501260586214,-6.464334173724143
1776099054.4988892,,,8.38919848056541,-8.38919848056541
1776099054.5003057,-0.28250551062744994,,,
1776099054.5006347,,5.777619330135089,,
1776099054.5014133,,,0.0,-3.272382740036871
1776099054.5038896,,,8.404526987563528,-6.723621590050823
1776099054.5057557,-0.28293800480175785,,,
1776099054.5070508,,5.881662701322688,,
1776099054.5071173,,,4.703644311848179,-4.703644311848179
1776099054.5089428,,,7.560128238048653,-7.560128238048653
1776099054.510578,-0.28403488009582906,,,
1776099054.510997,,6.038430108815648,,
1776099054.5115325,,,8.397733052225862,-5.038639831335518
1776099054.5139198,,,8.461924395207939,-5.077154637124764
1776099054.5157933,-0.2958962589689594,,,
1776099054.5162594,,6.3715840984919945,,
1776099054.5164475,,,6.424878116917365,-9.63731717537605
1776099054.5189483,,,10.179084809491094,-8.48257067457591
1776099054.5203817,-0.3041276272428212,,,
1776099054.5206833,,6.419367764647773,,
1776099054.5214765,,,3.3335117663365663,-6.667023532673133
1776099054.5239255,,,6.582326133239595,-9.873489199859392
1776099054.5255606,-0.3132031863145474,,,
1776099054.5260148,,6.524137816311304,,
1776099054.5264337,,,8.23566251109794,-11.52992751553712
1776099054.529008,,,9.80426069509808,-9.80426069509808
1776099054.5304253,-0.3139003017824335,,,
1776099054.5311131,,6.538080125669026,,
1776099054.5317814,,,9.550325609502163,-4.775162804751082
1776099054.5340054,,,7.382063245497121,-9.2275790568714
1776099054.5354652,-0.32434421706674404,,,
1776099054.536216,,6.261863894035475,,
1776099054.5368347,,,6.6552853637242375,-3.3276426818621188
1776099054.539009,,,12.172790128620026,-8.115193419080017
1776099054.5404463,-0.32196873882769694,,,
1776099054.5408716,,6.193570273274888,,
1776099054.5415847,,,6.688471288730131,-6.688471288730131
1776099054.544091,,,6.54718900663613,-8.183986258295162
1776099054.5456345,-0.32649243095100977,,,
1776099054.5461698,,6.068742612772528,,
1776099054.5464454,,,1.7313540423863976,-3.462708084772795
1776099054.5488973,,,6.7728472086510445,-8.466059010813805
1776099054.550437,-0.32168795441663656,,,
1776099054.5505383,,6.085233385308134,,
1776099054.5514257,,,9.938859243615225,-6.625906162410149
1776099054.5539064,,,5.070345555155929,-10.140691110311858
1776099054.5554025,-0.3191145313856429,,,
1776099054.5560377,,6.106375889488939,,
1776099054.556692,,,4.5954127033105046,-6.127216937747339
1776099054.5594547,,,4.429898355675607,-7.38316392612601
1776099054.5604463,-0.30512152192068986,,,
1776099054.561076,,5.826515700189879,,
1776099054.561578,,,-2.100265204385389,-10.501326021926944
1776099054.563903,,,8.728151768528766,-10.473782122234521
1776099054.5655081,-0.29348372918979965,,,
1776099054.566316,,5.568445931237893,,
1776099054.5663705,,,11.691941825435185,-11.691941825435185
1776099054.5688968,,,9.828676881682025,-6.552451254454684
1776099054.5704231,-0.2793140252369067,,,
1776099054.5708613,,5.063088792807684,,
1776099054.5715475,,,4.961720839935715,-8.269534733226191
1776099054.5739102,,,8.45352990911886,-6.762823927295088
1776099054.5753024,-0.26372496496508463,,,
1776099054.575767,,4.567581861756315,,
1776099054.5763671,,,4.979904935379219,-6.639873247172292
1776099054.5788786,,,4.940691508782532,-3.2937943391883544
1776099054.580241,-0.24468521509468896,,,
1776099054.5806372,,4.186786864348401,,
1776099054.5814037,,,3.2319161085071344,-3.2319161085071344
1776099054.583918,,,1.6481380027149581,-1.6481380027149581
1776099054.5854056,-0.21932063008224348,,,
1776099054.5858064,,3.5890312281368124,,
1776099054.586404,,,4.982173353998613,-3.321448902665742
1776099054.5889058,,,3.351865358272486,-3.351865358272486
1776099054.5903578,-0.19187022515646865,,,
1776099054.590777,,3.0400231296213156,,
1776099054.5914102,,,3.2686265570368986,-3.2686265570368986
1776099054.5939069,,,3.3273220201991034,-3.3273220201991034
1776099054.595477,-0.16066928102892014,,,
1776099054.5958512,,2.5833425439320923,,
1776099054.5964332,,,3.234101605797913,-3.234101605797913
1776099054.598909,,,3.3761412556549795,-3.3761412556549795
1776099054.6003807,-0.13366056747168703,,,
1776099054.6006,,2.141626076434589,,
1776099054.6014998,,,3.3459576966163036,-3.3459576966163036
1776099054.6040845,,,3.388908152020776,-3.388908152020776
1776099054.6056068,-0.10584610388165655,,,
1776099054.6059732,,1.3825590277043776,,
1776099054.6063943,,,3.4217611772833783,-1.7108805886416891
1776099054.6088762,,,0.0,0.0
1776099054.610231,-0.08633958360009208,,,
1776099054.6105278,,0.7839219066362777,,
1776099054.6113818,,,0.0,-1.633697448919439
1776099054.6138964,,,1.6583666566007247,0.0
1776099054.6152556,-0.08148778294969868,,,
1776099054.6156342,,0.6868858936284095,,
1776099054.6164224,,,0.0,0.0
1776099054.618888,,,0.0,0.0
1776099054.6206174,-0.0804767178797891,,,
1776099054.620849,,0.7625910044439587,,
1776099054.6213975,,,0.0,0.0
1776099054.6238902,,,1.6598888712064581,0.0
1776099054.625172,-0.0855193381884546,,,
1776099054.6256313,,0.8634434106172685,,
1776099054.6263978,,,1.6374808850497684,0.0
1776099054.6289475,,,1.6620256769098307,-1.6620256769098307
1776099054.6302834,-0.09414173613961833,,,
1776099054.6306517,,0.9185147458067857,,
1776099054.6314025,,,1.6775553039883848,-1.6775553039883848
1776099054.63391,,,1.6724940941647748,0.0
1776099054.6358316,-0.10480287985738539,,,
1776099054.6360507,,0.7247165238941033,,
1776099054.6364117,,,1.6405426442725657,0.0
1776099054.6388948,,,1.6759728052295912,-1.6759728052295912
1776099054.6407025,-0.1030343947338736,,,
1776099054.6409912,,0.5248063782516876,,
1776099054.641439,,,1.6262851368884625,-1.6262851368884625
1776099054.6439128,,,1.6889207521196195,0.0
1776099054.645336,-0.10126038357392655,,,
1776099054.6457448,,0.32358663172789504,,
1776099054.6463983,,,0.0,0.0
1776099054.6489666,,,1.647523697713118,0.0
1776099054.650268,-0.09802712515759207,,,
1776099054.6507752,,0.12169340148432672,,
1776099054.6513982,,,-1.6670893199414565,0.0
1776099054.653908,,,0.0,1.6536178245527544
1776099054.655346,-0.09710966518712834,,,
1776099054.65577,,-0.04973836408270871,,
1776099054.6563983,,,-1.6484781480029966,0.0
1776099054.6589167,,,0.0,0.0
1776099054.6604135,-0.09569341273881318,,,
1776099054.6607647,,0.06516004963122568,,
1776099054.66141,,,0.0,-1.657969581586591
1776099054.664058,,,1.6694727246740348,0.0
1776099054.6659806,-0.09828846851765949,,,
1776099054.666456,,0.050045907786608224,,
1776099054.666804,,,0.0,-1.4673680117702492
1776099054.6689231,,,0.0,0.0
1776099054.6702461,-0.10032867233120212,,,
1776099054.6705673,,0.003317132912422416,,
1776099054.6713598,,,0.0,0.0
1776099054.673849,,,0.0,1.6443059192203484
1776099054.6751766,-0.10412038576819643,,,
1776099054.6757057,,0.07915140165230916,,
1776099054.6763558,,,0.0,0.0
1776099054.6788628,,,0.0,0.0
1776099054.6801782,-0.10830886503395415,,,
1776099054.6804254,,0.05593639112352733,,
1776099054.6813874,,,0.0,0.0
1776099054.6838953,,,0.0,0.0
1776099054.685253,-0.11251251355727442,,,
1776099054.685682,,0.13907674369341017,,
1776099054.686378,,,0.0,0.0
1776099054.688884,,,0.0,0.0
1776099054.6902113,-0.11562462069317027,,,
1776099054.6907966,,0.20131888641132756,,
1776099054.6914127,,,0.0,-1.6481902150694037
1776099054.693938,,,0.0,0.0
1776099054.6954083,-0.11840509694254717,,,
1776099054.6958256,,0.16006938128860249,,
1776099054.6964068,,,0.0,0.0
1776099054.6989393,,,0.0,0.0
1776099054.7004237,-0.12250690342808379,,,
1776099054.7008226,,0.16936131507058194,,
1776099054.7013924,,,0.0,1.6566746969450556
1776099054.7038715,,,0.0,0.0
1776099054.70528,-0.1264412182262629,,,
1776099054.7056165,,0.24125282350235722,,
1776099054.7063806,,,0.0,0.0
1776099054.7088974,,,0.0,0.0
1776099054.710514,-0.13164171922056983,,,
1776099054.710913,,0.3639152013189455,,
1776099054.7113976,,,0.0,0.0
1776099054.7138858,,,1.660206679182813,-1.660206679182813
1776099054.715256,-0.13657209312660656,,,
1776099054.7156065,,0.4685180802030393,,
1776099054.7163641,,,0.0,0.0
1776099054.718891,,,0.0,0.0
1776099054.7202163,-0.1439768317161948,,,
1776099054.7205532,,0.616612851994804,,
1776099054.7214043,,,0.0,0.0
1776099054.7239168,,,0.0,0.0
1776099054.7252488,-0.15116785216725523,,,
1776099054.7257252,,0.6288009064782689,,
1776099054.7263837,,,1.6559877676302133,0.0
1776099054.728919,,,1.6562257056073266,-1.6562257056073266
1776099054.7307208,-0.16096742784391854,,,
1776099054.7309463,,0.9415028882049188,,
1776099054.7314038,,,1.6471719657703907,0.0
1776099054.7338831,,,1.6650338089858652,-1.6650338089858652
1776099054.7355657,-0.1705027494701714,,,
1776099054.7359254,,1.06625991233303,,
1776099054.736392,,,1.6289487303036367,-1.6289487303036367
1776099054.738894,,,1.664406846785475,-1.664406846785475
1776099054.7403395,-0.18507734615054974,,,
1776099054.7407062,,1.2242542556098073,,
1776099054.741386,,,1.6408796613801926,0.0
1776099054.7438982,,,1.66175953058728,-1.66175953058728
1776099054.7452302,-0.19474728442300906,,,
1776099054.7456286,,1.4176530210589937,,
1776099054.7463934,,,1.6399346857078763,0.0
1776099054.7489285,,,1.663341159744786,-1.663341159744786
1776099054.7502713,-0.20281148034527555,,,
1776099054.7508209,,1.7950378292413887,,
1776099054.751513,,,3.301563398235449,-3.301563398235449
1776099054.7539048,,,3.419087043215656,-3.419087043215656
1776099054.7552502,-0.2098755867550006,,,
1776099054.7556758,,2.0117287759261355,,
1776099054.756371,,,3.306813814707929,-1.6534069073539646
1776099054.758897,,,4.912168963539306,-3.274779309026204
1776099054.7602491,-0.2140910034699106,,,
1776099054.7605762,,2.188233050851987,,
1776099054.761388,,,1.6505976876544928,-3.3011953753089855
1776099054.7639337,,,3.3067342889665854,-1.6533671444832927
1776099054.7659612,-0.21144859595932075,,,
1776099054.7664201,,2.0679699498344224,,
1776099054.7664669,,,3.3293995085427808,-1.6646997542713904
1776099054.7689104,,,3.273929948814314,-1.636964974407157
1776099054.7703416,-0.20704257095942508,,,
1776099054.7707152,,2.2588354320248034,,
1776099054.7714434,,,1.6496676423723577,-3.2993352847447155
1776099054.773901,,,3.3802021763286225,-1.6901010881643113
1776099054.7754393,-0.20127232887061797,,,
1776099054.7756507,,2.2931823782045564,,
1776099054.7763867,,,3.3039490427296703,-3.3039490427296703
1776099054.7789316,,,3.2960671758590463,-3.2960671758590463
1776099054.7805371,-0.19242968714919853,,,
1776099054.7820032,,,4.161378121419714,-1.387126040473238
1776099054.7820787,,2.1163295437761676,,
1776099054.7840004,,,2.0569184512573093,-4.113836902514619
1776099054.785699,-0.18376586988067786,,,
1776099054.786326,,2.483172191620343,,
1776099054.78638,,,3.43076689923007,-1.715383449615035
1776099054.7889464,,,3.203011460243462,-3.203011460243462
1776099054.790325,-0.17494107706563558,,,
1776099054.7908907,,2.4444373217486746,,
1776099054.791408,,,3.3476014751214063,-1.6738007375607031
1776099054.7938983,,,3.3242623093922705,-3.3242623093922705
1776099054.7952907,-0.16487500437905064,,,
1776099054.7955484,,2.5193039965157036,,
1776099054.7963817,,,3.2788344558889237,-3.2788344558889237
1776099054.7988856,,,4.968598031523002,-1.6561993438410005
1776099054.8002741,-0.15438183166753083,,,
1776099054.8006709,,2.48583855585613,,
1776099054.8013685,,,3.282018102389094,-3.282018102389094
1776099054.803912,,,3.306420483638997,-3.306420483638997
1776099054.8052173,-0.142798618956763,,,
1776099054.8055239,,2.4641465594864047,,
1776099054.8063927,,,3.3084719452270317,-1.6542359726135158
1776099054.808891,,,3.3245551084309595,-3.3245551084309595
1776099054.8103044,-0.12975978084663217,,,
1776099054.810718,,2.4657018884627537,,
1776099054.811449,,,3.286037917667878,-3.286037917667878
1776099054.8139248,,,3.322668607713741,-1.6613343038568704
1776099054.815767,-0.11563727900831115,,,
1776099054.8161557,,2.420270028541117,,
1776099054.8169081,,,4.773226879136186,-3.1821512527574574
1776099054.8189113,,,3.5001654584372566,-3.5001654584372566
1776099054.8204732,-0.09899206319513741,,,
1776099054.8209574,,2.0873657122776423,,
1776099054.8214047,,,3.294473605704197,-1.6472368028520985
1776099054.8238988,,,1.6613077792162567,-3.3226155584325134
1776099054.8253162,-0.08025028675062523,,,
1776099054.8258152,,2.0288208814365927,,
1776099054.8264725,,,3.2810083935262844,-1.6405041967631422
1776099054.8289032,,,1.7108942739954969,-1.7108942739954969
1776099054.8303165,-0.061067153371581556,,,
1776099054.8306718,,1.945327945407882,,
1776099054.8313816,,,3.289651530887396,-1.644825765443698
1776099054.8338945,,,1.6544200852815614,0.0
1776099054.8352635,-0.04272638818371602,,,
1776099054.835574,,1.7553103486056179,,
1776099054.8364072,,,1.6477197177460143,-1.6477197177460143
1776099054.8388836,,,3.3210506501499557,-3.3210506501499557
1776099054.8404596,-0.025281185849184113,,,
1776099054.8407872,,1.65221773321269,,
1776099054.841391,,,3.2752961026813185,-1.6376480513406593
1776099054.8439522,,,1.6586703044501356,-1.6586703044501356
1776099054.845421,-0.009611027108277685,,,
1776099054.8459928,,1.450462243721109,,
1776099054.8464198,,,3.328173419218956,-3.328173419218956
1776099054.8489246,,,1.661573780842485,-1.661573780842485
1776099054.8515928,,,1.6516988291769188,0.0
1776099054.8516498,0.0038204960681555607,,,
1776099054.8522203,,1.241386094441808,,
1776099054.8539166,,,1.6629955721405625,-1.6629955721405625
1776099054.8554587,0.01509132231036605,,,
1776099054.8557985,,1.0356877765526449,,
1776099054.8563676,,,0.0,0.0
1776099054.8588727,,,1.649642195795601,0.0
1776099054.8602974,0.02763373314125566,,,
1776099054.8606791,,0.7848395599348527,,
1776099054.8613856,,,0.0,-1.6304429419797783
1776099054.863886,,,0.0,-1.6554209813874359
1776099054.865448,0.03812040676110707,,,
1776099054.866067,,0.6402561091663231,,
1776099054.8666089,,,0.0,0.0
1776099054.868912,,,0.0,-1.8273798114698299
1776099054.8702848,0.04451784409928824,,,
1776099054.8706894,,0.5123073624026997,,
1776099054.871401,,,0.0,0.0
1776099054.873921,,,0.0,-1.6708007522958563
1776099054.8752882,0.04984874469003193,,,
1776099054.8759062,,0.3526633616141196,,
1776099054.8763926,,,-1.654420796220706,0.0
1776099054.8788898,,,0.0,-1.672789855256743
1776099054.8802793,0.05114045775742654,,,
1776099054.8807573,,0.3043130396216134,,
1776099054.8813882,,,-1.640503497734197,-1.640503497734197
1776099054.8839006,,,0.0,0.0
1776099054.885243,0.049486741990743474,,,
1776099054.8861299,,0.25132004621905724,,
1776099054.8865478,,,0.0,-1.565036941126797
1776099054.8888958,,,0.0,0.0
1776099054.8902462,0.04761676704853453,,,
1776099054.890542,,0.23596001834567915,,
1776099054.891385,,,1.6447737660304171,0.0
1776099054.8938935,,,0.0,0.0
1776099054.8952641,0.04641195780347424,,,
1776099054.8955605,,0.2200868648244928,,
1776099054.8963797,,,0.0,0.0
1776099054.8988988,,,0.0,-1.6523949696207458
1776099054.9002707,0.04681608597193675,,,
1776099054.9008012,,0.15271644946202811,,
1776099054.901418,,,0.0,0.0
1776099054.9039319,,,0.0,-1.6776364446099499
1776099054.9053066,0.04809739268764786,,,
1776099054.9056995,,0.06766923202651687,,
1776099054.9063988,,,0.0,0.0
1776099054.9089105,,,-1.6531051833806318,-1.6531051833806318
1776099054.9106307,0.05006974207427277,,,
1776099054.9110034,,-0.03612839056603234,,
1776099054.9115353,,,0.0,0.0
1776099054.9139109,,,0.0,0.0
1776099054.915373,0.05319167872403769,,,
1776099054.9158719,,-0.09816743017710694,,
1776099054.916415,,,0.0,0.0
1776099054.918923,,,1.6614275052564018,1.6614275052564018
1776099054.9203427,0.05717841889195539,,,
1776099054.9208202,,-0.16511204524029544,,
1776099054.9214137,,,0.0,0.0
1776099054.9238918,,,0.0,0.0
1776099054.9253747,0.06129953849537643,,,
1776099054.9258642,,-0.24593566377182052,,
1776099054.9264455,,,0.0,1.5909296658491765
1776099054.9289117,,,0.0,0.0
1776099054.9302833,0.06571665696999923,,,
1776099054.9306028,,-0.3216210760971858,,
1776099054.9314227,,,0.0,0.0
1776099054.9339082,,,0.0,0.0
1776099054.935551,0.07159665665577744,,,
1776099054.9358702,,-0.4718626961910366,,
1776099054.9363875,,,-1.6526446455422403,0.0
1776099054.938904,,,0.0,-1.6565827408046625
1776099054.9402952,0.07737111705766939,,,
1776099054.940882,,-0.593880229504533,,
1776099054.9413896,,,0.0,0.0
1776099054.9439032,,,0.0,0.0
1776099054.9455435,0.0809596146876051,,,
1776099054.9458978,,-0.7630421367258087,,
1776099054.9464066,,,-1.6396629971167558,1.6396629971167558
1776099054.9489064,,,-3.3365335949686985,1.6682667974843493
1776099054.9505243,0.08447352085624793,,,
1776099054.9508774,,-0.8333202600986653,,
1776099054.951516,,,-1.6288846357180586,1.6288846357180586
1776099054.9538987,,,-1.6918613060850685,1.6918613060850685
1776099054.955271,0.08615411897649114,,,
1776099054.9558089,,-1.0088233739030206,,
1776099054.9564538,,,-1.6203658945555275,1.6203658945555275
1776099054.9590826,,,-3.354648704075945,1.6773243520379726
1776099054.9604511,0.08548980511290416,,,
1776099054.9607823,,-0.8507148604141478,,
1776099054.9614155,,,0.0,0.0
1776099054.963907,,,-1.6815845141288661,0.0
1776099054.9655185,0.08440804266670916,,,
1776099054.96582,,-0.7156999214987296,,
1776099054.9663815,,,0.0,1.651200832164139
1776099054.9688876,,,0.0,1.6539993165300955
1776099054.970185,0.08368394765463137,,,
1776099054.9705465,,-1.0268348982715927,,
1776099054.971367,,,0.0,0.0
1776099054.9739037,,,0.0,1.6495630336880571
1776099054.975323,0.08166924978675111,,,
1776099054.9757237,,-1.0999206309055056,,
1776099054.9763904,,,-1.6429803951692121,0.0
1776099054.9789827,,,-3.2330464968973476,3.2330464968973476
1776099054.980946,0.0814557796326102,,,
1776099054.9816563,,,-1.6608963973092699,1.6608963973092699
1776099054.9817038,,-1.2595255153544942,,
1776099054.983909,,,-1.6643003605266637,1.6643003605266637
1776099054.9855187,0.08281255845055115,,,
1776099054.9858985,,-1.323965807574212,,
1776099054.9863877,,,-1.6468323592458762,1.6468323592458762
1776099054.9889045,,,-1.65726873713914,0.0
1776099054.9902833,0.08469131862469755,,,
1776099054.9906347,,-1.4032423541445023,,
1776099054.991432,,,-1.6221361811245267,1.6221361811245267
1776099054.9939232,,,-1.694454076010388,1.694454076010388
1776099054.9954376,0.0847571849253931,,,
1776099054.9957538,,-1.6559668188352579,,
1776099054.9964,,,-1.6547891448486844,1.6547891448486844
1776099054.9989026,,,-3.3246613325958942,1.6623306662979471
1776099055.0004547,0.08438020087601236,,,
1776099055.0010412,,-1.6841330801716468,,
1776099055.0013885,,,-1.6416829073393004,3.283365814678601
1776099055.0039062,,,-3.313982550404362,3.313982550404362
1776099055.0057151,0.08345301624908928,,,
1776099055.0066524,,-1.8122768596433634,,
1776099055.0067217,,,-2.9457342343213098,1.4728671171606549
1776099055.0089128,,,-1.905460991920839,3.810921983841678
1776099055.0105417,0.0836897303415999,,,
1776099055.0110831,,-1.8455226029015486,,
1776099055.0115144,,,-1.6385903928492702,1.6385903928492702
1776099055.0138958,,,-3.3387036727141095,1.6693518363570548
1776099055.015262,0.07923743644952837,,,
1776099055.015638,,-1.7564767250601179,,
1776099055.0164073,,,-1.6253068019508974,1.6253068019508974
1776099055.0189059,,,-1.6813531857805275,3.362706371561055
1776099055.0204067,0.07610466214748637,,,
1776099055.0207665,,-1.9558868679420938,,
1776099055.0213907,,,-3.299859858446737,1.6499299292233685
1776099055.0239325,,,-1.6499822551763703,1.6499822551763703
1776099055.0253232,0.07225505071903877,,,
1776099055.0255888,,-2.0193202483638117,,
1776099055.0264049,,,-3.3278555317977943,3.3278555317977943
1776099055.0289297,,,-1.668668097434074,1.668668097434074
1776099055.0305512,0.06428578988421739,,,
1776099055.0310638,,-2.0328690359082664,,
1776099055.0314753,,,-3.291578103068649,0.0
1776099055.0339558,,,-3.3856523030406236,1.6928261515203118
1776099055.0354583,0.05183164247981804,,,
1776099055.0361092,,-1.8410754728923744,,
1776099055.036449,,,-3.344504371192553,3.344504371192553
1776099055.0389087,,,-3.319485784233633,3.319485784233633
1776099055.0403466,0.043573986503019496,,,
1776099055.0405507,,-1.6992378007694653,,
1776099055.0414085,,,-3.2918919119651577,3.2918919119651577
1776099055.0438852,,,-1.676093924727052,1.676093924727052
1776099055.0452652,0.036736552090279734,,,
1776099055.045597,,-1.5270496324468161,,
1776099055.0463865,,,-1.6399996528718994,1.6399996528718994
1776099055.0489016,,,0.0,0.0
1776099055.0502856,0.026838908710187886,,,
1776099055.0505102,,-1.348015585031578,,
1776099055.0514073,,,-1.6485303819113417,0.0
1776099055.053918,,,-1.6707601484238774,0.0
1776099055.0556834,0.018571421499570282,,,
1776099055.056103,,-1.2478158624477245,,
1776099055.0563993,,,-1.6555932547467467,1.6555932547467467
1776099055.0588908,,,-1.6671831681942177,1.6671831681942177
1776099055.0615258,0.007133322152898434,,,
1776099055.0616093,,-1.1901226439621246,,
1776099055.0616329,,,-3.263957272626959,1.6319786363134794
1776099055.0639415,,,-1.6773111984614166,1.6773111984614166
1776099055.0655615,-0.004945523021833559,,,
1776099055.0658946,,-0.8358322061163398,,
1776099055.0663779,,,-1.655065158230338,1.655065158230338
1776099055.068905,,,-1.6538280851393576,1.6538280851393576
1776099055.0704033,-0.017987473431265673,,,
1776099055.0709822,,-0.5500789769777399,,
1776099055.071377,,,-1.6482297293204473,1.6482297293204473
1776099055.073889,,,0.0,-1.6474976122326184
1776099055.0753243,-0.030420962020730503,,,
1776099055.0756257,,-0.08144461273721348,,
1776099055.076425,,,1.6407495927297253,-1.6407495927297253
1776099055.0788865,,,0.0,0.0
1776099055.0802104,-0.040140348774139196,,,
1776099055.0805423,,-0.17310410964529066,,
1776099055.081386,,,0.0,0.0
1776099055.083963,,,0.0,0.0
1776099055.085303,-0.04600006591532983,,,
1776099055.0854597,,-0.016073659527160555,,
1776099055.086405,,,0.0,0.0
1776099055.0889146,,,0.0,1.655013220845684
1776099055.0902796,-0.05181154406677076,,,
1776099055.0907323,,0.10095529027010552,,
1776099055.0914054,,,-1.6539993165300955,0.0
1776099055.093987,,,0.0,1.6073494702401592
1776099055.095285,-0.056915844648072735,,,
1776099055.0959163,,0.36465066025068293,,
1776099055.0964544,,,1.7106692537539485,0.0
1776099055.0988975,,,1.6603262465631303,-3.3206524931262607
1776099055.1002412,-0.05961247460927705,,,
1776099055.1006415,,0.5999108247843538,,
1776099055.101371,,,1.6440454172613526,-1.6440454172613526
1776099055.1038868,,,1.6455161231593836,0.0
1776099055.1052248,-0.06423506852870114,,,
1776099055.1056092,,0.7208741645808083,,
1776099055.1064184,,,1.6331963897752413,-1.6331963897752413
1776099055.108904,,,0.0,-1.6701962487264341
1776099055.1103063,-0.0681636069928928,,,
1776099055.1106315,,0.7381586149503073,,
1776099055.1113992,,,1.6465978166035065,0.0
1776099055.1139276,,,0.0,-1.6641003758709167
1776099055.1154408,-0.07207374139514426,,,
1776099055.1158235,,0.8163613029953366,,
1776099055.1163836,,,0.0,0.0
1776099055.1188786,,,0.0,-1.6587624925023863
1776099055.120435,-0.07548085202363061,,,
1776099055.120813,,0.8428021724777015,,
1776099055.1214006,,,1.630801380508701,0.0
1776099055.1238868,,,0.0,0.0
1776099055.1251855,-0.07818540325156362,,,
1776099055.1254683,,1.0102728870278797,,
1776099055.1263742,,,0.0,-1.6430063377989272
1776099055.128909,,,1.6360112919550223,-1.6360112919550223
1776099055.1302419,-0.08047431504968694,,,
1776099055.1306095,,1.2638916827867839,,
1776099055.1313803,,,1.651751976037095,-1.651751976037095
1776099055.133967,,,3.3093407472240464,-3.3093407472240464
1776099055.1352267,-0.08236358553489866,,,
1776099055.135457,,1.3195300636530198,,
1776099055.1363945,,,1.6586974595558894,-3.317394919111779
1776099055.1389065,,,3.3167590294512244,-1.6583795147256122
1776099055.140248,-0.08516138333108546,,,
1776099055.1406262,,1.0998308155903267,,
1776099055.1414099,,,1.648242430732087,-1.648242430732087
1776099055.143963,,,0.0,-1.6445531564406626
1776099055.1452394,-0.08885629069751083,,,
1776099055.145447,,1.1425528789493684,,
1776099055.1463673,,,0.0,0.0
1776099055.148878,,,1.662862692065804,-1.662862692065804
1776099055.1502163,-0.09253555817763034,,,
1776099055.1507957,,1.3837429876696554,,
1776099055.1513743,,,1.627329305334461,-1.627329305334461
1776099055.1538818,,,1.6441493272837153,0.0
1776099055.1552064,-0.09755766805105354,,,
1776099055.1555543,,1.4945772131279411,,
1776099055.1563911,,,1.633273988776631,-1.633273988776631
1776099055.1589217,,,1.6505325857317386,-1.6505325857317386
1776099055.1607816,-0.1021191682359342,,,
1776099055.16132,,1.7370245471902699,,
1776099055.1614425,,,3.3041602901302607,-1.6520801450651303
1776099055.1640728,,,1.6591206223739112,-3.3182412447478224
1776099055.1665227,,,3.4927556796906396,-3.4927556796906396
1776099055.1671033,-0.10639765473014738,,,
1776099055.1677196,,1.8677596294918364,,
1776099055.168955,,,3.3401244309607434,-3.3401244309607434
1776099055.1704164,-0.11054947661572634,,,
1776099055.1707742,,1.9970272686453157,,
1776099055.1714113,,,3.3755107625198217,-1.6877553812599109
1776099055.1739223,,,3.3384344297723736,-3.3384344297723736
1776099055.1754603,-0.11567525356709,,,
1776099055.1756823,,1.9920252873163549,,
1776099055.176395,,,1.6564900821527206,-1.6564900821527206
1776099055.1788852,,,3.3216867536733132,-1.6608433768366566
1776099055.180277,-0.11985361752437387,,,
1776099055.180675,,2.0755925664620323,,
1776099055.1813676,,,1.6405692090590556,-1.6405692090590556
1776099055.1838818,,,3.3040808919656843,-1.6520404459828422
1776099055.1852992,-0.1221687379997515,,,
1776099055.1855426,,2.229945420838117,,
1776099055.1863916,,,1.6311081466688804,-3.2622162933377608
1776099055.1889079,,,3.3097347734290543,-1.6548673867145272
1776099055.1902118,-0.1232187166017622,,,
1776099055.1907065,,2.250944992878331,,
1776099055.1914306,,,3.299100623830241,-3.299100623830241
1776099055.193876,,,4.968202642788585,-3.3121350951923896
1776099055.1953585,-0.12253658996542068,,,
1776099055.1956031,,2.3568107820344526,,
1776099055.1963947,,,3.277025970384136,-3.277025970384136
1776099055.1989355,,,3.266342897610038,-3.266342897610038
1776099055.200268,-0.11826678066217859,,,
1776099055.2006464,,2.283938322008627,,
1776099055.201395,,,3.3434021396956353,-1.6717010698478176
1776099055.203931,,,3.31546228464328,-3.31546228464328
1776099055.2054048,-0.11094889388491114,,,
1776099055.20583,,2.123191624631217,,
1776099055.2064273,,,3.3170762293235976,-3.3170762293235976
1776099055.2088842,,,3.3606692598587196,-1.6803346299293598
1776099055.2102208,-0.1034760642865383,,,
1776099055.2105312,,1.976399655225253,,
1776099055.2113736,,,1.6460761460566042,-3.2921522921132085
1776099055.2138867,,,1.646310540097641,-1.646310540097641
1776099055.2152023,-0.0937203765930367,,,
1776099055.2158053,,1.7593027652229052,,
1776099055.216375,,,3.286531618325792,0.0
1776099055.218899,,,1.6443185602292483,-1.6443185602292483
1776099055.2202637,-0.08312290709175181,,,
1776099055.2208817,,1.666861697080159,,
1776099055.2214162,,,1.644813116635154,-3.289626233270308
1776099055.2239094,,,3.3145103657104964,-1.6572551828552482
1776099055.2253358,-0.07382556550015625,,,
1776099055.225804,,1.597225640057408,,
1776099055.2263865,,,1.6549997034308637,-1.6549997034308637
1776099055.2289662,,,1.6450084921582147,-1.6450084921582147
1776099055.2306128,-0.06509899049759942,,,
1776099055.2312899,,1.4226941400062716,,
1776099055.2315795,,,3.3356504583267963,-1.6678252291633981
1776099055.2339199,,,1.6923030494070717,-1.6923030494070717
1776099055.2355103,-0.05814102840373878,,,
1776099055.2358344,,1.2150540982986942,,
1776099055.23638,,,1.659279364100941,-1.659279364100941
1776099055.2388954,,,1.6505064048846736,-1.6505064048846736
1776099055.240289,-0.05258351526171482,,,
1776099055.2406192,,1.0765914542029138,,
1776099055.2413838,,,1.6445658012512576,-1.6445658012512576
1776099055.2438953,,,1.656344700238531,0.0
1776099055.2452111,-0.04915519583880386,,,
1776099055.2456474,,0.9679224961942281,,
1776099055.246378,,,1.6385387869318409,0.0
1776099055.248894,,,0.0,0.0
1776099055.250457,-0.04866813286858154,,,
1776099055.2508893,,0.9729698920060669,,
1776099055.2513883,,,0.0,0.0
1776099055.2538893,,,1.6534601641947169,0.0
1776099055.2554395,-0.04702210950958123,,,
1776099055.2565184,,1.0449023226208018,,
1776099055.2567568,,,1.4347996082045602,0.0
1776099055.258934,,,1.9555384046606161,-1.9555384046606161
1776099055.260456,-0.046340872400989226,,,
1776099055.2607648,,1.0143572271834826,,
1776099055.2614186,,,3.3339115697474173,0.0
1776099055.2639172,,,3.357792453837218,0.0
1776099055.265333,-0.04462129310332201,,,
1776099055.265758,,0.8561939232487982,,
1776099055.2663932,,,1.662197892455039,0.0
1776099055.2688885,,,1.6680528497573686,-1.6680528497573686
1776099055.2702122,-0.043396171224228564,,,
1776099055.2705631,,0.7662750017822813,,
1776099055.2713983,,,1.6430715485670189,0.0
1776099055.2738883,,,1.6684540467714828,-1.6684540467714828
1776099055.275216,-0.040970630803755625,,,
1776099055.2756255,,0.7177641933728225,,
1776099055.2763638,,,1.6454901012120842,0.0
1776099055.2789059,,,1.639274827257369,-1.639274827257369
1776099055.2809062,-0.04329642452931626,,,
1776099055.2812817,,0.6403751187746203,,
1776099055.2817285,,,1.4707936676584197,0.0
1776099055.2838986,,,0.0,1.9353859272855793
1776099055.2852972,-0.044358956142976934,,,
1776099055.2857003,,0.6023378990546193,,
1776099055.2863796,,,1.6417991212287175,0.0
1776099055.2888744,,,0.0,0.0
1776099055.2902608,-0.047429269272925345,,,
1776099055.2907188,,0.8200242748851396,,
1776099055.2914076,,,1.641669606798853,0.0
1776099055.2939594,,,0.0,-1.6387452301073953
1776099055.2955246,-0.047796587122689006,,,
1776099055.296072,,0.9530075856547979,,
1776099055.2963774,,,1.687111933483774,0.0
1776099055.2988927,,,1.6634741163027198,-1.6634741163027198
1776099055.3002584,-0.04599263309730006,,,
1776099055.3005605,,0.8665671387348053,,
1776099055.301385,,,3.294212858250458,0.0
1776099055.3038888,,,1.658511679232498,-1.658511679232498
1776099055.3055663,-0.04212504495645257,,,
1776099055.3058865,,0.8102658941536486,,
1776099055.3063989,,,1.6338257084770527,-1.6338257084770527
1776099055.3089244,,,1.656093905167046,-1.656093905167046
1776099055.31029,-0.03859213296713163,,,
1776099055.3107817,,0.6727256280737607,,
1776099055.3113987,,,1.6551050028171432,0.0
1776099055.3139029,,,0.0,0.0
1776099055.3152533,-0.03416460754795851,,,
1776099055.3158545,,0.49997304674712617,,
1776099055.3164177,,,0.0,1.637493421337772
1776099055.3188994,,,0.0,0.0
1776099055.320208,-0.0313356115776301,,,
1776099055.3205304,,0.4637774899359778,,
1776099055.321381,,,0.0,0.0
1776099055.3239052,,,0.0,0.0
1776099055.3252482,-0.02885096167444338,,,
1776099055.3254359,,0.5807566330936175,,
1776099055.3263721,,,1.6540519009189851,0.0
1776099055.3288906,,,1.6530519494044438,-1.6530519494044438
1776099055.3302941,-0.02620857989947606,,,
1776099055.3307335,,0.6386240650242964,,
1776099055.331386,,,1.6369517502037858,0.0
1776099055.333891,,,1.655118521952117,0.0
1776099055.3353014,-0.021871231792535004,,,
1776099055.3356328,,0.4768679777794532,,
1776099055.336392,,,0.0,0.0
1776099055.3389788,,,1.651738511842376,0.0
1776099055.3404124,-0.018209375885316778,,,
1776099055.3408713,,0.43707187278182325,,
1776099055.3414183,,,1.6377901695258767,1.6377901695258767
1776099055.3439276,,,1.6645536474801557,0.0
1776099055.3459165,-0.013407455783345195,,,
1776099055.3464596,,,1.6549342538084193,0.0
1776099055.3465464,,0.34689564037767573,,
1776099055.3488922,,,0.0,1.6718752964214105
1776099055.3502688,-0.009175883619457526,,,
1776099055.3507075,,0.33953825138321325,,
1776099055.3514,,,1.6447604153601627,0.0
1776099055.3539147,,,1.6721853643347522,-1.6721853643347522
1776099055.3552456,-0.00448181285258666,,,
1776099055.3556705,,0.35290789414588075,,
1776099055.3563812,,,1.652750354955257,0.0
1776099055.3588943,,,0.0,0.0
1776099055.3602445,-0.000273586861916938,,,
1776099055.3605983,,0.1894708531280758,,
1776099055.3613706,,,0.0,0.0
1776099055.3638937,,,0.0,0.0
1776099055.3652537,0.0031406462503731883,,,
1776099055.3657007,,0.04138074516556421,,
1776099055.3663864,,,0.0,0.0
1776099055.3689194,,,-1.645802418908936,0.0
1776099055.3703115,0.00657315570790325,,,
1776099055.3706958,,0.045075058559492204,,
1776099055.3713856,,,0.0,0.0
1776099055.3739123,,,-1.6506889805218246,0.0
1776099055.375555,0.009353480453548923,,,
1776099055.3758671,,0.14321728544471274,,
1776099055.3764145,,,0.0,0.0
1776099055.3789191,,,1.6648732444063492,-1.6648732444063492
1776099055.3806343,0.011941065914834207,,,
1776099055.3809671,,0.14076109360662373,,
1776099055.3814273,,,0.0,0.0
1776099055.3839374,,,0.0,0.0
1776099055.3857367,0.016280344182593477,,,
1776099055.3860734,,-0.034223478533973006,,
1776099055.386421,,,1.6658738575089347,1.6658738575089347
1776099055.3889103,,,0.0,0.0
1776099055.3903613,0.021194030102416404,,,
1776099055.3906987,,-0.1480852389151644,,
1776099055.3913996,,,-1.648346871983425,0.0
1776099055.3939114,,,0.0,0.0
1776099055.3961668,0.026315388001114198,,,
1776099055.3966455,,-0.2639687408246589,,
1776099055.397413,,,-1.172555220703931,0.0
1776099055.3990083,,,0.0,0.0
1776099055.4011586,0.03160246438112217,,,
1776099055.4018486,,,0.0,0.0
1776099055.4018898,,-0.31148826545620095,,
1776099055.4040651,,,0.0,0.0
1776099055.4056401,0.0363379183083601,,,
1776099055.4060597,,-0.4064638062571086,,
1776099055.4069755,,,1.3540337303530097,0.0
1776099055.408833,,,0.0,0.0
1776099055.4100904,0.039305444244627355,,,
1776099055.410536,,-0.4916611638289338,,
1776099055.4113421,,,0.0,0.0
1776099055.4138713,,,-1.6507816991177244,1.6507816991177244
1776099055.415113,0.042942628502770946,,,
1776099055.4154303,,-0.610502819305631,,
1776099055.4163933,,,0.0,0.0
1776099055.4189065,,,-1.6703440724931802,1.6703440724931802
1776099055.4202182,0.04594050732313089,,,
1776099055.4205408,,-0.6025125203947637,,
1776099055.4213889,,,0.0,1.645919920438987
1776099055.423889,,,0.0,0.0
1776099055.4252262,0.04918573525219533,,,
1776099055.4255493,,-0.5721568224026852,,
1776099055.426421,,,-1.6422144052511949,1.6422144052511949
1776099055.42894,,,-1.6315055942165861,1.6315055942165861
1776099055.430234,0.05356546615320264,,,
1776099055.4307358,,-0.8264235816442054,,
1776099055.4314072,,,0.0,0.0
1776099055.4339073,,,-1.668668097434074,0.0
1776099055.435587,0.05829567552162341,,,
1776099055.4359257,,-0.7782039997166075,,
1776099055.4365094,,,0.0,1.6322228720931138
1776099055.4389112,,,-1.6858117450650612,0.0
1776099055.4405446,0.06465539254470123,,,
1776099055.4408715,,-0.9708148240628117,,
1776099055.4414299,,,-1.6421100392521164,1.6421100392521164
1776099055.4439335,,,-1.6836546114126076,1.6836546114126076
1776099055.4453354,0.07256728465051793,,,
1776099055.4458494,,-1.1935365321672713,,
1776099055.446398,,,-1.656991275202181,1.656991275202181
1776099055.4489057,,,-1.6645802758707031,0.0
1776099055.450272,0.07888985275027703,,,
1776099055.4507759,,-1.342637185935142,,
1776099055.4513934,,,0.0,1.6437723650236742
1776099055.453937,,,-1.6589747783745008,1.6589747783745008
1776099055.4556642,0.08455670714868906,,,
1776099055.4559836,,-1.5040707111383274,,
1776099055.4564059,,,-3.331773664623494,1.665886832311747
1776099055.4589036,,,-3.3404736503884194,3.3404736503884194
1776099055.4604487,0.09064884422568345,,,
1776099055.4608235,,-1.6705458805832194,,
1776099055.4614275,,,-3.2478699979779106,3.2478699979779106
1776099055.4639156,,,-1.6775282588587015,1.6775282588587015
1776099055.4654107,0.09860838868285646,,,
1776099055.465821,,-1.6630646285053057,,
1776099055.4663863,,,-1.645855186981731,1.645855186981731
1776099055.4689834,,,-3.315119702118789,1.6575598510593945
1776099055.47039,0.10708981842833,,,
1776099055.470826,,-1.8729290240933176,,
1776099055.471408,,,-1.7052675861696773,3.4105351723393547
1776099055.4739647,,,-1.6774062011499806,1.6774062011499806
1776099055.475543,0.11660974895432977,,,
1776099055.4758248,,-2.137137679566663,,
1776099055.4764473,,,-1.675770005753367,1.675770005753367
1776099055.4788973,,,-3.3757845392942913,1.6878922696471457
1776099055.4803116,0.12632765429035742,,,
1776099055.4807074,,-2.340289040740142,,
1776099055.481368,,,-3.2979744334195,3.2979744334195
1776099055.4840028,,,-3.2746247205167283,3.2746247205167283
1776099055.4857173,0.13776986280448444,,,
1776099055.486183,,-2.5691332110226828,,
1776099055.4864523,,,-3.3742504824519033,3.3742504824519033
1776099055.4888875,,,-5.08157973630878,3.387719824205853
1776099055.4904733,0.14827368321589504,,,
1776099055.491267,,-2.797462283797121,,
1776099055.4916852,,,-3.265881561875113,3.265881561875113
1776099055.4939165,,,-3.354568322403829,3.354568322403829
1776099055.495577,0.15502425664457836,,,
1776099055.4960127,,-3.0327967918109904,,
1776099055.4963946,,,-4.902517370159965,3.268344913439977
1776099055.4989066,,,-3.32516670806415,3.32516670806415
1776099055.5002594,0.15830194318034915,,,
1776099055.5007434,,-3.1445817239683063,,
1776099055.5013907,,,-4.912246262659331,4.912246262659331
1776099055.503908,,,-3.3246340581761338,3.3246340581761338
1776099055.5057325,0.1554917971314971,,,
1776099055.5066457,,,-4.949005047698756,3.2993366984658365
1776099055.5067081,,-3.0949071282669225,,
1776099055.5089362,,,-1.6840088395865105,5.052026518759532
1776099055.5103865,0.14695808949136469,,,
1776099055.510669,,-2.878135005150449,,
1776099055.511428,,,1.6248239044423411,3.2496478088846823
1776099055.5138907,,,-3.372280593118633,5.05842088967795
1776099055.5152924,0.13327719444538477,,,
1776099055.5157228,,-2.621304226368255,,
1776099055.516427,,,-4.936117983123174,4.936117983123174
1776099055.5188859,,,-6.719165468437342,5.039374101328007
1776099055.5203724,0.12623065130422984,,,
1776099055.520698,,-2.3327532736384557,,
1776099055.5213854,,,-3.288196145451504,3.288196145451504
1776099055.5238914,,,-3.290849396659768,1.645424698329884
1776099055.5252585,0.12227214635019665,,,
1776099055.525696,,-2.183503601190532,,
1776099055.5263674,,,-1.6436558716262422,1.6436558716262422
1776099055.5289118,,,0.0,0.0
1776099055.5303895,0.12638385898230117,,,
1776099055.530678,,-2.3375494318648533,,
1776099055.5314353,,,-1.6451125239601954,0.0
1776099055.5339386,,,-1.6801718341634742,0.0
1776099055.5356271,0.12638041270722694,,,
1776099055.536417,,-2.463250691265828,,
1776099055.5365174,,,-3.289703532766653,1.6448517663833264
1776099055.5389476,,,-3.307998633060191,3.307998633060191
1776099055.54059,0.12685844554506387,,,
1776099055.541034,,-2.7733807729589532,,
1776099055.5416625,,,-4.650822105002656,3.1005480700017705
1776099055.543918,,,-5.614245761495444,5.614245761495444
1776099055.5456161,0.12411737040446873,,,
1776099055.5459716,,-2.726819600087678,,
1776099055.546432,,,-4.9419451109862225,4.9419451109862225
1776099055.5488923,,,-5.036932491935046,3.357954994623364
1776099055.550263,0.11808216881382967,,,
1776099055.5506282,,-2.3745598676811737,,
1776099055.551419,,,-3.288585152288063,3.288585152288063
1776099055.5538852,,,-3.3082615675435645,1.6541307837717822
1776099055.5553756,0.10912558702979654,,,
1776099055.5557458,,-1.9223044194474999,,
1776099055.5563784,,,-1.638913352332602,1.638913352332602
1776099055.5588808,,,-1.6500211482375313,1.6500211482375313
1776099055.560443,0.1063820726771166,,,
1776099055.5608377,,-2.066881131121636,,
1776099055.5615418,,,-1.6261580584616406,0.0
1776099055.5639865,,,-1.6786795443299427,3.3573590886598854
1776099055.5656896,0.10543032983599979,,,
1776099055.5660703,,-2.120324007971904,,
1776099055.5666378,,,-3.1044132358878076,1.5522066179439038
1776099055.5689251,,,-3.701644347857644,3.701644347857644
1776099055.5702546,0.10349961880558606,,,
1776099055.5707223,,-2.1292733000862762,,
1776099055.5713742,,,0.0,1.658988360801401
1776099055.5738902,,,-3.3069984427836245,3.3069984427836245
1776099055.5753922,0.10381841518036902,,,
1776099055.5756903,,-2.0960795825437675,,
1776099055.5763743,,,-3.2847398563907495,3.2847398563907495
1776099055.5788994,,,-3.3076831668443996,3.3076831668443996
1776099055.5805588,0.10758642859240661,,,
1776099055.5809953,,-2.1561182710559357,,
1776099055.5814652,,,0.0,4.83498347112485
1776099055.5840223,,,-4.963614328643935,3.3090762190959566
1776099055.585722,0.11142792392195275,,,
1776099055.5861514,,-2.2329481776468585,,
1776099055.5865915,,,-3.453620859486107,3.453620859486107
1776099055.5888934,,,-3.303608835249394,1.651804417624697
1776099055.5909026,0.11143919377794269,,,
1776099055.59122,,-2.060905726166148,,
1776099055.5917058,,,-1.6444618385816914,3.2889236771633827
1776099055.5939274,,,-3.8599193175019715,1.9299596587509857
1776099055.595769,0.11348009619782887,,,
1776099055.5960472,,-2.063086747422226,,
1776099055.5963874,,,-1.6563710666323799,1.6563710666323799
1776099055.5989022,,,-3.3159134596353335,3.3159134596353335
1776099055.6003969,0.1171661121728863,,,
1776099055.6008775,,-2.1805068769318567,,
1776099055.601406,,,-1.6398054652539191,1.6398054652539191
1776099055.603893,,,-1.6713781208084801,1.6713781208084801
1776099055.6053026,0.11491892930767986,,,
1776099055.6056302,,-2.196849538542062,,
1776099055.606409,,,-3.2656751805759052,1.6328375902879526
1776099055.6088874,,,-3.3449605793820654,3.3449605793820654
1776099055.610383,0.11267971104406498,,,
1776099055.6107185,,-2.152065173269764,,
1776099055.6114094,,,-3.281655822334883,3.281655822334883
1776099055.613926,,,-3.2865568683691704,3.2865568683691704
1776099055.615404,0.11420913589064688,,,
1776099055.6160378,,-2.298697982754413,,
1776099055.616448,,,-3.3055787572512942,1.6527893786256471
1776099055.618953,,,-3.355082831679786,3.355082831679786
1776099055.6203797,0.11555059778646105,,,
1776099055.6209884,,-2.335119861892071,,
1776099055.6214454,,,-3.364910639573694,3.364910639573694
1776099055.6239047,,,-3.422690505646825,3.422690505646825
1776099055.6254494,0.11568379528449789,,,
1776099055.6258135,,-2.3345862647790163,,
1776099055.6264558,,,-3.3164947425621243,1.6582473712810621
1776099055.6289072,,,-3.3019824780797316,3.3019824780797316
1776099055.6303618,0.1169500551774341,,,
1776099055.6307364,,-2.3661733256572486,,
1776099055.6314182,,,-1.650519848999691,3.301039697999382
1776099055.6339014,,,-3.304554501802953,1.6522772509014765
1776099055.6354127,0.11627250663264413,,,
1776099055.6359065,,-2.3274416715553423,,
1776099055.6364486,,,-3.292543643530164,3.292543643530164
1776099055.6388912,,,-3.388603908435264,3.388603908435264
1776099055.6403449,0.11613005033260562,,,
1776099055.6407692,,-2.3395144318989316,,
1776099055.6414495,,,-3.228929069929633,1.6144645349648166
1776099055.6439495,,,-1.6834094638074728,3.3668189276149456
1776099055.6453354,0.11752214286885951,,,
1776099055.6456497,,-2.347771306797038,,
1776099055.646381,,,-3.3927800925994323,3.3927800925994323
1776099055.648889,,,-3.302087264664886,1.651043632332443
1776099055.6502857,0.1198308544615497,,,
1776099055.6506648,,-2.479080229490536,,
1776099055.6514072,,,-3.286558271160734,3.286558271160734
1776099055.6539254,,,-3.326416448877602,3.326416448877602
1776099055.656049,0.12112243552208521,,,
1776099055.6564221,,-2.586715763339075,,
1776099055.6564755,,,-3.3005925612105744,3.3005925612105744
1776099055.6589053,,,-3.323174811720434,3.323174811720434
1776099055.660433,0.12112096461106647,,,
1776099055.6607969,,-2.5894841988082673,,
1776099055.661439,,,-1.6450211439718707,1.6450211439718707
1776099055.6638725,,,-3.373456634381888,3.373456634381888
1776099055.6653743,0.11709916968332727,,,
1776099055.6656144,,-2.531164667513874,,
1776099055.6665976,,,-4.920269331413833,3.2801795542758883
1776099055.6689332,,,-3.615984718046722,5.4239770770700835
1776099055.6710248,0.10898409652250386,,,
1776099055.6714172,,-2.3431495965790003,,
1776099055.6714551,,,-3.204072384884419,3.204072384884419
1776099055.6739085,,,-5.028809394148065,3.35253959609871
1776099055.6758773,0.1003115595824284,,,
1776099055.676284,,-2.1514461932312656,,
1776099055.6767697,,,-1.6182341290018487,1.6182341290018487
1776099055.6789303,,,-3.93465161114076,3.93465161114076
1776099055.6803935,0.09368319890165218,,,
1776099055.680688,,-1.9381409160025092,,
1776099055.6813872,,,-1.6802664278635493,1.6802664278635493
1776099055.6838949,,,-1.6705455607379927,1.6705455607379927
1776099055.6852338,0.08817669287165632,,,
1776099055.6857712,,-1.7833783674975876,,
1776099055.6863606,,,-1.6491963012898634,0.0
1776099055.688944,,,-1.6076857415768646,1.6076857415768646
1776099055.6902192,0.0851178267240179,,,
1776099055.6905885,,-1.8840768651555064,,
1776099055.6914413,,,-1.6780152046522745,1.6780152046522745
1776099055.6939206,,,-3.3136388475885146,1.6568194237942573
1776099055.6952522,0.08350656385379676,,,
1776099055.6957505,,-1.8518516077510836,,
1776099055.696516,,,0.0,3.22547323087302
1776099055.6990232,,,-1.6535382804341296,3.3070765608682593
1776099055.7009695,0.08370036991692756,,,
1776099055.7015748,,-2.0515774872834194,,
1776099055.7016764,,,-3.3093663489648004,3.3093663489648004
1776099055.7039914,,,-4.961087867070821,3.3073919113805474
1776099055.705991,0.08230133089342856,,,
1776099055.7063613,,-2.0229305511730664,,
1776099055.7064104,,,-1.6656064774119415,3.331212954823883
1776099055.7089183,,,-3.344126713358386,1.672063356679193
1776099055.7103605,0.08223811981426198,,,
1776099055.7108192,,-1.8715148482496162,,
1776099055.711403,,,-3.3113160890033324,3.3113160890033324
1776099055.7139814,,,-1.6691506359475663,1.6691506359475663
1776099055.715538,0.08054142223541941,,,
1776099055.7156725,,-1.7537785171138163,,
1776099055.7163916,,,-3.3992700332185133,1.6996350166092566
1776099055.7188952,,,-1.6618262385060778,3.3236524770121556
1776099055.7202535,0.08096340577886518,,,
1776099055.7208586,,-1.7258460900183554,,
1776099055.7215338,,,-1.6184865148527252,1.6184865148527252
1776099055.7239075,,,-1.6888800036401133,0.0
1776099055.7257056,0.07887503948465326,,,
1776099055.7262747,,-1.605605629698154,,
1776099055.7263315,,,-1.6479418831532886,3.295883766306577
1776099055.728903,,,-1.6279912828603853,1.6279912828603853
1776099055.7302856,0.07663688414604683,,,
1776099055.7306683,,-1.6000124745799698,,
1776099055.7313812,,,-1.6415016185249116,1.6415016185249116
1776099055.7339008,,,-3.300460990225494,1.650230495112747
1776099055.735245,0.07419031892587322,,,
1776099055.7355883,,-1.5104456761137324,,
1776099055.7363856,,,-1.6483998033465785,1.6483998033465785
1776099055.7389154,,,-1.6549470587620005,1.6549470587620005
1776099055.740459,0.0705504890961733,,,
1776099055.7408812,,-1.3693015108174438,,
1776099055.74152,,,-1.633632980098909,1.633632980098909
1776099055.7439184,,,-3.456634802765172,3.456634802765172
1776099055.7456346,0.06591946441055424,,,
1776099055.7457845,,-1.2397759946283875,,
1776099055.7464304,,,-1.6493665748579351,1.6493665748579351
1776099055.7489176,,,-1.6881668532855727,1.6881668532855727
1776099055.750379,0.060918022408553804,,,
1776099055.7507925,,-1.1522708806273951,,
1776099055.7515194,,,-1.6415534112432864,0.0
1776099055.7539191,,,0.0,1.6560283689737747
1776099055.7555113,0.05779180811690752,,,
1776099055.755939,,-1.0427160065841214,,
1776099055.756545,,,-1.644995137677148,1.644995137677148
1776099055.7589142,,,-1.6745280186825897,0.0
1776099055.7605567,0.05386107510661569,,,
1776099055.7609537,,-0.9535760872603883,,
1776099055.7613852,,,0.0,0.0
1776099055.7638733,,,0.0,0.0
1776099055.7652209,0.054022606897403506,,,
1776099055.7655406,,-0.9717286094205043,,
1776099055.766368,,,0.0,1.643005636636001
1776099055.768893,,,-1.6511880851166745,0.0
1776099055.77037,0.05080513549902066,,,
1776099055.770808,,-1.0476715593154429,,
1776099055.771435,,,-1.6441626680352572,3.2883253360705145
1776099055.7739825,,,-3.3590946862862023,1.6795473431431012
1776099055.775411,0.048989490898932536,,,
1776099055.7760327,,-1.0746434531491342,,
1776099055.7764397,,,-1.691228839847604,1.691228839847604
1776099055.7792277,,,-1.665553876339386,1.665553876339386
1776099055.78116,0.04773220184616143,,,
1776099055.7816718,,,-1.8991774045009358,0.0
1776099055.782025,,-0.9195973222209385,,
1776099055.783926,,,-1.7041067088894186,3.4082134177788372
1776099055.7859468,0.04473587146527935,,,
1776099055.786373,,-0.8450152905150866,,
1776099055.786432,,,0.0,0.0
1776099055.7888618,,,0.0,0.0
1776099055.7902129,0.04422098212940972,,,
1776099055.790583,,-0.8347175037976939,,
1776099055.7913713,,,0.0,0.0
1776099055.793867,,,0.0,0.0
1776099055.795341,0.04316147312703945,,,
1776099055.795763,,-0.7466452974568194,,
1776099055.7963548,,,0.0,0.0
1776099055.7988677,,,-1.6493538561150691,0.0
1776099055.8001945,0.04350147393707446,,,
1776099055.8005476,,-0.849771419255484,,
1776099055.801545,,,-3.2603998576412065,0.0
1776099055.8040023,,,-1.7422800885253245,0.0
1776099055.8054576,0.04438782243376774,,,
1776099055.805966,,-0.8752257946176788,,
1776099055.8064053,,,-1.7126843788888242,1.7126843788888242
1776099055.8089712,,,-3.2934040990591007,0.0
1776099055.8103282,0.047737154647926404,,,
1776099055.810674,,-0.9603318723190031,,
1776099055.811401,,,-1.6872753375210205,1.6872753375210205
1776099055.8138952,,,-1.6634209311289863,0.0
1776099055.8159037,0.04867010522040573,,,
1776099055.8162482,,-0.8890598723182078,,
1776099055.816526,,,-3.2648291514538195,1.6324145757269097
1776099055.8189096,,,-1.6675846692164358,1.6675846692164358
1776099055.8202188,0.052336817290041464,,,
1776099055.8205564,,-0.9134982897075298,,
1776099055.821416,,,0.0,0.0
1776099055.8239386,,,-1.6536568891986392,-1.6536568891986392
1776099055.8257596,0.05328857454480624,,,
1776099055.8261206,,-0.8348750179241147,,
1776099055.8264673,,,-1.6285401276094431,0.0
1776099055.8289177,,,-1.7135877010737057,0.0
1776099055.8303535,0.05247581570743316,,,
1776099055.8307455,,-0.8804390846032858,,
1776099055.8314762,,,-1.6557776696803517,0.0
1776099055.8339403,,,-1.7143224954105165,0.0
1776099055.835191,0.05122056312482611,,,
1776099055.8356586,,-0.8553340329511449,,
1776099055.8363662,,,-1.6762836651506219,0.0
1776099055.8388863,,,-1.6528816237179562,0.0
1776099055.8406556,0.04982543715970984,,,
1776099055.8409002,,-0.8237010420627295,,
1776099055.8413908,,,-1.6379706394309028,0.0
1776099055.8439105,,,-3.3224564207520766,0.0
1776099055.84558,0.048473545925601824,,,
1776099055.8461223,,-0.781208406523911,,
1776099055.8465018,,,-1.5864978895794113,0.0
1776099055.8488834,,,-1.7280877750633175,0.0
1776099055.8503087,0.04830134169458195,,,
1776099055.8505173,,-0.6998241119798494,,
1776099055.851379,,,-3.2844035931472955,0.0
1776099055.854047,,,-1.6514898180387183,0.0
1776099055.8564684,,,-1.664166552522361,-1.664166552522361
1776099055.8579307,0.049669258589440934,,,
1776099055.8583605,,-0.7070645495377585,,
1776099055.8589306,,,0.0,0.0
1776099055.8606145,0.051345216505215625,,,
1776099055.860945,,-0.6646419648507078,,
1776099055.8616407,,,-1.5329557651655752,0.0
1776099055.8638935,,,-1.8511692431328801,1.8511692431328801
1776099055.8653333,0.05210079970409442,,,
1776099055.865667,,-0.7540965982939324,,
1776099055.8663821,,,-3.2931688726104467,0.0
1776099055.8688993,,,0.0,0.0
1776099055.8706899,0.05318832602532005,,,
1776099055.8708677,,-0.7758471247184452,,
1776099055.8713934,,,-1.6411125777391273,0.0
1776099055.8739007,,,-1.6656338601070935,0.0
1776099055.8752656,0.053282235770576336,,,
1776099055.8756356,,-0.6325033900222138,,
1776099055.876395,,,-1.6425387950118022,0.0
1776099055.878881,,,-1.6602467717144966,0.0
1776099055.8805318,0.05379050313811274,,,
1776099055.8809323,,-0.5450103204942311,,
1776099055.8814223,,,-1.6139007792013382,0.0
1776099055.8838797,,,0.0,0.0
1776099055.8852015,0.053899883138913404,,,
1776099055.8855271,,-0.5394705150819153,,
1776099055.886372,,,-1.6350719137061673,0.0
1776099055.8888865,,,-1.6516605655552767,0.0
1776099055.8902318,0.0558657710828297,,,
1776099055.8905852,,-0.5624008452070607,,
1776099055.8913856,,,-1.6420582114039552,0.0
1776099055.8939316,,,-1.6593458730419826,0.0
1776099055.895524,0.0571495306090152,,,
1776099055.8957155,,-0.577550776612874,,
1776099055.8964007,,,0.0,0.0
1776099055.8989046,,,-1.6693380837056642,0.0
1776099055.9003043,0.06042514177883137,,,
1776099055.9009557,,-0.590037011035491,,
1776099055.9014118,,,-1.6412937806269756,0.0
1776099055.9038916,,,-1.6776357135783206,0.0
1776099055.9055426,0.06317594953257866,,,
1776099055.9058976,,-0.6070822946091644,,
1776099055.906399,,,-1.6332102461989726,0.0
1776099055.908896,,,-1.6630092204859368,0.0
1776099055.910297,0.06671941446866872,,,
1776099055.9108558,,-0.6698244945184125,,
1776099055.9113958,,,-1.6398438800184338,0.0
1776099055.9138837,,,0.0,0.0
1776099055.9153974,0.06964909075111389,,,
1776099055.9157481,,-0.7145619828475537,,
1776099055.9163845,,,-1.6327731893115525,0.0
1776099055.9188962,,,-1.6575598510593945,0.0
1776099055.9203062,0.07239763027733995,,,
1776099055.9206295,,-0.8340166393602001,,
1776099055.9214005,,,-1.643889576852099,0.0
1776099055.9239197,,,-1.669405401475082,0.0
1776099055.9257956,0.07567755142680704,,,
1776099055.926122,,-0.871236832069644,,
1776099055.9265199,,,-1.5948106539896236,1.5948106539896236
1776099055.9289372,,,-1.7019303687666223,0.0
1776099055.9302938,0.07852043716319505,,,
1776099055.930738,,-0.9280945467974042,,
1776099055.9314044,,,-1.6734907977699636,0.0
1776099055.9338977,,,-1.6506635024267142,-1.6506635024267142
1776099055.9352942,0.08104515401333838,,,
1776099055.9354744,,-0.9697956293473445,,
1776099055.9363794,,,-1.6395463872152616,0.0
1776099055.9388862,,,-3.3119769598346576,0.0
1776099055.9403317,0.08179042357225323,,,
1776099055.9407637,,-1.1187315353687288,,
1776099055.9413974,,,-3.2717389646213744,1.6358694823106872
1776099055.943895,,,-1.6602073951038987,0.0
1776099055.945393,0.08233688324442143,,,
1776099055.9457326,,-1.0691737966662065,,
1776099055.9463751,,,-3.2926745840188794,0.0
1776099055.948917,,,-3.3054737489583763,0.0
1776099055.9504266,0.08101559656924029,,,
1776099055.9507513,,-1.0728582981074521,,
1776099055.9513993,,,-3.3319077440256226,-1.6659538720128113
1776099055.9539113,,,-1.6662473243003855,0.0
1776099055.9554224,0.08038785086557751,,,
1776099055.955671,,-1.0364550121088363,,
1776099055.9563758,,,-3.3202286610794993,0.0
1776099055.9588861,,,-3.3049488075518223,0.0
1776099055.9603276,0.0789842618522991,,,
1776099055.9618,,,-2.8499892255984913,0.0
1776099055.9622924,,-1.0083832318432682,,
1776099055.9639213,,,-1.9785777142051224,0.0
1776099055.965936,0.0795474126039612,,,
1776099055.9662764,,-1.1560749220249407,,
1776099055.9663532,,,-3.30213966045151,0.0
1776099055.968874,,,-1.6312235593064095,0.0
1776099055.970556,0.07939342846906322,,,
1776099055.9709427,,-1.2493213449249456,,
1776099055.9714475,,,-3.2028888861049407,0.0
1776099055.9739306,,,-1.6834094638074728,0.0
1776099055.9752374,0.07930930720154436,,,
1776099055.9755526,,-1.2476389195745683,,
1776099055.976416,,,-3.3227747113583064,0.0
1776099055.9789052,,,-3.3470616140347857,1.6735308070173929
1776099055.980741,0.07836992897753017,,,
1776099055.9810915,,-1.2916032164174396,,
1776099055.9815874,,,-3.220725598406897,0.0
1776099055.983943,,,-1.7092065461034578,-1.7092065461034578
1776099055.985283,0.07506673728078084,,,
1776099055.9857125,,-1.225539382482453,,
1776099055.9864163,,,-3.353675614125761,0.0
1776099055.9889114,,,-3.336105699514737,0.0
1776099055.990193,0.07020264605092293,,,
1776099055.9904745,,-1.2044657631439886,,
1776099055.991421,,,-3.3094460013582,0.0
1776099055.9939,,,-3.3043446220101282,0.0
1776099055.9952555,0.06664115440481115,,,
1776099055.995593,,-1.1997182631309984,,
1776099055.9963732,,,-3.295597406055306,0.0
1776099055.9988685,,,-3.299389006999045,0.0
1776099056.0005918,0.06326305333368373,,,
1776099056.0008783,,-1.0984487663055662,,
1776099056.0013957,,,-1.626921514562278,0.0
1776099056.0038984,,,-3.3230414342275556,0.0
1776099056.005255,0.06175387771336516,,,
1776099056.0058615,,-1.1399436008033506,,
1776099056.0064106,,,-3.265111573965223,0.0
1776099056.0089731,,,-3.318638823713809,0.0
1776099056.0103548,0.06292452600736263,,,
1776099056.0107746,,-1.1945326506527658,,
1776099056.0115035,,,-1.6782997527433918,0.0
1776099056.0139415,,,-3.4023010631544546,0.0
1776099056.0153837,0.0649541078520746,,,
1776099056.0157278,,-1.3114657239337737,,
1776099056.0164087,,,-3.3645033672214524,0.0
1776099056.018895,,,-1.6432139083339972,0.0
1776099056.0204318,0.06411497406865531,,,
1776099056.020778,,-1.3431791788845564,,
1776099056.0213766,,,-3.291578103068649,0.0
1776099056.0238872,,,-3.299676026575794,0.0
1776099056.025232,0.062445963158329745,,,
1776099056.0256398,,-1.3717514352327527,,
1776099056.0264013,,,-3.2663165716445817,0.0
1776099056.028904,,,-3.320917443108008,0.0
1776099056.0302112,0.05796074894698965,,,
1776099056.0307906,,-1.2648603354843222,,
1776099056.0313861,,,-3.2947611804850583,0.0
1776099056.0339143,,,-3.295806176101938,0.0
1776099056.0351799,0.05065903767271767,,,
1776099056.0356328,,-1.1188261099988825,,
1776099056.0363748,,,-3.307183091477009,0.0
1776099056.0389245,,,-3.26824225740167,0.0
1776099056.040214,0.04323395721350964,,,
1776099056.0405922,,-1.0121590750301588,,
1776099056.041404,,,-3.3370411402992244,-1.6685205701496122
1776099056.043919,,,-1.6664478253427435,0.0
1776099056.045367,0.037880960885389545,,,
1776099056.0457659,,-1.01488159800126,,
1776099056.046389,,,-3.319246817477088,0.0
1776099056.0488906,,,-3.3354091586278334,0.0
1776099056.050378,0.034295531436213035,,,
1776099056.0506394,,-1.0349692562611563,,
1776099056.0513806,,,-1.6423054736714298,1.6423054736714298
1776099056.0538917,,,-3.3084193482977815,0.0
1776099056.055271,0.03226652251379676,,,
1776099056.0557537,,-1.0889831787458248,,
1776099056.056386,,,-1.6394695873582605,0.0
1776099056.058919,,,-1.6523162522335475,0.0
1776099056.0602756,0.030694568174951625,,,
1776099056.060708,,-1.1092377696618823,,
1776099056.061411,,,-1.6432524829615682,0.0
1776099056.0639074,,,-3.345579710513486,0.0
1776099056.0655434,0.02899663093041405,,,
1776099056.0665588,,-1.1420278199365252,,
1776099056.0666187,,,-1.6114864377698628,0.0
1776099056.0689156,,,-3.3613485119201996,0.0
1776099056.0702507,0.028142236493234097,,,
1776099056.0706491,,-1.1891573349249023,,
1776099056.0714188,,,-1.6509119474082268,0.0
1776099056.0739145,,,-3.3570326745808936,0.0
1776099056.0752313,0.02691118471976219,,,
1776099056.0757952,,-1.2668578058167874,,
1776099056.0763707,,,-3.318319894897734,0.0
1776099056.078961,,,-1.650047313692153,0.0
1776099056.0802014,0.024170926707161876,,,
1776099056.0807185,,-1.262014318592771,,
1776099056.0813737,,,-3.277155679518724,0.0
1776099056.0839155,,,-3.27638036692857,0.0
1776099056.085358,0.021745056523061475,,,
1776099056.0860431,,-1.3108888695333243,,
1776099056.0864568,,,-3.2248720895210914,0.0
1776099056.088916,,,-3.403777980225348,0.0
1776099056.090879,0.018151040855641253,,,
1776099056.0912027,,-1.2576609141153696,,
1776099056.0916274,,,-3.057301351290236,0.0
1776099056.0938988,,,-3.6954265304614875,0.0
1776099056.095309,0.01356525606104916,,,
1776099056.0957322,,-1.117449087604359,,
1776099056.0963976,,,-3.2781881397313315,0.0
1776099056.0989087,,,-1.6637803565678646,0.0
1776099056.100569,0.009595909960016673,,,
1776099056.10092,,-1.0812290510798923,,
1776099056.101415,,,-3.279377670176213,0.0
1776099056.1039095,,,-3.359012626087081,0.0
1776099056.1056013,0.006092605326627834,,,
1776099056.1059146,,-1.085239465621615,,
1776099056.1064167,,,-1.6433310405298112,0.0
1776099056.1094067,,,-3.359066843983533,0.0
1776099056.11054,0.0023208866192115612,,,
1776099056.1108508,,-1.1010684142044176,,
1776099056.1114001,,,-3.3181883367446474,0.0
1776099056.1138868,,,-1.6644996736264759,0.0
1776099056.1154604,-0.0013125650647595696,,,
1776099056.1156616,,-1.054645912755699,,
1776099056.1163657,,,-3.2849472530484314,0.0
1776099056.1188698,,,-1.6433696206570252,0.0
1776099056.1204038,-0.005023241650928251,,,
1776099056.1208012,,-0.995753960760909,,
1776099056.1213737,,,-3.2743155872784686,0.0
1776099056.1239033,,,-1.6486214462344462,0.0
1776099056.1252203,-0.011215816994024378,,,
1776099056.1255648,,-0.8977492927454666,,
1776099056.1263688,,,-1.6401030520915594,0.0
1776099056.1288893,,,-3.2959359654088614,0.0
1776099056.1302638,-0.017517352803447492,,,
1776099056.1305041,,-0.7802453687537811,,
1776099056.1314003,,,-1.644448492974782,0.0
1776099056.1339328,,,-1.6588689860305719,0.0
1776099056.1355762,-0.02449012156719273,,,
1776099056.1359653,,-0.6473183187545336,,
1776099056.1365268,,,-3.2102813925644966,0.0
1776099056.138949,,,-1.7022373859820257,0.0
1776099056.1402955,-0.030562284103294136,,,
1776099056.1406727,,-0.4672533716796643,,
1776099056.1416008,,,0.0,0.0
1776099056.1439078,,,-1.6670488962577183,-1.6670488962577183
1776099056.145685,-0.03756751780514339,,,
1776099056.145968,,-0.3731134368284299,,
1776099056.1464155,,,-1.6438243011367781,0.0
1776099056.1488757,,,-1.6808239403781642,0.0
1776099056.150222,-0.04386798460673197,,,
1776099056.1506689,,-0.1936784184387279,,
1776099056.1513941,,,0.0,1.632901996344849
1776099056.153915,,,-1.6541833765204201,0.0
1776099056.155393,-0.05025663674132037,,,
1776099056.1557684,,-0.015011084822447618,,
1776099056.1564407,,,0.0,0.0
1776099056.158916,,,1.6779749807023714,-1.6779749807023714
1776099056.1604283,-0.056393799953966796,,,
1776099056.160774,,0.15356368748815707,,
1776099056.161446,,,1.6546440613337845,0.0
1776099056.163909,,,1.6952277843425791,0.0
1776099056.165257,-0.062166962279614574,,,
1776099056.1657472,,0.2832826647050991,,
1776099056.1665378,,,0.0,1.658180950368134
1776099056.1689327,,,0.0,0.0
1776099056.1702616,-0.06756779240217947,,,
1776099056.1707444,,0.35879087190618486,,
1776099056.1713848,,,0.0,1.6758108534988598
1776099056.1738918,,,0.0,-1.646271821765082
1776099056.1751785,-0.07115145046074453,,,
1776099056.1755807,,0.539580326970616,,
1776099056.1763527,,,0.0,0.0
1776099056.1788893,,,0.0,-1.6486475673155816
1776099056.1802177,-0.07714534112865341,,,
1776099056.1804004,,0.6594581403287935,,
1776099056.181368,,,0.0,-1.6323758161260753
1776099056.183913,,,1.6357666161905886,-1.6357666161905886
1776099056.1852896,-0.08158911756476617,,,
1776099056.18566,,0.8912906694751368,,
1776099056.1864061,,,0.0,-1.6400255014545322
1776099056.1889668,,,0.0,-1.659968311793073
1776099056.190388,-0.08824779226694202,,,
1776099056.1904762,,1.0244641635186538,,
1776099056.1914382,,,1.6504144247100145,-3.300828849420029
1776099056.1939282,,,1.6666750700971302,-1.6666750700971302
1776099056.1954226,-0.09543061064212872,,,
1776099056.1957066,,1.2695094194871885,,
1776099056.1963894,,,1.6586567272306803,-1.6586567272306803
1776099056.1989074,,,0.0,-1.6492888522703877
1776099056.2002602,-0.10358139628470472,,,
1776099056.200656,,1.4325251323387087,,
1776099056.2014618,,,1.614264163681892,-3.228528327363784
1776099056.2039077,,,1.692964608175523,-1.692964608175523
1776099056.2055523,-0.1080422842173977,,,
1776099056.2058837,,1.6616355754709398,,
1776099056.2063723,,,1.6467802328845687,-1.6467802328845687
1776099056.2088873,,,1.651227035046457,-3.302454070092914
1776099056.2102265,-0.1135132356029613,,,
1776099056.210741,,1.7855767961423472,,
1776099056.2113879,,,1.6401673338539449,-1.6401673338539449
1776099056.2139447,,,1.651319105822029,-3.302638211644058
1776099056.2156675,-0.11654289521706362,,,
1776099056.2161236,,1.8261853192131978,,
1776099056.216418,,,3.33741719936757,-3.33741719936757
1776099056.2189188,,,3.3577104572501386,-3.3577104572501386
1776099056.2203,-0.11901096877617223,,,
1776099056.2206795,,1.8527642674946065,,
1776099056.2214074,,,1.6539993165300955,-3.307998633060191
1776099056.2239506,,,1.6434341587374794,-3.286868317474959
1776099056.225566,-0.12386351525025233,,,
1776099056.2262564,,1.9671352436259117,,
1776099056.2264104,,,3.3340977925154367,-1.6670488962577183
1776099056.228922,,,1.6771891723363272,-3.3543783446726545
1776099056.2302833,-0.1299886063648414,,,
1776099056.2306793,,2.0896370659176937,,
1776099056.231405,,,1.646558380558933,-1.646558380558933
1776099056.2339072,,,1.6633943398174402,-3.3267886796348805
1776099056.2352414,-0.132898162975976,,,
1776099056.2356985,,2.2955815191751605,,
1776099056.236393,,,1.6470930405597048,-1.6470930405597048
1776099056.2388957,,,3.32410301393325,-3.32410301393325
1776099056.240253,-0.13603339243736964,,,
1776099056.240616,,2.484455986689717,,
1776099056.2413914,,,3.291631573001387,-4.93744735950208
1776099056.243917,,,3.3286539616278805,-3.3286539616278805
1776099056.2452056,-0.13895563972725997,,,
1776099056.2456307,,2.5908641385943936,,
1776099056.2463968,,,3.283937141914762,-4.925905712872144
1776099056.2488868,,,5.000627022302918,-3.333751348201945
1776099056.250649,-0.13781501895060186,,,
1776099056.2510402,,2.649189480058687,,
1776099056.2514124,,,3.2609632196888594,-4.89144482953329
1776099056.253924,,,3.363768468107039,-3.363768468107039
1776099056.2556334,-0.1385746828124606,,,
1776099056.2567048,,,1.651751976037095,-3.30350395207419
1776099056.2567663,,2.5799142220965403,,
1776099056.2589686,,,3.255499376251132,-3.255499376251132
1776099056.2603242,-0.1409421834637165,,,
1776099056.2606623,,2.6790911439426934,,
1776099056.2613864,,,3.3808077039615188,-3.3808077039615188
1776099056.2640288,,,1.6524212104165699,-3.3048424208331397
1776099056.2652674,-0.1417197759164217,,,
1776099056.2655988,,2.7815096885014623,,
1776099056.2663631,,,3.4083537201617946,-3.4083537201617946
1776099056.268912,,,3.297975845974648,-3.297975845974648
1776099056.270224,-0.13940191537539942,,,
1776099056.2706447,,2.7895107779354693,,
1776099056.2713702,,,3.329480128213965,-4.994220192320948
1776099056.2738938,,,3.295257506019675,-3.295257506019675
1776099056.2753155,-0.13665683507038465,,,
1776099056.275648,,2.6148343876960727,,
1776099056.2763703,,,3.3026906249165546,-4.954035937374832
1776099056.2789059,,,3.289912962382109,-3.289912962382109
1776099056.2802892,-0.12775019944693988,,,
1776099056.280788,,2.4300401188234457,,
1776099056.2814026,,,3.3046069759170966,-3.3046069759170966
1776099056.283912,,,1.665579816179121,-3.331159632358242
1776099056.2855265,-0.11570380710318397,,,
1776099056.2858255,,2.1406161413291587,,
1776099056.286393,,,3.3210506501499557,-3.3210506501499557
1776099056.2889054,,,1.6547756310939084,-1.6547756310939084
1776099056.29031,-0.10436191672525715,,,
1776099056.2908971,,1.954147365577238,,
1776099056.291387,,,1.6426817633575153,-3.2853635267150305
1776099056.2939246,,,1.6352135850995633,-1.6352135850995633
1776099056.295386,-0.09438841156282925,,,
1776099056.2957795,,1.9813034111836416,,
1776099056.29639,,,1.6662343438815848,-3.3324686877631695
1776099056.2988908,,,1.6546703736120232,-1.6546703736120232
1776099056.3004277,-0.0859935323468705,,,
1776099056.300835,,1.8199341521401242,,
1776099056.301444,,,1.6047319089234795,-3.209463817846959
1776099056.3039057,,,3.377731854699198,-3.377731854699198
1776099056.305463,-0.07957842401341166,,,
1776099056.3058274,,1.722408376056189,,
1776099056.3063579,,,1.660405729020939,-1.660405729020939
1776099056.308873,,,1.646271821765082,-3.292543643530164
1776099056.310282,-0.0767525088443536,,,
1776099056.3106725,,1.6658900726750279,,
1776099056.3113978,,,1.617051482084079,-1.617051482084079
1776099056.3139415,,,1.6741508310763558,-3.3483016621527115
1776099056.3156407,-0.07120433497882236,,,
1776099056.3160822,,1.3024536076629614,,
1776099056.3164442,,,1.6640874288807999,-1.6640874288807999
1776099056.3189347,,,0.0,-1.7039536032307234
1776099056.3202522,-0.06527097292116703,,,
1776099056.3205278,,1.1602044568406433,,
1776099056.3213887,,,1.6350594144676627,-1.6350594144676627
1776099056.3239143,,,1.6572159480200892,-1.6572159480200892
1776099056.325566,-0.06166298248243793,,,
1776099056.3259046,,1.1557260611279783,,
1776099056.3264666,,,1.6234912531908194,-1.6234912531908194
1776099056.3288975,,,0.0,-1.6900320910012918
1776099056.3306053,-0.05821439807556615,,,
1776099056.3309321,,1.1324526499201442,,
1776099056.3314219,,,0.0,-1.6375832703526894
1776099056.333923,,,1.6721178221825328,-1.6721178221825328
1776099056.3356078,-0.05360525535046951,,,
1776099056.335973,,1.0282789938914938,,
1776099056.3363981,,,0.0,-1.6416955080501068
1776099056.3389044,,,0.0,-1.6680788674956417
1776099056.3402665,-0.05232685655495285,,,
1776099056.3406215,,1.026159696522297,,
1776099056.341417,,,0.0,-1.6391722303321226
1776099056.3439112,,,0.0,-1.6804835203396067
1776099056.3453774,-0.05070476612121537,,,
1776099056.345606,,1.0463441834370302,,
1776099056.3463993,,,1.6511087745766344,-1.6511087745766344
1776099056.3488996,,,1.6686283203525363,-3.3372566407050726
1776099056.3502183,-0.046217244689328946,,,
1776099056.3506365,,1.0134834464871727,,
1776099056.3513947,,,1.6404524702301833,-1.6404524702301833
1776099056.3538997,,,0.0,-1.6605382166961995
1776099056.3554606,-0.04410161696066158,,,
1776099056.355772,,0.8663179941190841,,
1776099056.3566809,,,0.0,-1.476727371899453
1776099056.3589017,,,0.0,-1.8856553310330089
1776099056.360252,-0.04380395218383215,,,
1776099056.360723,,0.8603646985824954,,
1776099056.361385,,,0.0,-1.6455287827826874
1776099056.3638995,,,0.0,-1.6601801905367009
1776099056.3653193,-0.04338186129026435,,,
1776099056.3656538,,0.8615155219325134,,
1776099056.366401,,,-1.6447604153601627,0.0
1776099056.368907,,,0.0,-1.6551975065759008
1776099056.3703876,-0.04390850326803491,,,
1776099056.3708243,,0.8720483614879246,,
1776099056.3714612,,,0.0,-1.6496810728265978
1776099056.373929,,,0.0,-3.342191829485204
1776099056.3753405,-0.04922324531218368,,,
1776099056.3756626,,0.9748791930409595,,
1776099056.3765597,,,0.0,-1.654222467892101
1776099056.378923,,,1.704847736729064,-3.409695473458128
1776099056.3803303,-0.05297127884779438,,,
1776099056.3808017,,1.0679592971713243,,
1776099056.381393,,,0.0,-1.6453072674940687
1776099056.3839273,,,0.0,-3.314934166143341
1776099056.3852885,-0.055459406333184434,,,
1776099056.3856175,,0.8247465962429933,,
1776099056.3864172,,,-1.6443445451357095,-1.6443445451357095
1776099056.3888886,,,0.0,-1.6799548222048142
1776099056.3903005,-0.05697170279716167,,,
1776099056.3907874,,0.6101137121213506,,
1776099056.3913925,,,0.0,-1.6360112919550223
1776099056.3938985,,,-1.6558431860322254,-1.6558431860322254
1776099056.3952718,-0.059582499218640894,,,
1776099056.3958676,,0.6635287207036068,,
1776099056.396456,,,0.0,-3.199953908131141
1776099056.3989048,,,0.0,-1.703757547492078
1776099056.4005728,-0.05861741747733861,,,
1776099056.4006333,,0.663812061704533,,
1776099056.4014146,,,1.6437337659845246,0.0
1776099056.4039197,,,0.0,-1.678977497311682
1776099056.405475,-0.058524724384312735,,,
1776099056.405875,,0.6619581998440155,,
1776099056.4064198,,,0.0,-1.652775897512989
1776099056.4090364,,,0.0,-1.5854329728684358
1776099056.4105523,-0.0568493845051132,,,
1776099056.411439,,0.7410317054830953,,
1776099056.4115465,,,0.0,-1.725534971370836
1776099056.4139335,,,0.0,-1.6405817926792485
1776099056.4156952,-0.054841320401457415,,,
1776099056.4165268,,0.5653743661580712,,
1776099056.4165907,,,0.0,0.0
1776099056.4190285,,,0.0,-1.72314701583467
1776099056.4207096,-0.05140348101313104,,,
1776099056.4212396,,0.3620541390361576,,
1776099056.4220736,,,0.0,-1.7269823892532186
1776099056.4239647,,,0.0,-1.625967134706543
1776099056.4254365,-0.046738356176298235,,,
1776099056.4256318,,0.2543626804674406,,
1776099056.4263804,,,0.0,0.0
1776099056.4289021,,,0.0,0.0
1776099056.4302669,-0.04310168761368728,,,
1776099056.4305937,,0.10795249538994578,,
1776099056.4313924,,,0.0,0.0
1776099056.4339018,,,0.0,0.0
1776099056.4352558,-0.04050912531973984,,,
1776099056.435625,,0.05610124951099693,,
1776099056.4364183,,,0.0,0.0
1776099056.4389207,,,0.0,0.0
1776099056.4402647,-0.038712993244185645,,,
1776099056.4405947,,0.2008400176691243,,
1776099056.4413977,,,0.0,0.0
1776099056.4439144,,,0.0,0.0
1776099056.445297,-0.03514207437827581,,,
1776099056.4457319,,0.16486112041878176,,
1776099056.4464004,,,0.0,0.0
1776099056.4489129,,,0.0,0.0
1776099056.450249,-0.03145481585265035,,,
1776099056.4505677,,0.12748804787064916,,
1776099056.4513972,,,0.0,-1.6497595393248388
1776099056.4539177,,,0.0,0.0
1776099056.4552565,-0.026052579680303563,,,
1776099056.4556577,,0.019443324423713326,,
1776099056.4563797,,,0.0,-1.6550786767144041
1776099056.4588864,,,0.0,-1.655394645231906
1776099056.4602206,-0.021485224135277228,,,
1776099056.4606135,,0.022024158815807604,,
1776099056.4613788,,,0.0,0.0
1776099056.4639091,,,0.0,0.0
1776099056.465266,-0.015180398744444308,,,
1776099056.4658186,,-0.11273237232570243,,
1776099056.4663925,,,0.0,0.0
1776099056.4688888,,,0.0,0.0
1776099056.4702668,-0.009636857917372675,,,
1776099056.4706714,,-0.22360318886713507,,
1776099056.4713807,,,0.0,0.0
1776099056.4739182,,,0.0,1.6505064048846736
1776099056.475255,-0.0036781670294102676,,,
1776099056.4758363,,-0.37381985946777424,,
1776099056.4763935,,,0.0,1.6433050876452255
1776099056.478902,,,0.0,0.0
1776099056.4802837,0.00010118621051401531,,,
1776099056.480873,,-0.3962477041644787,,
1776099056.4813764,,,0.0,1.6463239159448642
1776099056.483905,,,0.0,0.0
1776099056.4852285,0.006524519041182579,,,
1776099056.4855578,,-0.42239285441652685,,
1776099056.4863734,,,0.0,0.0
1776099056.4888911,,,0.0,1.657639068868035
1776099056.490318,0.012745560482564028,,,
1776099056.4907331,,-0.5181689907081084,,
1776099056.4914064,,,0.0,1.6379964240926805
1776099056.493924,,,0.0,0.0
1776099056.4953911,0.01992753324545292,,,
1776099056.4956408,,-0.5973245799777607,,
1776099056.4963858,,,0.0,1.6610819956251013
1776099056.4988956,,,0.0,1.6566739840674956
1776099056.5002322,0.026138979241087802,,,
1776099056.500716,,-0.5863239048946992,,
1776099056.501379,,,0.0,1.6468196795569736
1776099056.5038993,,,0.0,1.6514628984158513
1776099056.505242,0.035263557756851485,,,
1776099056.5056062,,-0.6145338288995402,,
1776099056.506387,,,0.0,0.0
1776099056.5088992,,,0.0,1.6547891448486844
1776099056.510945,0.04336870305219558,,,
1776099056.5114164,,,0.0,1.6321834296386968
1776099056.5114582,,-0.7034928454934453,,
1776099056.5139103,,,0.0,1.6549470587620005
1776099056.5156207,0.05245981204857592,,,
1776099056.5164614,,-0.8869137989579478,,
1776099056.51653,,,0.0,0.0
1776099056.5189176,,,0.0,1.6361656421537272
1776099056.5205462,0.06135284383131703,,,
1776099056.520847,,-1.0401266759189616,,
1776099056.5213928,,,-1.6622509994469388,3.3245019988938775
1776099056.5238948,,,0.0,1.6669557848737087
1776099056.5253792,0.07267807784131147,,,
1776099056.5259159,,-1.1792317361018867,,
1776099056.5264559,,,-1.5897491595353619,3.1794983190707238
1776099056.528893,,,0.0,1.7059945049511835
1776099056.5303755,0.08254093436738441,,,
1776099056.5308254,,-1.3529069569541343,,
1776099056.5314317,,,0.0,3.2855962374239467
1776099056.5339003,,,-1.6513977282262682,1.6513977282262682
1776099056.5353866,0.09361788312863306,,,
1776099056.5359387,,-1.4601336242910667,,
1776099056.5364141,,,-1.6407628783666808,3.2815257567333616
1776099056.5388784,,,-1.6774602844101743,3.3549205688203485
1776099056.5407608,0.10351569315491063,,,
1776099056.540999,,-1.6570239757920209,,
1776099056.5414033,,,-1.6327988105968723,1.6327988105968723
1776099056.5438743,,,-1.6726423249793803,3.3452846499587605
1776099056.5453832,0.11225835871753169,,,
1776099056.5456834,,-1.6652051458230681,,
1776099056.5463827,,,0.0,1.6318382165426701
1776099056.5489185,,,-1.6511094826727468,3.3022189653454936
1776099056.5506318,0.11662279073839077,,,
1776099056.5509577,,-1.4621831581656102,,
1776099056.5516047,,,-3.2064193094500464,1.6032096547250232
1776099056.5539365,,,-1.817427602469273,3.634855204938546
1776099056.5557387,0.12283036587028251,,,
1776099056.555798,,-1.3156090085557777,,
1776099056.5564263,,,-1.655250167179956,3.310500334359912
1776099056.5588894,,,0.0,1.679968017277125
1776099056.5602643,0.12771084317112658,,,
1776099056.5605874,,-1.1639431139450083,,
1776099056.5613892,,,-1.6331707560111643,0.0
1776099056.5638933,,,0.0,1.6585774121276595
1776099056.5653327,0.13309459069753513,,,
1776099056.5659122,,-1.2638906590448504,,
1776099056.5664668,,,0.0,1.627724225051998
1776099056.5689464,,,0.0,0.0
1776099056.5707564,0.1384232474106293,,,
1776099056.5714278,,,0.0,1.6691368866110685
1776099056.5715492,,-1.3704637933067338,,
1776099056.5739493,,,0.0,3.339883932242682
1776099056.5755768,0.1465755544150108,,,
1776099056.5759642,,-1.7859829210958056,,
1776099056.576614,,,-1.576273344313254,0.0
1776099056.5789015,,,-1.8423594455188839,3.6847188910377677
1776099056.5802329,0.15268476102805875,,,
1776099056.580673,,-1.9081670533567645,,
1776099056.5814168,,,-1.6646860781635464,3.329372156327093
1776099056.5838974,,,-3.3326028231114044,4.9989042346671075
1776099056.5854294,0.16329325867065267,,,
1776099056.5858593,,-1.9617919637998222,,
1776099056.5863678,,,-1.6752843619748572,3.3505687239497144
1776099056.5888972,,,-3.2862721264749655,3.2862721264749655
1776099056.590437,0.17402242510445676,,,
1776099056.5908098,,-1.624931653374971,,
1776099056.5914302,,,-3.217410966306947,3.217410966306947
1776099056.5939012,,,-1.6877280062468225,3.375456012493645
1776099056.5952747,0.18333225305252387,,,
1776099056.5957172,,-1.8111282123363133,,
1776099056.596385,,,-1.6434481894257387,1.6434481894257387
1776099056.598883,,,0.0,1.6616792012770536
1776099056.6003675,0.19120025219306974,,,
1776099056.6006932,,-1.2860783571489272,,
1776099056.6013606,,,0.0,0.0
1776099056.6038826,,,-1.6552636886864898,1.6552636886864898
1776099056.605283,0.1952995712050183,,,
1776099056.6056826,,-1.5926924193217404,,
1776099056.6063623,,,0.0,1.6392755252396176
1776099056.6089137,,,0.0,1.6391331491671428
1776099056.6108744,0.19115647174360498,,,
1776099056.6112201,,-1.7941456574047545,,
1776099056.6116812,,,-1.5207785404026872,1.5207785404026872
1776099056.6139832,,,-1.8852970577020451,3.7705941154040903
1776099056.6156533,0.18374181165346273,,,
1776099056.6160257,,-1.949086503099789,,
1776099056.6164515,,,-4.9843212326693385,4.9843212326693385
1776099056.6189415,,,0.0,5.0666800178690385
1776099056.6206272,0.18011600418260254,,,
1776099056.6209905,,-2.051502824844587,,
1776099056.6213996,,,-3.3263647168330475,3.3263647168330475
1776099056.623899,,,-3.3429986055727,0.0
1776099056.625679,0.17875343733082527,,,
1776099056.6259935,,-2.074346391965106,,
1776099056.626466,,,-1.596965898280846,3.193931796561692
1776099056.6289215,,,-3.396548517951512,3.396548517951512
1776099056.6304338,0.17966980840990537,,,
1776099056.630842,,-1.9120124038774968,,
1776099056.6313612,,,-3.3345800473668112,3.3345800473668112
1776099056.6338809,,,-1.6474193607470657,3.2948387214941315
1776099056.6352675,0.17814102449912528,,,
1776099056.6356199,,-1.5548872307509534,,
1776099056.6364071,,,-1.64342223284082,3.28684446568164
1776099056.6389127,,,-1.6684540467714828,1.6684540467714828
1776099056.6402822,0.17963783403604572,,,
1776099056.6408496,,-1.3065035949414403,,
1776099056.6414175,,,-1.6440587563266735,1.6440587563266735
1776099056.643911,,,0.0,0.0
1776099056.645276,0.17950183517029983,,,
1776099056.64568,,-1.202527960289797,,
1776099056.6463788,,,1.6544200852815614,0.0
1776099056.6488922,,,0.0,0.0
1776099056.6502192,0.1805842303274586,,,
1776099056.6506531,,-1.4121649851462883,,
1776099056.6513784,,,0.0,0.0
1776099056.6539319,,,0.0,1.6285525273726875
1776099056.655218,0.18309410669329737,,,
1776099056.655853,,-1.4623625124630637,,
1776099056.6564012,,,-3.334847224617002,3.334847224617002
1776099056.6589,,,-3.310237043904234,3.310237043904234
1776099056.6602986,0.18623280070884873,,,
1776099056.6606352,,-2.28148950685382,,
1776099056.6613896,,,-3.301274634852601,3.301274634852601
1776099056.6639316,,,-1.6285022406138918,3.2570044812277836
1776099056.6656125,0.19103505012926117,,,
1776099056.6661434,,-2.3775344952620685,,
1776099056.666804,,,-4.996300664615704,3.3308671097438025
1776099056.6690228,,,-3.695165839184948,5.542748758777423
1776099056.6703234,0.19499373333532885,,,
1776099056.6711783,,-2.2612580944979257,,
1776099056.671442,,,-5.142417930441394,3.4282786202942623
1776099056.6739132,,,-3.394607886358781,5.091911829538172
1776099056.6758642,0.20105650516617354,,,
1776099056.676208,,-2.112720496763675,,
1776099056.676568,,,-1.6080832735408639,1.6080832735408639
1776099056.6788802,,,-1.6991624404896424,1.6991624404896424
1776099056.6802816,0.20620876508919542,,,
1776099056.6805823,,-1.516835197344553,,
1776099056.681358,,,-1.6413581557632697,0.0
1776099056.6839,,,-1.6322097243964997,1.6322097243964997
1776099056.6852791,0.20907161416818093,,,
1776099056.6855917,,-1.7218454999590391,,
1776099056.6863613,,,0.0,1.655394645231906
1776099056.6889102,,,0.0,1.6387710391620869
1776099056.6902401,0.20407928714819215,,,
1776099056.690562,,-1.7569620922988731,,
1776099056.6913877,,,-1.646389390332815,1.646389390332815
1776099056.693929,,,-1.6461408968965392,1.6461408968965392
1776099056.6957958,0.2003235714835044,,,
1776099056.696054,,-2.1413619397345496,,
1776099056.6966136,,,-3.0822538032715534,4.623380704907331
1776099056.6989064,,,-3.6550493434162754,3.6550493434162754
1776099056.7004077,0.18362472715194453,,,
1776099056.7010417,,-2.019622240126253,,
1776099056.7015603,,,-4.730326788926871,4.730326788926871
1776099056.7039232,,,-3.483305409588746,3.483305409588746
1776099056.705892,0.16253839727652564,,,
1776099056.7060714,,-1.661846584093702,,
1776099056.706611,,,-1.547078241058076,3.094156482116152
1776099056.7089012,,,-1.821009667983019,1.821009667983019
1776099056.7106087,0.12828966052362578,,,
1776099056.711024,,-0.664977778212974,,
1776099056.7113833,,,0.0,0.0
1776099056.71387,,,0.0,0.0
1776099056.7152083,0.08976435458644103,,,
1776099056.7154672,,0.15868756063250222,,
1776099056.7163653,,,0.0,0.0
1776099056.7190802,,,0.0,-1.6562919699689818
1776099056.720455,0.037638744408989816,,,
1776099056.7207685,,0.8273532188040881,,
1776099056.7213933,,,0.0,0.0
1776099056.7239468,,,0.0,-1.6555533866486456
1776099056.7256901,-0.007546989983735431,,,
1776099056.725971,,1.5340190682362014,,
1776099056.7264247,,,1.641526814574263,-3.283053629148526
1776099056.7289517,,,1.6873026978513508,-1.6873026978513508
1776099056.7306087,-0.055408035117410846,,,
1776099056.7308974,,2.230639884395715,,
1776099056.7316136,,,3.108753628147503,-4.663130442221255
1776099056.7339227,,,3.6274047486158474,-3.6274047486158474
1776099056.7354157,-0.09393215495378508,,,
1776099056.7359936,,2.8676246907924106,,
1776099056.7364104,,,4.958761960762594,-4.958761960762594
1776099056.7388694,,,5.044672016785104,-6.726229355713472
1776099056.7402756,-0.13018646146495774,,,
1776099056.7406807,,3.144654537300851,,
1776099056.7414129,,,4.906720288989376,-4.906720288989376
1776099056.7438672,,,3.3485448309375556,-5.022817246406333
1776099056.7452464,-0.14329812756610932,,,
1776099056.7458212,,2.4997171082636624,,
1776099056.746392,,,3.227675726625927,-3.227675726625927
1776099056.7489026,,,1.6583002261317241,-3.3166004522634482
1776099056.7502866,-0.15346844204896942,,,
1776099056.7506971,,2.139822188421288,,
1776099056.751376,,,1.6481902150694037,-3.2963804301388073
1776099056.7539372,,,3.237855057249697,-1.6189275286248486
1776099056.755284,-0.1658437635413048,,,
1776099056.7556615,,1.4072804401509478,,
1776099056.756381,,,1.6775684613938149,-1.6775684613938149
1776099056.7588968,,,1.654130073081864,-1.654130073081864
1776099056.7603874,-0.19425613272847406,,,
1776099056.7604465,,1.7497010618078193,,
1776099056.7614093,,,0.0,-1.6409440040346206
1776099056.7639155,,,0.0,0.0
1776099056.7653208,-0.22517177603250121,,,
1776099056.7656865,,2.4412910483294135,,
1776099056.7663822,,,0.0,0.0
1776099056.7689054,,,1.648908823659578,-1.648908823659578
1776099056.77037,-0.2650205372622146,,,
1776099056.770644,,3.583068432380848,,
1776099056.7714412,,,3.2575143014623653,-3.2575143014623653
1776099056.7739172,,,5.075956429826379,-3.3839709532175855
1776099056.7758987,-0.30482331545419306,,,
1776099056.7764244,,,4.961207203134856,-4.961207203134856
1776099056.776698,,4.629332054744591,,
1776099056.7789233,,,1.669405401475082,-6.677621605900328
1776099056.7803965,-0.34333500374011394,,,
1776099056.7809772,,5.247149409945621,,
1776099056.7815375,,,6.5933874879337,-4.945040615950275
1776099056.7839708,,,6.645497803479989,-6.645497803479989
1776099056.7855692,-0.36604709815895325,,,
1776099056.7862828,,4.4318318788991675,,
1776099056.7866375,,,3.365184170208969,0.0
1776099056.7890067,,,5.056573932728578,-6.742098576971437
1776099056.7907255,-0.37832563787753126,,,
1776099056.7910647,,3.2261159951536795,,
1776099056.7915795,,,5.0679983779256235,-6.757331170567498
1776099056.7939184,,,8.64086938891137,-5.184521633346822
1776099056.7951736,-0.38417877897838354,,,
1776099056.7958474,,3.3405141946092316,,
1776099056.7963922,,,3.326869172914393,-6.653738345828786
1776099056.798893,,,3.3304132970401086,-4.995619945560163
1776099056.8002515,-0.3929595614902682,,,
1776099056.800613,,3.516129844846926,,
1776099056.8014748,,,3.2840645974133764,-3.2840645974133764
1776099056.803945,,,4.965554093239265,-1.6551846977464217
1776099056.8052444,-0.37365559458680886,,,
1776099056.8055155,,3.1300505067777387,,
1776099056.8064268,,,3.3653739030577263,-3.3653739030577263
1776099056.8089318,,,4.994500944112488,-4.994500944112488
1776099056.810508,-0.3615120390441312,,,
1776099056.810778,,2.8871793959241856,,
1776099056.811526,,,3.3431858449043728,-3.3431858449043728
1776099056.8138967,,,5.010388774999043,-3.3402591833326944
1776099056.815237,-0.3555330880890243,,,
1776099056.8156176,,2.767600376822047,,
1776099056.8163967,,,3.3002530445771647,-3.3002530445771647
1776099056.8189502,,,3.325619091963196,-1.662809545981598
1776099056.8204777,-0.3531221812038208,,,
1776099056.8209748,,2.7193822391179765,,
1776099056.8214145,,,3.366055058430127,-3.366055058430127
1776099056.8239183,,,3.3693558690848264,-3.3693558690848264
1776099056.825956,-0.34955905510088603,,,
1776099056.8264456,,3.1862402433527506,,
1776099056.8265197,,,3.296196985723602,-3.296196985723602
1776099056.8289237,,,5.018168973059566,-1.6727229910198556
1776099056.8303204,-0.3451530763698613,,,
1776099056.8307495,,3.378039268817074,,
1776099056.8313985,,,3.320599508203019,-3.320599508203019
1776099056.8339422,,,3.307366340179637,-3.307366340179637
1776099056.8353648,-0.3436274322567961,,,
1776099056.8358252,,3.7862564913055574,,
1776099056.8364406,,,4.92520413449565,-4.92520413449565
1776099056.8389094,,,6.748994870042937,-5.061746152532203
1776099056.8402846,-0.3450171346106307,,,
1776099056.8406096,,4.019226475617195,,
1776099056.8413913,,,6.596734340691638,-6.596734340691638
1776099056.843941,,,6.76706160963077,-6.76706160963077
1776099056.845756,-0.34348066667302696,,,
1776099056.8460875,,4.061507775050022,,
1776099056.846571,,,3.3411172168301193,-6.682234433660239
1776099056.8489945,,,6.703567301806511,-5.027675476354884
1776099056.8507028,-0.3384410056205506,,,
1776099056.8511195,,3.5362401799546936,,
1776099056.8517327,,,4.808183360674479,-6.4109111475659715
1776099056.8539228,,,6.983810197752274,-5.237857648314206
1776099056.8556318,-0.333302311808642,,,
1776099056.8559985,,3.2173654139794565,,
1776099056.8565886,,,3.310789290463812,-3.310789290463812
1776099056.8589065,,,3.371269203793906,-3.371269203793906
1776099056.860412,-0.3206473329417768,,,
1776099056.8607423,,2.898316428245205,,
1776099056.8613665,,,1.6556195972221792,-1.6556195972221792
1776099056.8638694,,,1.6516860744393853,-1.6516860744393853
1776099056.8652966,-0.3108029252164627,,,
1776099056.8656824,,2.8309289302274734,,
1776099056.8663564,,,1.6311599766713887,-3.2623199533427774
1776099056.8688757,,,3.2865049659231365,-3.2865049659231365
1776099056.8702562,-0.2996942175226725,,,
1776099056.8706133,,3.220951809854638,,
1776099056.8714144,,,3.261423166850314,-3.261423166850314
1776099056.8739214,,,5.00227300340204,-3.3348486689346934
1776099056.8758233,-0.2908017830178798,,,
1776099056.876228,,3.4086893351955942,,
1776099056.8764274,,,4.949632819767275,-4.949632819767275
1776099056.8789785,,,5.027310017260102,-6.703080023013468
1776099056.8808522,-0.28162919940615627,,,
1776099056.8812222,,3.415624944979783,,
1776099056.8817165,,,1.6462063567276557,-4.938619070182968
1776099056.883946,,,5.793212858512798,-5.793212858512798
1776099056.8856347,-0.2742718046220131,,,
1776099056.886062,,3.2175827583724086,,
1776099056.8864396,,,5.007252186959737,-5.007252186959737
1776099056.888899,,,5.106836344737805,-5.106836344737805
1776099056.8903122,-0.25690675862719686,,,
1776099056.8907487,,2.8702818384760835,,
1776099056.891389,,,3.27705107457659,-3.27705107457659
1776099056.8938825,,,3.3311610734835178,-3.3311610734835178
1776099056.8954406,-0.2334169162151804,,,
1776099056.8958008,,1.715410529675958,,
1776099056.8963792,,,1.6419944816433127,-3.2839889632866255
1776099056.8988798,,,1.6588825667252256,-1.6588825667252256
1776099056.9003348,-0.2117808508208343,,,
1776099056.900653,,1.3696891484217755,,
1776099056.9013855,,,0.0,0.0
1776099056.9038937,,,0.0,-1.653472946347011
1776099056.9052203,-0.19023138471196485,,,
1776099056.9055703,,1.206494393674412,,
1776099056.9063869,,,-1.6446957730748513,0.0
1776099056.9089024,,,0.0,-1.6552629770227438
1776099056.9106119,-0.17519996424683396,,,
1776099056.911219,,1.413076888951946,,
1776099056.911608,,,0.0,-1.6377386139999612
1776099056.9139457,,,1.6732885984785797,-1.6732885984785797
1776099056.9154043,-0.1651070526580654,,,
1776099056.916081,,1.6879196334276356,,
1776099056.9164557,,,1.6608433768366566,-3.3216867536733132
1776099056.9189236,,,1.6878515707801882,-3.3757031415603764
1776099056.9203522,-0.15954875444265124,,,
1776099056.9207537,,2.0361345987207096,,
1776099056.9213736,,,1.671391907093774,-1.671391907093774
1776099056.9238877,,,3.296589299406645,-3.296589299406645
1776099056.9257927,-0.15252636469981212,,,
1776099056.9260075,,1.8413285036094738,,
1776099056.9266655,,,2.9669425637378652,-4.450413845606798
1776099056.9289794,,,3.774392328349687,-5.661588492524531
1776099056.931305,-0.14902409918239598,,,
1776099056.9313738,,1.7941989472899895,,
1776099056.9314632,,,3.372497714882914,-3.372497714882914
1776099056.9339197,,,1.6548019475568119,-3.3096038951136237
1776099056.935367,-0.1424019733514585,,,
1776099056.935707,,1.4888224264303576,,
1776099056.936372,,,0.0,-1.6565164531753107
1776099056.9389358,,,0.0,0.0
1776099056.9403791,-0.13670658603129068,,,
1776099056.9406874,,1.1216423055571116,,
1776099056.941411,,,-1.665726823867665,0.0
1776099056.9439166,,,0.0,-1.674043094397216
1776099056.9454205,-0.12741847158832578,,,
1776099056.9458241,,1.3045305480803409,,
1776099056.9463978,,,0.0,-1.6596634731038993
1776099056.9489038,,,0.0,-1.6453600038198282
1776099056.950354,-0.11815309099109926,,,
1776099056.9507372,,1.444973044278304,,
1776099056.9513884,,,1.6538408729807672,-3.3076817459615344
1776099056.9539292,,,3.237073730767129,-3.237073730767129
1776099056.9553194,-0.10696793083561475,,,
1776099056.9557588,,1.3790154968089872,,
1776099056.9564118,,,3.3411172168301193,-5.011675825245179
1776099056.958979,,,1.6125866538125813,-3.2251733076251625
1776099056.9602902,-0.09469941754287933,,,
1776099056.9609444,,1.0764890770102586,,
1776099056.961385,,,1.7020838635295932,-1.7020838635295932
1776099056.9638917,,,1.661082712301301,-1.661082712301301
1776099056.9661312,-0.08144751357561165,,,
1776099056.966559,,,0.0,0.0
1776099056.966958,,0.7044664018209693,,
1776099056.9689386,,,-1.7914168733850624,0.0
1776099056.9703505,-0.06404220025882029,,,
1776099056.9708219,,0.3563601354851421,,
1776099056.9714108,,,0.0,0.0
1776099056.9738905,,,0.0,0.0
1776099056.975222,-0.04376962107132466,,,
1776099056.9756365,,0.03551031806262561,,
1776099056.9763799,,,0.0,0.0
1776099056.978871,,,1.6560810824602126,0.0
1776099056.980316,-0.022225162852877383,,,
1776099056.9806736,,-0.02219845656925462,,
1776099056.9813926,,,0.0,0.0
1776099056.9839106,,,1.6592657769086525,0.0
1776099056.9853215,-0.00039680075390583744,,,
1776099056.9856822,,-0.1091672184808315,,
1776099056.9864016,,,0.0,-1.6434734452683346
1776099056.988915,,,0.0,0.0
1776099056.9903295,0.021729716804600993,,,
1776099056.9908063,,-0.2376718007790428,,
1776099056.9913895,,,-1.6487393506507355,1.6487393506507355
1776099056.9938886,,,-1.6591070377812362,1.6591070377812362
1776099056.9953196,0.04044664525178453,,,
1776099056.995729,,-0.12651613901872716,,
1776099056.9963858,,,-1.6374544201832164,0.0
1776099056.9989066,,,0.0,0.0
1776099057.0002666,0.05844897966721642,,,
1776099057.0007086,,-0.4865628273273649,,
1776099057.0014005,,,0.0,0.0
1776099057.003904,,,1.6690030233318864,-1.6690030233318864
1776099057.0055196,0.07672141806603865,,,
1776099057.0058274,,-0.3964943684166171,,
1776099057.006363,,,0.0,-1.6564893694340335
1776099057.0088818,,,0.0,1.6449557783626694
1776099057.010206,0.09462742150173044,,,
1776099057.0105233,,-1.0453247585893162,,
1776099057.0113897,,,0.0,1.6362428281752728
1776099057.0139804,,,-1.6431879591489533,1.6431879591489533
1776099057.015618,0.11270240615965593,,,
1776099057.0156868,,-1.649838029355969,,
1776099057.0163958,,,-1.7050855756821421,1.7050855756821421
1776099057.018907,,,-3.3204935434289933,3.3204935434289933
1776099057.0202956,0.13297519902824945,,,
1776099057.0208986,,-2.2195678676438697,,
1776099057.0214505,,,-1.6425387950118022,3.2850775900236044
1776099057.023882,,,-3.3900973137998878,3.3900973137998878
1776099057.0252304,0.15502312095505633,,,
1776099057.0256448,,-2.065116394814443,,
1776099057.026377,,,-3.2713025094352215,3.2713025094352215
1776099057.0289044,,,-3.2982371894972133,3.2982371894972133
1776099057.0302415,0.17914861313208258,,,
1776099057.0309632,,-2.547626238354968,,
1776099057.0314245,,,-3.289156892512607,1.6445784462563036
1776099057.0339112,,,-1.6816528232411445,3.363305646482289
1776099057.0354428,0.19856155308956855,,,
1776099057.0358882,,-1.5163073678694037,,
1776099057.036446,,,-3.295466233003077,1.6477331165015385
1776099057.0389028,,,-5.121178661995421,5.121178661995421
1776099057.0402534,0.21657223921668597,,,
1776099057.0405974,,-1.6164539284100554,,
1776099057.0413888,,,-1.6458938857190415,1.6458938857190415
1776099057.0438743,,,-1.6642464030973405,0.0
1776099057.0451672,0.23110515570612541,,,
1776099057.0455456,,-1.9071122581988442,,
1776099057.0463707,,,0.0,0.0
1776099057.048872,,,0.0,0.0
1776099057.0505402,0.24403999797031678,,,
1776099057.0508382,,-2.28664973664637,,
1776099057.0513878,,,-1.6313638733100133,1.6313638733100133
1776099057.0539331,,,-3.3067087279334797,1.6533543639667398
1776099057.0552702,0.25334665129286815,,,
1776099057.0556366,,-3.0621973136996026,,
1776099057.0563858,,,-3.3449620324732026,3.3449620324732026
1776099057.0589228,,,-4.93705480246337,4.93705480246337
1776099057.0606973,0.26501782218950076,,,
1776099057.0610638,,-3.805895952158124,,
1776099057.0616405,,,-4.8698289463107525,3.246552630873835
1776099057.0639224,,,-3.4635460573007637,6.927092114601527
1776099057.0661292,0.2704196333882159,,,
1776099057.0663936,,-3.7495249640883213,,
1776099057.0668807,,,-6.423886497236325,4.817914872927244
1776099057.0689912,,,-3.821149529598162,3.821149529598162
1776099057.0706718,0.2799921472434651,,,
1776099057.0715418,,-3.1683679294884706,,
1776099057.0715969,,,-6.807947189786348,6.807947189786348
1776099057.0739238,,,-6.436266126405391,6.436266126405391
1776099057.0754237,0.2875424207827187,,,
1776099057.0757914,,-1.679964369315103,,
1776099057.0763829,,,-4.988747524642166,3.325831683094777
1776099057.078881,,,-3.3246613325958942,3.3246613325958942
1776099057.0802543,0.29692401426012693,,,
1776099057.0805118,,-1.5502396917894776,,
1776099057.08138,,,-3.2657776754103875,1.6328888377051938
1776099057.0838802,,,0.0,0.0
1776099057.085263,0.3062073732823564,,,
1776099057.0856729,,-1.7359068722340671,,
1776099057.0863607,,,0.0,0.0
1776099057.088908,,,0.0,0.0
1776099057.0902832,0.3242868235603816,,,
1776099057.0906763,,-2.3490362475994893,,
1776099057.0913906,,,-1.657202394599672,0.0
1776099057.0939379,,,-1.6585781266442758,1.6585781266442758
1776099057.0958376,0.34915818582574804,,,
1776099057.0961032,,-3.629063139217251,,
1776099057.0964718,,,-3.2809049404603665,1.6404524702301833
1776099057.0989587,,,-3.3108163381979887,4.9662245072969835
1776099057.1004,0.37800185270325226,,,
1776099057.10071,,-4.861033933510338,,
1776099057.1014178,,,-1.6802392952478051,5.040717885743415
1776099057.1039379,,,-6.6198394556549545,4.964879591741216
1776099057.1056528,0.3998707686980737,,,
1776099057.106321,,-5.6661301668927715,,
1776099057.106394,,,-6.659812651259165,6.659812651259165
1776099057.1089675,,,-8.265323626230225,8.265323626230225
1776099057.1104407,0.4231658641075976,,,
1776099057.1113513,,-6.1320320750832495,,
1776099057.1114333,,,-3.352107585667769,6.704215171335538
1776099057.1139002,,,-9.922256710898123,4.961128355449062
1776099057.1154764,0.43268452801232865,,,
1776099057.1160698,,-6.023967626290679,,
1776099057.1166608,,,-8.204202493782981,8.204202493782981
1776099057.1189735,,,-11.25665970989314,7.504439806595427
1776099057.120429,0.4331607256692646,,,
1776099057.1209033,,-6.033491579429397,,
1776099057.1214542,,,-9.872392075644234,9.872392075644234
1776099057.1239228,,,-8.5103515938017,8.5103515938017
1776099057.1256075,0.42775166896909234,,,
1776099057.1259036,,-4.166792785968785,,
1776099057.1264322,,,-6.628969368636935,1.6572423421592337
1776099057.1290271,,,-6.2606185837672035,3.1303092918836017
1776099057.1303446,0.4230927696687922,,,
1776099057.1306953,,-4.073614799962782,,
1776099057.1313689,,,-5.232760371565279,5.232760371565279
1776099057.133886,,,-3.295806176101938,3.295806176101938
1776099057.1352615,0.4182590786725681,,,
1776099057.1356866,,-3.976940980038301,,
1776099057.1363995,,,-3.2740844717316255,1.6370422358658128
1776099057.1388893,,,-4.970935315786285,4.970935315786285
1776099057.1406825,0.40722116860743957,,,
1776099057.141254,,-3.75618277873573,,
1776099057.1413803,,,-3.277129178968458,3.277129178968458
1776099057.1439085,,,-6.650439677682459,4.987829758261845
1776099057.1453025,0.396568580022052,,,
1776099057.1457672,,-3.5476608653825155,,
1776099057.1463897,,,-4.950103753345238,4.950103753345238
1776099057.1489067,,,-4.976924335123503,4.976924335123503
1776099057.150532,0.39686727917779335,,,
1776099057.1510222,,-3.734562720422704,,
1776099057.151458,,,-4.852399712675734,4.852399712675734
1776099057.1539507,,,-1.711852793129285,5.135558379387856
1776099057.1556685,0.3921979740235401,,,
1776099057.1563668,,,-3.3546764731851915,1.6773382365925957
1776099057.156438,,-4.306532870942389,,
1776099057.1589532,,,-4.885275283090599,4.885275283090599
1776099057.1605155,0.38984677268113793,,,
1776099057.1607056,,-4.259508844094345,,
1776099057.1615243,,,-6.562377505969931,4.921783129477449
1776099057.163976,,,-6.793486605051086,6.793486605051086
1776099057.165315,0.390130944425331,,,
1776099057.1658072,,-4.475297767951913,,
1776099057.1666138,,,-6.765795097854865,6.765795097854865
1776099057.1689558,,,-7.210275227565511,5.407706420674133
1776099057.1708078,0.3880294421376641,,,
1776099057.171294,,-4.854411318042511,,
1776099057.1717238,,,-4.942886259029513,6.59051501203935
1776099057.173913,,,-6.740133323934533,6.740133323934533
1776099057.1755872,0.3744279080282554,,,
1776099057.1759384,,-4.3941250518848705,,
1776099057.1764257,,,-3.3051062724661358,4.957659408699204
1776099057.178877,,,-6.810789466059894,6.810789466059894
1776099057.1803331,0.36923408836920163,,,
1776099057.1806679,,-3.9383852494586726,,
1776099057.1813686,,,-4.911939169711278,6.549252226281704
1776099057.1839414,,,-6.535405451221172,6.535405451221172
1776099057.1855137,0.35689593348589804,,,
1776099057.1858668,,-3.2246470478909894,,
1776099057.1863859,,,-5.04659187286136,3.364394581907573
1776099057.1888819,,,-3.333217387587352,3.333217387587352
1776099057.1904135,0.3516771159801507,,,
1776099057.1909842,,-3.0588511477336344,,
1776099057.1915905,,,0.0,1.629420980278881
1776099057.1939135,,,-1.6594252616611798,0.0
1776099057.1952991,0.33702997081925207,,,
1776099057.195702,,-3.2448741499439904,,
1776099057.1963882,,,-1.6525268912470905,1.6525268912470905
1776099057.1988966,,,-3.2994144549933058,3.2994144549933058
1776099057.2003095,0.3253196052541815,,,
1776099057.200709,,-3.7485008259199333,,
1776099057.2013912,,,-4.930616079364011,3.287077386242674
1776099057.2039063,,,-4.982927803097414,4.982927803097414
1776099057.2052958,0.3065165782065886,,,
1776099057.2057064,,-4.118001677673758,,
1776099057.2064533,,,-6.451197781950561,6.451197781950561
1776099057.2089205,,,-6.7528302694353455,5.06462270207651
1776099057.2104335,0.29476027294797275,,,
1776099057.2108696,,-3.8828755725014403,,
1776099057.2114403,,,-6.616577147985012,6.616577147985012
1776099057.21392,,,-6.763813037243761,6.763813037243761
1776099057.2155814,0.2798264290382994,,,
1776099057.2156487,,-3.6789260263690418,,
1776099057.2164252,,,-6.5418323817452375,4.906374286308928
1776099057.2189045,,,-3.3488419233704585,5.023262885055688
1776099057.220658,0.272740344638338,,,
1776099057.220868,,-3.403040592398652,,
1776099057.2214053,,,-3.2833140129712968,1.6416570064856484
1776099057.2238922,,,-1.6672633085269914,1.6672633085269914
1776099057.2256584,0.2625922991317321,,,
1776099057.2260413,,-2.9878424952436324,,
1776099057.226391,,,-1.6354580954363094,1.6354580954363094
1776099057.2289226,,,-1.6606578318373872,1.6606578318373872
1776099057.2302732,0.25142747113774566,,,
1776099057.2309005,,-3.3289129938880775,,
1776099057.2315114,,,-3.2873103398176426,3.2873103398176426
1776099057.2339046,,,-5.125553488446885,5.125553488446885
1776099057.2352576,0.23447460209523804,,,
1776099057.2357535,,-3.3646347763118856,,
1776099057.2363937,,,-4.888682952999975,4.888682952999975
1776099057.2388887,,,-6.660665264343683,4.9954989482577625
1776099057.240251,0.2172995723653003,,,
1776099057.2407556,,-3.2261768878200003,,
1776099057.241445,,,-4.929523902630759,4.929523902630759
1776099057.243958,,,-5.08929571647118,3.3928638109807867
1776099057.2455962,0.20005211003864198,,,
1776099057.2460194,,-2.550148288021356,,
1776099057.2464712,,,-3.3629237309163638,3.3629237309163638
1776099057.2489,,,-3.3136388475885146,3.3136388475885146
1776099057.2503934,0.17781074919385204,,,
1776099057.2506053,,-2.105321071125557,,
1776099057.2514522,,,-3.2132340135657653,1.6066170067828827
1776099057.253928,,,-1.697165524021598,1.697165524021598
1776099057.2551832,0.1559064331166585,,,
1776099057.255554,,-1.7454414217614993,,
1776099057.2563868,,,-1.669860843806375,0.0
1776099057.2589328,,,0.0,0.0
1776099057.2602892,0.13242220248913344,,,
1776099057.2606254,,-1.5647351260048914,,
1776099057.2613733,,,-1.6659545928991333,0.0
1776099057.2638721,,,-1.6569648890596236,0.0
1776099057.2652867,0.10279359807962024,,,
1776099057.2657444,,-1.2993786883659415,,
1776099057.2664044,,,-1.6290121406633353,1.6290121406633353
1776099057.268887,,,-3.3675271776472795,0.0
1776099057.2703454,0.07340263751148544,,,
1776099057.270718,,-1.0499665423128302,,
1776099057.2713866,,,-3.274754239627747,1.6373771198138736
1776099057.273927,,,-1.6616003139778746,1.6616003139778746
1776099057.2754428,0.04477374210040338,,,
1776099057.2758498,,-0.6619137464745647,,
1776099057.276386,,,-3.3369080935429656,1.6684540467714828
1776099057.2789016,,,-1.65680658985,0.0
1776099057.2802203,0.018042755282529587,,,
1776099057.2808917,,-0.12729401011708882,,
1776099057.2813938,,,0.0,-1.6470408976949222
1776099057.283901,,,0.0,-1.6545388205885616
1776099057.2853298,-0.00837609358237801,,,
1776099057.2858646,,0.16912757320311575,,
1776099057.2863858,,,0.0,-1.6519752302037125
1776099057.2888935,,,0.0,-1.658498819058081
1776099057.2902489,-0.030146636925655283,,,
1776099057.290587,,0.6045384400686612,,
1776099057.2913845,,,0.0,-3.2855710021390747
1776099057.2939007,,,0.0,-1.652750354955257
1776099057.2952688,-0.051683924690791035,,,
1776099057.2956934,,0.4052341907064061,,
1776099057.296385,,,0.0,-1.6458284507352983
1776099057.298903,,,0.0,-1.6550921954193087
1776099057.300261,-0.07000885656998135,,,
1776099057.300867,,0.4915477659492453,,
1776099057.3015294,,,0.0,0.0
1776099057.3039222,,,-1.6859210019123392,-1.6859210019123392
1776099057.3052528,-0.0863227456293505,,,
1776099057.3057845,,0.7534749122765774,,
1776099057.3063989,,,0.0,-1.6573086878972338
1776099057.3089027,,,1.6571239317856918,0.0
1776099057.310456,-0.0963994862638316,,,
1776099057.310813,,0.8401644925658602,,
1776099057.3113933,,,0.0,-1.6442539526701228
1776099057.3138962,,,1.6556979176406095,-1.6556979176406095
1776099057.3152013,-0.10752095458665853,,,
1776099057.3156395,,0.9782585549511522,,
1776099057.3163826,,,0.0,-1.6429025721953594
1776099057.318899,,,1.654814750463044,-1.654814750463044
1776099057.3202236,-0.11748686633529501,,,
1776099057.3205235,,1.098437499847546,,
1776099057.3213892,,,0.0,-1.6431620107834615
1776099057.3239336,,,1.631235999966968,-1.631235999966968
1776099057.3253548,-0.12815665880413746,,,
1776099057.3257794,,1.2189712529563705,,
1776099057.3263936,,,1.6637142106269065,-1.6637142106269065
1776099057.3289108,,,1.6594381362071324,-1.6594381362071324
1776099057.3302815,-0.13937436068116688,,,
1776099057.330692,,1.297037511871005,,
1776099057.331404,,,1.64999569075384,-1.64999569075384
1776099057.3339713,,,0.0,-1.6628224730948156
1776099057.335466,-0.14983907771338542,,,
1776099057.335904,,1.5641541620997697,,
1776099057.3364053,,,1.669056566066905,-1.669056566066905
1776099057.3389316,,,3.324662768104067,-1.6623313840520335
1776099057.3405101,-0.15975746293122173,,,
1776099057.3412611,,1.7272156175167164,,
1776099057.3414702,,,1.6613343038568704,-3.322668607713741
1776099057.3439133,,,1.6635948736476394,-1.6635948736476394
1776099057.3454034,-0.16933183121171125,,,
1776099057.3457894,,1.882464116290205,,
1776099057.3463867,,,3.319221062635228,-3.319221062635228
1776099057.3489373,,,1.669123861132805,-1.669123861132805
1776099057.3503635,-0.1778790437327285,,,
1776099057.3506525,,2.148002467643544,,
1776099057.3514183,,,3.3515939884383035,-3.3515939884383035
1776099057.353958,,,1.6726423249793803,-1.6726423249793803
1776099057.355363,-0.18365025156562195,,,
1776099057.3557873,,2.219193889780633,,
1776099057.3564334,,,3.365401850013648,-3.365401850013648
1776099057.3589063,,,3.3494071270373604,-3.3494071270373604
1776099057.360299,-0.18847702320557014,,,
1776099057.3608863,,2.3596955948442275,,
1776099057.3614175,,,1.6496287659743654,-3.2992575319487307
1776099057.3639188,,,3.35581394009377,-1.677906970046885
1776099057.3656738,-0.19567614007140982,,,
1776099057.3660104,,2.5082077905155584,,
1776099057.366457,,,3.3050012941894362,-3.3050012941894362
1776099057.3689632,,,3.312187810334092,-4.9682817155011385
1776099057.3703406,-0.20155663290606615,,,
1776099057.3707907,,2.7711728079381173,,
1776099057.3713887,,,1.689098586679787,0.0
1776099057.3738792,,,3.3261764832509537,-3.3261764832509537
1776099057.3753982,-0.2089198888553255,,,
1776099057.3757358,,2.9589401898579943,,
1776099057.3763635,,,3.28287306462125,-3.28287306462125
1776099057.3789172,,,4.8826380175218,-4.8826380175218
1776099057.380398,-0.22152668920544577,,,
1776099057.380824,,3.2691649687009425,,
1776099057.3814113,,,4.9201142302058996,-4.9201142302058996
1776099057.3838773,,,5.040717885743415,-5.040717885743415
1776099057.3852851,-0.23397058145930338,,,
1776099057.3855205,,3.508316941428646,,
1776099057.386373,,,0.0,-4.911513063515684
1776099057.3888807,,,4.975772964145938,-3.3171819760972916
1776099057.3902044,-0.23976697898806837,,,
1776099057.3906033,,3.6242448920039454,,
1776099057.3914425,,,4.929368217421303,-4.929368217421303
1776099057.3939621,,,6.754968857034645,-6.754968857034645
1776099057.3952909,-0.25654172831999866,,,
1776099057.396133,,4.242189870160788,,
1776099057.3967917,,,4.812747377166886,-4.812747377166886
1776099057.398952,,,5.076699385604948,-5.076699385604948
1776099057.4007454,-0.2630056515374034,,,
1776099057.4008768,,4.380261588961808,,
1776099057.4013972,,,5.030309665670234,1.6767698885567446
1776099057.4039297,,,6.595112740553073,-6.595112740553073
1776099057.4055524,-0.2709435359539266,,,
1776099057.4058661,,4.767643893068354,,
1776099057.4064536,,,6.466948321524321,-6.466948321524321
1776099057.4089992,,,6.8444226579520695,-6.8444226579520695
1776099057.4103477,-0.2838322701201857,,,
1776099057.410886,,5.1037584797014235,,
1776099057.4115064,,,8.109225389787564,-6.4873803118300515
1776099057.4138896,,,6.901224335045718,-5.17591825128429
1776099057.4158862,-0.30353769729981045,,,
1776099057.4161546,,5.745943383768898,,
1776099057.4165459,,,8.045645380046231,-8.045645380046231
1776099057.4189703,,,11.07600970404819,-8.860807763238553
1776099057.420426,-0.3111472487082807,,,
1776099057.4208267,,5.979671862319982,,
1776099057.421519,,,8.142893526353742,-8.142893526353742
1776099057.4239225,,,6.785060913911911,-6.785060913911911
1776099057.4254248,-0.3283587881846754,,,
1776099057.4256032,,6.3239026518478765,,
1776099057.4263825,,,8.35944545454909,-6.687556363639273
1776099057.4289107,,,6.63823037163525,-6.63823037163525
1776099057.431319,-0.3337123668456473,,,
1776099057.4313824,,6.60257591802745,,
1776099057.4314024,,,3.3207054797404307,-4.981058219610647
1776099057.433901,,,1.6332351883542064,-6.532940753416826
1776099057.4356372,-0.33941247898744437,,,
1776099057.4360106,,6.973048082407073,,
1776099057.4365447,,,4.939987825476354,-4.939987825476354
1776099057.4388902,,,3.386535308347694,-10.159605925043083
1776099057.4404266,-0.3408722340706236,,,
1776099057.4409385,,7.239128129787367,,
1776099057.441561,,,11.134717795230557,-9.544043824483333
1776099057.4439273,,,10.427900306512733,-10.427900306512733
1776099057.4454544,-0.34299145072193926,,,
1776099057.4457595,,7.280046920404859,,
1776099057.4465091,,,6.678371625847009,-10.017557438770515
1776099057.4488873,,,11.802217079016982,-6.74412404515256
1776099057.4504273,-0.34103666089268037,,,
1776099057.450852,,7.225762775219172,,
1776099057.4514678,,,9.836813335264464,-8.19734444605372
1776099057.4540215,,,11.863209589767708,-10.168465362658035
1776099057.4558394,-0.33636049269663704,,,
1776099057.4560854,,7.108790732757168,,
1776099057.4565556,,,4.963616461765685,-6.618155282354246
1776099057.4589312,,,7.067679664381514,-5.300759748286136
1776099057.4603183,-0.32606163971975627,,,
1776099057.4607444,,6.902813673219552,,
1776099057.4614527,,,8.206790778816348,-9.84814893457962
1776099057.4639587,,,6.782461107699287,-11.869306938473754
1776099057.4656203,-0.3147284820485261,,,
1776099057.4660087,,6.707859528276714,,
1776099057.4666104,,,8.207508092624558,-9.84900971114947
1776099057.468955,,,8.380133980480622,-8.380133980480622
1776099057.470761,-0.3005582562940965,,,
1776099057.4712152,,6.661739652289055,,
1776099057.471456,,,3.326097460234036,-9.97829238070211
1776099057.473924,,,8.404934312714412,-6.723947450171529
1776099057.475556,-0.29026774624323065,,,
1776099057.4759855,,6.2523522875736885,,
1776099057.4765625,,,9.97805532291562,-11.641064543401558
1776099057.478896,,,8.535293985498464,-10.242352782598159
1776099057.4804733,-0.2868893777994673,,,
1776099057.4807916,,6.365446328367633,,
1776099057.4815276,,,6.466595301706328,-9.699892952559493
1776099057.4839466,,,8.498940488017423,-8.498940488017423
1776099057.4854305,-0.2861055930472959,,,
1776099057.4857345,,6.077312976411566,,
1776099057.486372,,,6.7381131999585895,-6.7381131999585895
1776099057.488861,,,8.395022945956025,-6.71601835676482
1776099057.4903946,-0.28725811818437796,,,
1776099057.490657,,6.2298641356417574,,
1776099057.491409,,,6.528479088618093,-8.160598860772616
1776099057.493902,,,8.333779415841414,-6.667023532673133
1776099057.4955451,-0.2914369002140426,,,
1776099057.496191,,6.464390644343617,,
1776099057.496635,,,3.2786543551509646,-3.2786543551509646
1776099057.4991777,,,7.879456911509198,-7.879456911509198
1776099057.5009434,-0.28683628588472737,,,
1776099057.5014403,,,5.268518896159268,-5.268518896159268
1776099057.501527,,6.48202757616274,,
1776099057.503923,,,9.844577270200086,-8.203814391833404
1776099057.505477,-0.27853529407513783,,,
1776099057.505561,,6.331062857443384,,
1776099057.506525,,,5.02743256049658,-5.02743256049658
1776099057.508884,,,6.654163847809349,-9.981245771714025
1776099057.5104403,-0.2713320485319193,,,
1776099057.510914,,6.167412970752041,,
1776099057.511463,,,6.549352496796401,-6.549352496796401
1776099057.5141463,,,6.783070538604893,-10.174605807907339
1776099057.5156837,-0.26593219978574734,,,
1776099057.5165212,,,5.158962770614864,-3.4393085137432426
1776099057.5167844,,5.845313573012657,,
1776099057.5189567,,,11.896667825739648,-10.197143850633983
1776099057.5206196,-0.2648215356743943,,,
1776099057.5209646,,5.571426689852602,,
1776099057.5214264,,,3.332762934276008,-8.331907335690019
1776099057.5240786,,,10.009197429052865,-8.340997857544053
1776099057.5258167,-0.26820705693063923,,,
1776099057.5261142,,5.253566230329493,,
1776099057.526825,,,6.8621024837735956,-10.293153725660394
1776099057.528881,,,5.801998624240836,-9.669997707068058
1776099057.530232,-0.2799780048674932,,,
1776099057.530601,,5.3211139676925265,,
1776099057.53139,,,3.229631963474037,-6.459263926948074
1776099057.53392,,,6.538693683895679,-4.904020262921759
1776099057.5352437,-0.291410308872638,,,
1776099057.5358288,,5.549760047795424,,
1776099057.5363867,,,6.611577587707645,-4.958683190780734
1776099057.5388923,,,4.978513973631515,-4.978513973631515
1776099057.540863,-0.2929180132867326,,,
1776099057.541455,,5.509834562710055,,
1776099057.54155,,,8.111374680332949,-6.489099744266359
1776099057.5440347,,,7.045224068754358,-3.522612034377179
1776099057.5455823,-0.2902418004472143,,,
1776099057.5462623,,5.490550705834871,,
1776099057.546824,,,8.326299739738591,-4.995779843843155
1776099057.5489304,,,9.202417363458492,-7.361933890766794
1776099057.5506778,-0.28898774237006575,,,
1776099057.5511208,,5.44908211553872,,
1776099057.5514207,,,8.255611142533127,-8.255611142533127
1776099057.5539572,,,8.367184850822484,-5.020310910493491
1776099057.555627,-0.28491301642263095,,,
1776099057.5559745,,5.017589423137946,,
1776099057.5565345,,,6.58123188249137,-6.58123188249137
1776099057.558889,,,5.156532850252075,-6.875377133669434
1776099057.5605152,-0.27537960574609827,,,
1776099057.560725,,4.893403542516537,,
1776099057.5614429,,,6.557618648731163,-4.9182139865483725
1776099057.5639188,,,6.521310559090739,-6.521310559090739
1776099057.5655868,-0.269659966126876,,,
1776099057.5658417,,4.564108940547698,,
1776099057.5665693,,,1.655618885252362,-6.622475541009448
1776099057.5689757,,,6.708543348607147,-1.6771358371517868
1776099057.57073,-0.2614274364318238,,,
1776099057.5712693,,4.257966888631388,,
1776099057.5719001,,,1.6952695861935214,-6.781078344774086
1776099057.5739682,,,1.9472588300113696,-7.789035320045478
1776099057.5755637,-0.24789064871357636,,,
1776099057.5760243,,3.9872311342664384,,
1776099057.5768116,,,3.1075930808598606,-6.215186161719721
1776099057.5792842,,,7.972032251628037,-6.37762580130243
1776099057.5808043,-0.23451927072387344,,,
1776099057.581258,,3.624676549027087,,
1776099057.5813096,,,3.790874739842308,-5.686312109763462
1776099057.5839603,,,6.5445596603924345,-4.908419745294326
1776099057.5855498,-0.2258788222226649,,,
1776099057.5858357,,3.1399735081801854,,
1776099057.5865924,,,1.6432524829615682,-4.929757448884705
1776099057.5891528,,,3.381000687265696,-5.071501030898545
1776099057.5905387,-0.2195116560788119,,,
1776099057.5907812,,2.872870731952829,,
1776099057.5913875,,,5.214385626170302,-5.214385626170302
1776099057.593905,,,3.342783814187548,-3.342783814187548
1776099057.5953975,-0.2210561223834391,,,
1776099057.5958192,,2.8839086199622517,,
1776099057.5963645,,,3.323544882758809,-1.6617724413794046
1776099057.5989192,,,3.2509429834277705,-1.6254714917138853
1776099057.6006548,-0.22743885654867746,,,
1776099057.6009026,,3.113884809628342,,
1776099057.60152,,,1.6588425400527895,-1.6588425400527895
1776099057.6039252,,,3.363088237756279,-3.363088237756279
1776099057.605388,-0.2339607139192199,,,
1776099057.6059034,,3.345311152119767,,
1776099057.606406,,,3.2997820809246607,-3.2997820809246607
1776099057.6089447,,,3.3373911617782017,-3.3373911617782017
1776099057.610539,-0.2355254293261031,,,
1776099057.6112175,,3.4348274632260485,,
1776099057.6115916,,,6.717861139794405,-1.6794652849486011
1776099057.6139443,,,6.721229980443845,-6.721229980443845
1776099057.615781,-0.23746754248712967,,,
1776099057.6161904,,3.32578317428373,,
1776099057.616516,,,6.497263748988873,-6.497263748988873
1776099057.6189206,,,5.197222035613962,-5.197222035613962
1776099057.6204336,-0.2367692223698842,,,
1776099057.6209328,,3.095049726561382,,
1776099057.6214054,,,3.3203331771748696,-4.980499765762305
1776099057.6239133,,,3.330707180679794,-1.665353590339897
1776099057.6253002,-0.24297460115227978,,,
1776099057.6254754,,2.8707579022941117,,
1776099057.6264524,,,1.6608835001259856,-3.3217670002519712
1776099057.6288981,,,3.3072342286070993,-1.6536171143035496
1776099057.6305704,-0.24822555479291045,,,
1776099057.6310103,,3.1156696595850963,,
1776099057.6314526,,,1.6355352147137632,-1.6355352147137632
1776099057.6339598,,,3.375290293509199,-3.375290293509199
1776099057.6353345,-0.2543466576754275,,,
1776099057.6358614,,3.238091717235437,,
1776099057.6365736,,,3.3421120436629135,-3.3421120436629135
1776099057.6389072,,,5.100823613529511,-5.100823613529511
1776099057.6406608,-0.25827442396707534,,,
1776099057.641061,,3.676371088869921,,
1776099057.6417086,,,4.4155674807116,-4.4155674807116
1776099057.6439161,,,5.743387244415529,-5.743387244415529
1776099057.6458445,-0.2641570806324618,,,
1776099057.646414,,3.748592407504198,,
1776099057.6467063,,,6.617205468060132,-6.617205468060132
1776099057.6488893,,,5.311050715542951,-5.311050715542951
1776099057.650276,-0.26215213516057906,,,
1776099057.650619,,3.7084934980665434,,
1776099057.6514218,,,3.2917342964306275,-3.2917342964306275
1776099057.6538928,,,3.318717492712193,-3.318717492712193
1776099057.6554148,-0.25952856978880656,,,
1776099057.6558552,,3.427264343726937,,
1776099057.6564074,,,4.921472745945148,-3.2809818306300986
1776099057.6588933,,,3.3564092976303574,-5.034613946445536
1776099057.66066,-0.2524858278060711,,,
1776099057.6607184,,3.2864095040722274,,
1776099057.6615186,,,4.934009331200005,-4.934009331200005
1776099057.6639524,,,4.945589028076955,-3.297059352051303
1776099057.6658494,-0.2457123540549342,,,
1776099057.6663332,,3.467230727098684,,
1776099057.6663945,,,3.3744427178619802,-5.061664076792971
1776099057.6692712,,,3.2935336992429884,-3.2935336992429884
1776099057.671227,-0.23880864299845986,,,
1776099057.6718974,,,4.953995564677564,-3.302663709785042
1776099057.6719446,,3.2585440080896384,,
1776099057.6739233,,,3.9877836139875726,-5.981675420981359
1776099057.6758769,-0.23158972730257887,,,
1776099057.6763885,,3.2423340393798217,,
1776099057.6764445,,,4.964169002037301,-4.964169002037301
1776099057.6788805,,,4.907608446932062,-3.2717389646213744
1776099057.6805992,-0.22274111153328882,,,
1776099057.6812632,,3.1782084894732403,,
1776099057.6813788,,,3.2697077976817606,-3.2697077976817606
1776099057.683888,,,3.326363279854779,-4.989544919782169
1776099057.6853175,-0.21669253184597229,,,
1776099057.685722,,3.131979558576783,,
1776099057.686399,,,3.2807749343719697,-3.2807749343719697
1776099057.688895,,,5.019137199005781,-3.3460914660038537
1776099057.690236,-0.21203569379942763,,,
1776099057.6906703,,3.059227160241309,,
1776099057.691399,,,3.295883766306577,-3.295883766306577
1776099057.6939478,,,3.332923060826073,-3.332923060826073
1776099057.6954708,-0.20639947147939136,,,
1776099057.6958673,,2.9465027138405837,,
1776099057.6964083,,,3.367882150953366,-5.0518232264300496
1776099057.698906,,,5.009260975648459,-3.3395073170989726
1776099057.7004201,-0.20544185779661156,,,
1776099057.7012253,,3.0775019215251063,,
1776099057.701645,,,3.2914753893875135,-3.2914753893875135
1776099057.7039127,,,3.3498122098851435,-3.3498122098851435
1776099057.7059238,-0.20930519044569582,,,
1776099057.706309,,3.1948711440572586,,
1776099057.7063909,,,3.2369988847856273,-3.2369988847856273
1776099057.7088947,,,5.064540533025565,-5.064540533025565
1776099057.7106068,-0.21348633625427765,,,
1776099057.7106621,,3.416255046658072,,
1776099057.711422,,,3.254097424688991,-4.881146137033487
1776099057.713925,,,1.6910082196868412,-3.3820164393736825
1776099057.715326,-0.2144817797591451,,,
1776099057.7157514,,3.558070398943716,,
1776099057.7164078,,,3.274083079568159,-4.911124619352238
1776099057.7189069,,,5.028647374578003,-5.028647374578003
1776099057.7202606,-0.2118951229439296,,,
1776099057.7207086,,3.6566219751076,,
1776099057.7214553,,,6.614627556794557,-4.960970667595918
1776099057.7239552,,,6.763925927041672,-6.763925927041672
1776099057.7257297,-0.20830280674918236,,,
1776099057.7260554,,3.5093668327224092,,
1776099057.7264502,,,5.0250833971995705,-5.0250833971995705
1776099057.7288888,,,6.676067081852379,-5.007050311389285
1776099057.730554,-0.20677214376229328,,,
1776099057.7308738,,3.3223402286250003,,
1776099057.7314315,,,3.2365702881044642,-4.854855432156697
1776099057.733894,,,5.056901591634903,-3.371267727756601
1776099057.7356322,-0.2098016038280393,,,
1776099057.7359536,,3.3637441474971728,,
1776099057.7364626,,,1.6435520239652157,-1.6435520239652157
1776099057.7389016,,,3.3310544335809764,-3.3310544335809764
1776099057.7403882,-0.21749584012097742,,,
1776099057.7407334,,3.6707114395136955,,
1776099057.7413902,,,3.2922311180093646,-3.2922311180093646
1776099057.74399,,,3.1967800808398,-3.1967800808398
1776099057.7453058,-0.2281646805579065,,,
1776099057.7459037,,4.245277836462625,,
1776099057.7465603,,,1.6710690774836132,-5.01320723245084
1776099057.748971,,,5.398859287654063,-5.398859287654063
1776099057.7502844,-0.23907204738903795,,,
1776099057.7508829,,4.463425173085254,,
1776099057.751547,,,4.770232348347065,-3.180154898898043
1776099057.7539394,,,7.079232949057934,-7.079232949057934
1776099057.7556424,-0.23807934313627452,,,
1776099057.7565584,,4.756797470133463,,
1776099057.756618,,,4.992460813507488,-4.992460813507488
1776099057.7592444,,,7.371227585362033,-7.371227585362033
1776099057.7606406,-0.23484903149489755,,,
1776099057.761406,,4.586805414998883,,
1776099057.7615004,,,5.566939520814692,-1.8556465069382306
1776099057.7640898,,,5.197222035613962,-8.662036726023269
1776099057.766403,-0.22875646114049655,,,
1776099057.7664754,,,-1.7019168264401972,-5.105750479320592
1776099057.7665272,,4.37582238322893,,
1776099057.7689047,,,8.24637714100844,-8.24637714100844
1776099057.77041,-0.22673347309761635,,,
1776099057.7706985,,4.134050387850546,,
1776099057.7715228,,,6.634524010329279,-8.293155012911598
1776099057.7739012,,,6.583156206137298,-6.583156206137298
1776099057.775289,-0.2264214264092618,,,
1776099057.775692,,4.050935093184388,,
1776099057.776437,,,4.884050262870197,-4.884050262870197
1776099057.7788846,,,3.408829023746367,-5.113243535619551
1776099057.7802815,-0.22675102774235692,,,
1776099057.7806613,,4.22952850619065,,
1776099057.7813878,,,4.926019160481736,-3.28401277365449
1776099057.7839108,,,3.32535339126495,-3.32535339126495
1776099057.7853746,-0.2274441987287416,,,
1776099057.7862725,,4.243391925918344,,
1776099057.786679,,,3.0607442363204482,-3.0607442363204482
1776099057.7889395,,,5.603902868913435,-5.603902868913435
1776099057.7906148,-0.22411719890135617,,,
1776099057.790959,,4.611718331406259,,
1776099057.7914386,,,6.604908140185828,-3.302454070092914
1776099057.793911,,,6.761176053415285,-6.761176053415285
1776099057.7958124,-0.2148981613789651,,,
1776099057.7962224,,4.893113604707377,,
1776099057.796971,,,4.5751524601303375,-6.100203280173783
1776099057.7989178,,,7.512709926220151,-7.512709926220151
1776099057.8002722,-0.20235526599227036,,,
1776099057.8006947,,4.417628015039639,,
1776099057.8014216,,,0.0,-5.019097939336129
1776099057.8041053,,,8.12157968623609,-6.497263748988873
1776099057.8056045,-0.19569204312041652,,,
1776099057.805835,,4.136477005439713,,
1776099057.806391,,,6.752883569564637,-8.441104461955796
1776099057.8089445,,,8.273024750171132,-6.6184198001369055
1776099057.8104444,-0.18111393177182827,,,
1776099057.810819,,3.646000704252511,,
1776099057.811414,,,4.953957317466087,-4.953957317466087
1776099057.8139157,,,3.36442251260071,-5.046633768901065
1776099057.8153355,-0.17062660557878717,,,
1776099057.815706,,3.4339892512144203,,
1776099057.816383,,,3.299284391591202,-1.649642195795601
1776099057.8188977,,,1.6582338009846231,-1.6582338009846231
1776099057.8202813,-0.1562063245551182,,,
1776099057.8208551,,3.145583630741041,,
1776099057.821415,,,1.6411384614163023,-1.6411384614163023
1776099057.8238807,,,3.3726350920715134,-3.3726350920715134
1776099057.8252587,-0.1440934260061044,,,
1776099057.825749,,2.9438279226954553,,
1776099057.826409,,,3.2639835605748857,-3.2639835605748857
1776099057.8288958,,,5.004236602486926,-5.004236602486926
1776099057.8303614,-0.13414990451325856,,,
1776099057.830794,,3.5275571391489713,,
1776099057.831385,,,4.9222508759052355,-4.9222508759052355
1776099057.833902,,,4.948807841376329,-3.2992052275842187
1776099057.8357217,-0.13359811908372315,,,
1776099057.8357697,,3.2759060132554643,,
1776099057.8364198,,,5.058296831128603,-5.058296831128603
1776099057.83889,,,5.060102926454836,-5.060102926454836
1776099057.8402967,-0.12979587630375844,,,
1776099057.840532,,3.108731066053116,,
1776099057.8413954,,,4.933189552237568,-4.933189552237568
1776099057.8439307,,,3.2893128561690306,-3.2893128561690306
1776099057.8453069,-0.1322288696310448,,,
1776099057.8456998,,2.9206392180102085,,
1776099057.8463686,,,3.3521338533929046,-3.3521338533929046
1776099057.8490188,,,1.645424698329884,-1.645424698329884
1776099057.8504264,-0.12944962949693492,,,
1776099057.8508313,,3.0649011074399706,,
1776099057.851384,,,3.333002408511424,-3.333002408511424
1776099057.8538706,,,3.3238633819580454,-3.3238633819580454
1776099057.8553991,-0.12058900265745909,,,
1776099057.855877,,2.999602718233151,,
1776099057.856436,,,4.774687064895073,-3.183124709930049
1776099057.858892,,,3.389433249828031,-5.084149874742047
1776099057.8603148,-0.10313829615240194,,,
1776099057.8607836,,2.7467814626018976,,
1776099057.8613753,,,4.9550986133376735,-3.3033990755584486
1776099057.8639314,,,4.952226187238531,-4.952226187238531
1776099057.865625,-0.08164911660278475,,,
1776099057.8662293,,2.3256578949344053,,
1776099057.8664315,,,3.2543779934861843,-3.2543779934861843
1776099057.8689122,,,3.3768800906392924,-3.3768800906392924
1776099057.8703532,-0.061063363021475324,,,
1776099057.8707993,,1.5456919853099136,,
1776099057.8714006,,,3.3017984096413153,-1.6508992048206577
1776099057.8739243,,,1.665513527083516,-1.665513527083516
1776099057.875238,-0.04661315126949605,,,
1776099057.8757858,,1.1179941459446283,,
1776099057.8763952,,,0.0,-1.6606048265947957
1776099057.8788965,,,0.0,1.6576126620905096
1776099057.8802285,-0.036059828824588185,,,
1776099057.8805373,,0.906927697046471,,
1776099057.881395,,,0.0,1.6429670735966408
1776099057.8838944,,,0.0,0.0
1776099057.8853652,-0.031773722380020346,,,
1776099057.8856728,,1.2254288107335705,,
1776099057.8863878,,,0.0,0.0
1776099057.8889074,,,1.6528156319498604,-1.6528156319498604
1776099057.8903542,-0.03146169655463193,,,
1776099057.89073,,1.205598719162189,,
1776099057.8914187,,,3.314908478183561,-1.6574542390917806
1776099057.8939018,,,3.364177032382744,-1.682088516191372
1776099057.8954058,-0.025989271782892294,,,
1776099057.8958118,,1.073367700826633,,
1776099057.8963888,,,3.2834946260092313,-3.2834946260092313
1776099057.898917,,,3.31816116842569,-1.659080584212845
1776099057.9002793,-0.02186173684296768,,,
1776099057.9007452,,0.7466043442673265,,
1776099057.9014356,,,1.6475110073761823,-1.6475110073761823
1776099057.9039426,,,0.0,0.0
1776099057.905407,-0.01813189005534717,,,
1776099057.9059927,,0.43005967993137084,,
1776099057.9066033,,,0.0,0.0
1776099057.9089067,,,-1.811300360237285,0.0
1776099057.9105544,-0.014200380360401414,,,
1776099057.9109118,,0.47067134565925806,,
1776099057.9115167,,,0.0,0.0
1776099057.9138985,,,-1.6600083928127183,0.0
1776099057.915195,-0.011122378807140025,,,
1776099057.9159772,,0.4091113145940303,,
1776099057.916437,,,0.0,0.0
1776099057.9188993,,,0.0,-3.323916471092876
1776099057.920724,-0.008748409218290313,,,
1776099057.921075,,0.5253729792207681,,
1776099057.9213939,,,0.0,-1.629612716055816
1776099057.9238884,,,0.0,-1.6735577234056873
1776099057.9255464,-0.002840926271613682,,,
1776099057.9259474,,0.2641330887350726,,
1776099057.9265268,,,0.0,-1.6341599712293713
1776099057.928903,,,0.0,-1.6644334704793577
1776099057.9307618,0.0031300201046788947,,,
1776099057.9310906,,-0.05606514879926068,,
1776099057.9314265,,,0.0,-1.639533819473567
1776099057.9339194,,,-1.6900187373623679,0.0
1776099057.9355776,0.004259855302084547,,,
1776099057.9365234,,-0.1985698680145493,,
1776099057.9365807,,,-1.6425906532019479,0.0
1776099057.938905,,,-1.6540916967331538,1.6540916967331538
1776099057.9404387,0.0071341088055483295,,,
1776099057.9408088,,-0.32346988888959255,,
1776099057.9413838,,,-3.307130535518943,1.6535652677594714
1776099057.943899,,,-1.6531179600451018,1.6531179600451018
1776099057.945242,0.011086406167131876,,,
1776099057.945588,,-0.33230303162592845,,
1776099057.946389,,,0.0,0.0
1776099057.948897,,,0.0,-1.6574542390917806
1776099057.9505312,0.013751059632207211,,,
1776099057.9508832,,-0.3855961009274351,,
1776099057.9514022,,,1.6343902898645144,-1.6343902898645144
1776099057.9539082,,,1.6626501281099921,-1.6626501281099921
1776099057.9553416,0.017046900299753986,,,
1776099057.955733,,-0.309088838366581,,
1776099057.9563775,,,0.0,-1.6472501937549076
1776099057.9588928,,,0.0,1.6570447632045535
1776099057.9602516,0.02176592497998877,,,
1776099057.960557,,-0.5971873921918025,,
1776099057.9614234,,,-3.286246880806626,1.643123440403313
1776099057.9639244,,,-1.6697275885405314,1.6697275885405314
1776099057.9657922,0.02635492870899186,,,
1776099057.9664776,,,-1.6486348596592062,3.2972697193184124
1776099057.9673514,,-0.8825522958643155,,
1776099057.9689245,,,0.0,1.6853062474273997
1776099057.9702697,0.029770816813306886,,,
1776099057.9706476,,-0.6497677085019308,,
1776099057.9713674,,,-1.666795571027814,1.666795571027814
1776099057.9738848,,,-1.647680933103102,1.647680933103102
1776099057.975281,0.035665622991053886,,,
1776099057.9755,,-0.8917020122943602,,
1776099057.9763832,,,-1.6409831715992387,0.0
1776099057.9788752,,,0.0,0.0
1776099057.980249,0.03959966324010285,,,
1776099057.980699,,-0.7341640271990034,,
1776099057.9813619,,,0.0,0.0
1776099057.9838946,,,0.0,0.0
1776099057.98523,0.03936865572597678,,,
1776099057.985476,,-0.9027443434135136,,
1776099057.9863646,,,0.0,-1.6315560666312832
1776099057.988911,,,0.0,0.0
1776099057.9902852,0.034148098932524996,,,
1776099057.9907796,,-0.8672137007590665,,
1776099057.9914114,,,-1.6511094826727468,1.6511094826727468
1776099057.9939432,,,-1.6685075542886583,1.6685075542886583
1776099057.9955707,0.029118734117964066,,,
1776099057.9959683,,-0.9636752428902398,,
1776099057.9964135,,,-3.3309204228448563,1.6654602114224282
1776099057.998897,,,-1.6838733168202593,1.6838733168202593
1776099058.0004163,0.02222900921990974,,,
1776099058.0007677,,-0.780848623639925,,
1776099058.001382,,,-1.651030179683275,1.651030179683275
1776099058.0038986,,,-1.6525524268981615,1.6525524268981615
1776099058.0052636,0.017577423754873277,,,
1776099058.005647,,-0.5519211637030635,,
1776099058.006383,,,-1.643915548201909,0.0
1776099058.008894,,,0.0,0.0
1776099058.0105329,0.017060255568853915,,,
1776099058.01091,,-0.31415226435926663,,
1776099058.0113907,,,0.0,0.0
1776099058.0138974,,,1.6566611523763217,0.0
1776099058.0153468,0.017217369902071303,,,
1776099058.0159924,,-0.4537232261720452,,
1776099058.0173702,,,0.0,-1.1650579974066146
1776099058.0189643,,,2.716027324801951,0.0
1776099058.0203373,0.017962739000300442,,,
1776099058.0207741,,-0.5477698982129638,,
1776099058.0213923,,,-1.6937503690399216,0.0
1776099058.0239215,,,0.0,0.0
1776099058.0255742,0.016725130088390588,,,
1776099058.0261445,,-0.7481783264209075,,
1776099058.0267751,,,-3.3098414753669974,1.6549207376834987
1776099058.0289152,,,-1.6449044735126979,1.6449044735126979
1776099058.0302815,0.012153472898760084,,,
1776099058.0308979,,-0.6567451826282975,,
1776099058.0314274,,,-1.6355609227558392,1.6355609227558392
1776099058.0339115,,,-1.6764727185193515,0.0
1776099058.0352743,0.007948729538199476,,,
1776099058.035824,,-0.5312154345858724,,
1776099058.036381,,,-1.6475497840196744,1.6475497840196744
1776099058.0388951,,,0.0,0.0
1776099058.0404541,0.005787535119756039,,,
1776099058.0410268,,-0.1780959423153922,,
1776099058.0413706,,,0.0,0.0
1776099058.043902,,,0.0,-1.6581409575463046
1776099058.0454166,-0.0026900010167607243,,,
1776099058.04577,,0.004111737582033835,,
1776099058.0463665,,,0.0,0.0
1776099058.048927,,,0.0,-1.6459846589885323
1776099058.0502577,-0.01039344810669208,,,
1776099058.0508983,,0.0477320742067848,,
1776099058.0514357,,,0.0,0.0
1776099058.0539296,,,1.6846366533899542,0.0
1776099058.0552886,-0.019166293902272605,,,
1776099058.0557985,,0.2231889901183953,,
1776099058.056406,,,0.0,0.0
1776099058.058936,,,1.6389266082489093,1.6389266082489093
1776099058.0606275,-0.03423470151606452,,,
1776099058.060972,,0.45287879549007737,,
1776099058.061384,,,0.0,0.0
1776099058.0639017,,,1.665726823867665,0.0
1776099058.0655718,-0.04908205614215804,,,
1776099058.0660248,,0.7977890941188182,,
1776099058.0664587,,,0.0,0.0
1776099058.0689623,,,1.6895930152871523,0.0
1776099058.070751,-0.06091197100510333,,,
1776099058.0715427,,,1.6377379173258926,-1.6377379173258926
1776099058.072814,,1.1128605258136866,,
1776099058.074583,,,4.028048993540494,-2.6853659956936626
1776099058.0757248,-0.0701567446717383,,,
1776099058.0764291,,,2.3133275400405457,-2.3133275400405457
1776099058.0765352,,1.3133440411311188,,
1776099058.0788918,,,3.362054462048213,-1.6810272310241066
1776099058.0802078,-0.08293727581179847,,,
1776099058.0807014,,1.5689546639323222,,
1776099058.0813768,,,1.644123348546735,-1.644123348546735
1776099058.0838904,,,1.6606048265947957,-1.6606048265947957
1776099058.085235,-0.09563941421545107,,,
1776099058.0855176,,1.7308014913777237,,
1776099058.0863602,,,3.298550856403376,-1.649275428201688
1776099058.0888934,,,1.6420981325651014,-1.6420981325651014
1776099058.0903606,-0.1076529246162365,,,
1776099058.090669,,2.029959858002423,,
1776099058.0913877,,,3.2802829616005775,-1.6401414808002888
1776099058.0939045,,,1.6577846781015588,-1.6577846781015588
1776099058.0955083,-0.11604660727087168,,,
1776099058.0957088,,2.2621841459551777,,
1776099058.0963843,,,3.29100552086999,-3.29100552086999
1776099058.0988986,,,3.314300645987694,-3.314300645987694
1776099058.100416,-0.12407584614098909,,,
1776099058.1007395,,2.548539108259985,,
1776099058.1014006,,,4.929915262935677,-3.286610175290451
1776099058.1038997,,,3.320732689739972,-3.320732689739972
1776099058.1054356,-0.1304217226094307,,,
1776099058.1057858,,2.5736680557797924,,
1776099058.1063967,,,4.932955680687745,-3.2886371204584965
1776099058.1089013,,,3.3279346383759965,-3.3279346383759965
1776099058.1102808,-0.13409748950482067,,,
1776099058.1110165,,2.7074038635773294,,
1776099058.1114593,,,3.2792226472337656,0.0
1776099058.1139765,,,5.027957813468752,-3.3519718756458343
1776099058.1155548,-0.1366747734668812,,,
1776099058.1161256,,2.757750462665868,,
1776099058.1164136,,,3.3809457590054532,-3.3809457590054532
1776099058.1189198,,,5.069397523358417,-3.379598348905611
1776099058.1201985,-0.14099446888293185,,,
1776099058.1208713,,2.844144370986881,,
1776099058.1214767,,,3.207458443576285,-3.207458443576285
1776099058.1239247,,,5.083031131263697,-5.083031131263697
1776099058.1253474,-0.14619113120889107,,,
1776099058.1256614,,2.906509505546778,,
1776099058.1264198,,,3.335355701742048,-3.335355701742048
1776099058.1289132,,,3.2959359654088614,-3.2959359654088614
1776099058.13054,-0.14928502114772366,,,
1776099058.1308725,,2.804646247919698,,
1776099058.13143,,,4.865192965664315,-3.243461977109543
1776099058.133894,,,3.4044190783350827,-1.7022095391675414
1776099058.1358957,-0.15009232353819585,,,
1776099058.136461,,2.989329672743561,,
1776099058.1365366,,,3.2671897115427537,-3.2671897115427537
1776099058.1389143,,,3.28918358794518,-3.28918358794518
1776099058.1407676,-0.1523940486927914,,,
1776099058.1411314,,3.0713365804156245,,
1776099058.141462,,,0.0,-3.3015619826054627
1776099058.1439517,,,5.095823059795204,-3.397215373196802
1776099058.1457963,-0.15061867257349848,,,
1776099058.1462502,,3.1384170266472387,,
1776099058.1466422,,,5.01836956577023,-5.01836956577023
1776099058.148933,,,5.217921532733919,-5.217921532733919
1776099058.1503057,-0.15075110001863717,,,
1776099058.1506994,,3.2208710212667215,,
1776099058.1514242,,,1.6534601641947169,-4.960380492584151
1776099058.1538813,,,5.0488795321680735,-3.365919688112049
1776099058.155342,-0.15106424906781904,,,
1776099058.1557274,,3.1144204678992136,,
1776099058.1563957,,,4.889221005046758,-4.889221005046758
1776099058.1589136,,,4.993900605623331,-4.993900605623331
1776099058.16087,-0.15075848839101932,,,
1776099058.1614652,,3.2183541661528716,,
1776099058.16155,,,4.93482938266332,-3.28988625510888
1776099058.1639721,,,4.952461889631405,-3.30164125975427
1776099058.1652825,-0.15878104040307767,,,
1776099058.1655304,,2.9972312555882707,,
1776099058.1665242,,,3.296014972600645,-3.296014972600645
1776099058.1688962,,,3.3354886247329776,-3.3354886247329776
1776099058.1709876,-0.15848568929504533,,,
1776099058.171363,,3.2665797440298294,,
1776099058.1720014,,,4.90425139879636,-3.2695009325309066
1776099058.1740153,,,4.637128759140188,-4.637128759140188
1776099058.1756036,-0.15304958055824763,,,
1776099058.176005,,3.0969709437637656,,
1776099058.1765518,,,3.4283625732908676,-3.4283625732908676
1776099058.178897,,,5.029783921229465,-3.353189280819643
1776099058.1806018,-0.14561726331523453,,,
1776099058.180991,,2.8955650721859456,,
1776099058.1813688,,,3.2949698445950673,-3.2949698445950673
1776099058.1838706,,,3.32232453440756,-3.32232453440756
1776099058.185337,-0.13893387851127986,,,
1776099058.1856637,,2.771756479584376,,
1776099058.1863894,,,3.2853368932544043,-3.2853368932544043
1776099058.1889405,,,3.3224564207520766,-3.3224564207520766
1776099058.1904006,-0.12757765171761776,,,
1776099058.1909564,,2.586599749054645,,
1776099058.1914604,,,3.2228231393561857,-3.2228231393561857
1776099058.1939735,,,3.3955225219534797,-1.6977612609767398
1776099058.1953523,-0.12326151502127991,,,
1776099058.1957169,,2.480825270428991,,
1776099058.1964135,,,4.921047080848638,-3.2806980538990915
1776099058.1989245,,,3.3342580473639694,-3.3342580473639694
1776099058.20098,-0.12104356683743236,,,
1776099058.2014148,,,1.648857271932565,-1.648857271932565
1776099058.201472,,2.456717438219385,,
1776099058.2039711,,,3.3123203179648684,-3.3123203179648684
1776099058.205813,-0.11963376560902991,,,
1776099058.206408,,2.3645704721755094,,
1776099058.2064633,,,3.3889633393085252,-1.6944816696542626
1776099058.208899,,,3.32232453440756,-3.32232453440756
1776099058.2102704,-0.12125199973993761,,,
1776099058.2107182,,2.432507865989592,,
1776099058.2113972,,,3.277335615641401,-3.277335615641401
1776099058.213878,,,3.3510542973474267,-3.3510542973474267
1776099058.215684,-0.12605685651835455,,,
1776099058.2159975,,2.545658585951484,,
1776099058.2163966,,,3.2452089774550306,-3.2452089774550306
1776099058.2189069,,,3.328094301288615,-1.6640471506443075
1776099058.2207441,-0.13020466083143423,,,
1776099058.2210581,,2.6535288931630356,,
1776099058.2215264,,,3.2796626154311075,-3.2796626154311075
1776099058.2239063,,,3.472076520389306,-3.472076520389306
1776099058.2252784,-0.13194154273883335,,,
1776099058.2256188,,2.675209880759703,,
1776099058.2263787,,,3.3021665670421623,-3.3021665670421623
1776099058.2289429,,,3.308709362988091,-3.308709362988091
1776099058.2306483,-0.1313087546427754,,,
1776099058.2313104,,2.5471759619259062,,
1776099058.231645,,,1.6077971918576042,-3.2155943837152083
1776099058.2339365,,,3.6388335139505186,-3.6388335139505186
1776099058.2353206,-0.1263290027646121,,,
1776099058.2357569,,2.3711062568477974,,
1776099058.2363946,,,3.332843716918641,-3.332843716918641
1776099058.238902,,,3.3180825257997157,-3.3180825257997157
1776099058.2403436,-0.11414260957449995,,,
1776099058.240597,,2.0169297878716783,,
1776099058.2413998,,,3.2847398563907495,-3.2847398563907495
1776099058.2438836,,,3.3099994068617273,-1.6549997034308637
1776099058.2457192,-0.10103559890110225,,,
1776099058.245821,,1.7366701409855736,,
1776099058.2463913,,,1.6363207169479328,-1.6363207169479328
1776099058.2488852,,,1.6631291918972257,-1.6631291918972257
1776099058.2501783,-0.08690427895484279,,,
1776099058.2506986,,1.4540437420603842,,
1776099058.2513843,,,1.6351489965666175,0.0
1776099058.2538867,,,0.0,0.0
1776099058.2551706,-0.07591025416026369,,,
1776099058.2555435,,1.0936044060500576,,
1776099058.2563744,,,0.0,0.0
1776099058.2589815,,,1.6169760960184625,-1.6169760960184625
1776099058.2610843,-0.06603399570045644,,,
1776099058.2614434,,,3.3653474274223703,0.0
1776099058.2618322,,1.165339346692759,,
1776099058.264089,,,1.679710017908837,-1.679710017908837
1776099058.2658541,-0.06125186505507943,,,
1776099058.2665622,,1.0539754606724112,,
1776099058.2666125,,,3.243385469248218,-1.621692734624109
1776099058.268899,,,1.7010392919668886,-1.7010392919668886
1776099058.2702386,-0.05944823395968522,,,
1776099058.2706225,,0.7434467149307699,,
1776099058.271365,,,1.6531832660813544,-1.6531832660813544
1776099058.2738805,,,1.651791661256369,0.0
1776099058.2752247,-0.06596054356999943,,,
1776099058.2756038,,0.4958494279173763,,
1776099058.276366,,,1.6362428281752728,0.0
1776099058.2788956,,,0.0,1.6427203130045147
1776099058.2802458,-0.06954984386169,,,
1776099058.2805924,,0.6365159269657763,,
1776099058.2813857,,,0.0,1.6447091226957076
1776099058.283889,,,0.0,1.652907879972763
1776099058.2854383,-0.08196817221575235,,,
1776099058.285961,,0.7865579215279394,,
1776099058.2864072,,,1.6322353280010815,0.0
1776099058.2891297,,,1.5314203691085033,-3.0628407382170066
1776099058.290881,-0.09842239201303375,,,
1776099058.291209,,1.461776788211481,,
1776099058.2915788,,,1.7447949406668304,-1.7447949406668304
1776099058.2939854,,,3.4421559454475013,-1.7210779727237506
1776099058.2955577,-0.1087619430333821,,,
1776099058.2962246,,1.4972325779144615,,
1776099058.2969174,,,1.6880291802413316,-1.6880291802413316
1776099058.2989469,,,1.666274006907502,-1.666274006907502
1776099058.3003438,-0.10876489381757261,,,
1776099058.30065,,1.2574755630639207,,
1776099058.301402,,,3.3213686714552373,-1.6606843357276186
1776099058.3038952,,,1.6674907757573092,-1.6674907757573092
1776099058.3053768,-0.10251754970083468,,,
1776099058.3058002,,0.8859178626630042,,
1776099058.306393,,,1.639533819473567,0.0
1776099058.308886,,,0.0,-1.6650064460164438
1776099058.310281,-0.0842012560660817,,,
1776099058.310633,,0.355717702436138,,
1776099058.3114264,,,1.6356380517313767,0.0
1776099058.313899,,,0.0,-1.6861129739133576
1776099058.3152819,-0.07136753117762326,,,
1776099058.315621,,0.05081353630394969,,
1776099058.3164158,,,1.6474976122326184,1.6474976122326184
1776099058.3189251,,,-1.6607373460461552,1.6607373460461552
1776099058.3203988,-0.058850730382787216,,,
1776099058.3207648,,-0.1134551708565541,,
1776099058.3214118,,,-1.6548282648567683,1.6548282648567683
1776099058.323945,,,-1.6645003932548343,0.0
1776099058.3255332,-0.04803783899678864,,,
1776099058.3258474,,-0.11601026914480395,,
1776099058.3264704,,,0.0,1.6640068743575893
1776099058.328963,,,1.6683202929917926,0.0
1776099058.3305438,-0.04534550945778647,,,
1776099058.3307805,,0.14190397976980917,,
1776099058.3313982,,,1.6875904047678916,0.0
1776099058.333895,,,1.6703440724931802,0.0
1776099058.3353698,-0.042670584312072685,,,
1776099058.3355827,,0.28652016430252236,,
1776099058.3363874,,,0.0,1.6330038098303914
1776099058.3389025,,,0.0,0.0
1776099058.340333,-0.03956925616476685,,,
1776099058.3408313,,0.38410449278982395,,
1776099058.3414047,,,1.6399339871641911,0.0
1776099058.3439004,,,0.0,0.0
1776099058.345368,-0.045011189455264014,,,
1776099058.3459983,,0.6650777760722013,,
1776099058.3470163,,,0.0,0.0
1776099058.3489597,,,2.205074749464359,-2.205074749464359
1776099058.3507688,-0.05473165808191385,,,
1776099058.350993,,0.8778730442794983,,
1776099058.351427,,,1.681068335469842,0.0
1776099058.3539228,,,0.0,0.0
1776099058.3552392,-0.06656659231591919,,,
1776099058.355873,,1.1145717289596053,,
1776099058.3563952,,,1.6543674774803512,0.0
1776099058.3588924,,,1.6657001587819837,-1.6657001587819837
1776099058.3603044,-0.08009638999799759,,,
1776099058.3607757,,1.3389364811592734,,
1776099058.361385,,,1.6384223368734883,0.0
1776099058.363892,,,3.3159648671095194,-1.6579824335547597
1776099058.3651648,-0.09524226503794815,,,
1776099058.3656888,,1.6418539819582845,,
1776099058.3663716,,,1.6423180839410807,-3.2846361678821614
1776099058.3688917,,,3.312398687682001,-1.6561993438410005
1776099058.3703396,-0.1087032720767504,,,
1776099058.3707163,,1.6360850743882738,,
1776099058.3714142,,,3.236192128797527,-1.6180960643987634
1776099058.3739064,,,3.3628150477263925,-3.3628150477263925
1776099058.3752332,-0.11771249337726852,,,
1776099058.3756297,,1.3887308104071177,,
1776099058.3763871,,,1.6453860216525107,-1.6453860216525107
1776099058.37891,,,3.307944630070119,-1.6539723150350596
1776099058.3802767,-0.10997193225098259,,,
1776099058.3806815,,1.0212827074742743,,
1776099058.3814251,,,1.6490656172142606,0.0
1776099058.383934,,,0.0,-1.6714862404108652
1776099058.3855658,-0.10168407640961924,,,
1776099058.3858893,,0.6255686635901794,,
1776099058.3864055,,,1.662383781774533,0.0
1776099058.3889155,,,0.0,-1.661400260688788
1776099058.39025,-0.0980447660573191,,,
1776099058.3907268,,0.6240611100641089,,
1776099058.391379,,,0.0,0.0
1776099058.393877,,,-1.65025737457277,1.65025737457277
1776099058.3952346,-0.09360163874513504,,,
1776099058.3955512,,0.5786319115727603,,
1776099058.396376,,,0.0,0.0
1776099058.398939,,,0.0,0.0
1776099058.4002295,-0.08857098746498145,,,
1776099058.4005575,,0.8096311637474661,,
1776099058.4013581,,,0.0,-1.6835596358505935
1776099058.4039302,,,1.6309036230736909,0.0
1776099058.4052389,-0.08881070208123779,,,
1776099058.4056954,,0.8144254560725929,,
1776099058.4064045,,,1.654301367015033,-3.308602734030066
1776099058.4090018,,,3.23156344804556,-1.61578172402278
1776099058.4102957,-0.08810719348652037,,,
1776099058.4108782,,1.0805403465192112,,
1776099058.4114358,,,1.6905137048836851,-3.3810274097673703
1776099058.4139132,,,1.6929638637243472,0.0
1776099058.4152923,-0.08240419985402508,,,
1776099058.4158819,,1.064272121876091,,
1776099058.4164042,,,0.0,-1.644526462479065
1776099058.4189222,,,1.6577047326105312,-1.6577047326105312
1776099058.4202616,-0.07795557260604102,,,
1776099058.420616,,0.597589328824807,,
1776099058.4213967,,,1.6574142813162058,-1.6574142813162058
1776099058.4238834,,,1.6627693295813821,0.0
1776099058.4252925,-0.07393300218166932,,,
1776099058.4256346,,0.4141502583356764,,
1776099058.4263785,,,0.0,0.0
1776099058.4289026,,,-1.648242430732087,0.0
1776099058.4304364,-0.06708897046414135,,,
1776099058.4308114,,0.17694658454491363,,
1776099058.4313793,,,0.0,1.6497595393248388
1776099058.4338844,,,0.0,1.6532883344454226
1776099058.435199,-0.06204198352294194,,,
1776099058.4355202,,0.2386820531000604,,
1776099058.4363656,,,-1.641838329625911,0.0
1776099058.43888,,,1.6482036214779334,-1.6482036214779334
1776099058.4402242,-0.05781099647298659,,,
1776099058.440595,,0.5235122302519285,,
1776099058.4414737,,,1.5996817849256473,-1.5996817849256473
1776099058.443904,,,0.0,0.0
1776099058.445475,-0.050959820348342864,,,
1776099058.4458213,,0.3507827654350507,,
1776099058.4463966,,,1.6504151322106926,0.0
1776099058.4488964,,,0.0,-1.6618922344052667
1776099058.450241,-0.045194265067078014,,,
1776099058.4506145,,0.21388821706166217,,
1776099058.4513717,,,0.0,0.0
1776099058.4538953,,,1.6511746301134205,0.0
1776099058.4552574,-0.0409599290274542,,,
1776099058.455678,,0.26150000644730287,,
1776099058.4563825,,,0.0,0.0
1776099058.4588816,,,0.0,0.0
1776099058.4602199,-0.03545769441723047,,,
1776099058.4606137,,0.2708304049977053,,
1776099058.4614182,,,1.634545028291746,0.0
1776099058.4639094,,,0.0,1.6690833387227
1776099058.4652505,-0.029133260233476118,,,
1776099058.4658337,,0.14434172132261824,,
1776099058.4664156,,,1.6442532504419378,0.0
1776099058.4689016,,,0.0,1.671619776539779
1776099058.4709072,-0.023625071130184045,,,
1776099058.4712532,,0.2775912102491431,,
1776099058.4715636,,,0.0,0.0
1776099058.4739273,,,0.0,0.0
1776099058.4758196,-0.016783146561891525,,,
1776099058.476115,,0.33047384526157947,,
1776099058.4764068,,,0.0,0.0
1776099058.4788988,,,-1.6702904471221407,0.0
1776099058.4802535,-0.008555223698838597,,,
1776099058.4806623,,0.24638698935760317,,
1776099058.4813774,,,0.0,-1.6410741035116279
1776099058.4838967,,,1.6515946712514105,-1.6515946712514105
1776099058.4855688,0.0006213137076898172,,,
1776099058.486106,,0.026484143262658272,,
1776099058.4865777,,,0.0,-1.5932820991902121
1776099058.4888926,,,0.0,0.0
1776099058.4902635,0.0076949243385102725,,,
1776099058.4906356,,-0.2953830167668128,,
1776099058.49138,,,0.0,-1.6405300612529168
1776099058.493917,,,-1.6455294861008045,-1.6455294861008045
1776099058.4952924,0.015286935872299163,,,
1776099058.4956996,,-0.4309690498174845,,
1776099058.4964082,,,-1.6521588399568115,0.0
1776099058.4989195,,,-1.6592393182780398,0.0
1776099058.5004134,0.022198359138981986,,,
1776099058.500895,,-0.569197515151141,,
1776099058.501449,,,-3.281888008069241,1.6409440040346206
1776099058.5040145,,,-1.6914212795084929,1.6914212795084929
1776099058.5058436,0.027807755760290938,,,
1776099058.5064514,,-0.6250286804017475,,
1776099058.5065572,,,-1.7198255622721954,0.0
1776099058.5088806,,,-1.6439541557790462,0.0
1776099058.5101814,0.029160479464760476,,,
1776099058.5107722,,-0.6520831544911383,,
1776099058.5113716,,,-1.6368744972857723,0.0
1776099058.514029,,,0.0,0.0
1776099058.516588,0.03323483377129451,,,
1776099058.5166936,,,-1.6699557287246047,-1.6699557287246047
1776099058.5170064,,-0.2462107741247877,,
1776099058.5189395,,,0.0,-1.6700622154803717
1776099058.5205727,0.035733572054777875,,,
1776099058.5209057,,-0.2777996441201546,,
1776099058.5214121,,,-1.655685101065077,0.0
1776099058.523888,,,0.0,0.0
1776099058.5251951,0.039221852846590195,,,
1776099058.525605,,-0.4236402340870202,,
1776099058.526367,,,-1.6387710391620869,1.6387710391620869
1776099058.528883,,,0.0,0.0
1776099058.5302258,0.043349255748563624,,,
1776099058.5306468,,-0.6424837361468451,,
1776099058.5313792,,,-1.6397146738737847,0.0
1776099058.5339801,,,-1.660034875976907,0.0
1776099058.5353394,0.05126051838610742,,,
1776099058.536127,,-0.8190948845720213,,
1776099058.5365229,,,0.0,1.6500869170398114
1776099058.5389426,,,-1.6955876463486346,0.0
1776099058.5406828,0.0593843726089833,,,
1776099058.5407443,,-0.9815719690295389,,
1776099058.5413923,,,-1.669512542024383,0.0
1776099058.5438983,,,-1.6636876099379245,0.0
1776099058.5452826,0.06780513088460763,,,
1776099058.5455248,,-1.0961617587998709,,
1776099058.5464046,,,-1.6403098896506934,0.0
1776099058.548898,,,-1.6705317884110888,0.0
1776099058.5502949,0.07283047947224358,,,
1776099058.5506146,,-1.0174728632921999,,
1776099058.5513837,,,-3.2931421124487916,0.0
1776099058.5539246,,,-1.6458671482153138,1.6458671482153138
1776099058.5553997,0.07606756059520257,,,
1776099058.5557284,,-0.9234029810864095,,
1776099058.556426,,,-3.2918651725524595,0.0
1776099058.5589094,,,-3.3596648222758168,0.0
1776099058.5605142,0.07796304823099848,,,
1776099058.5609055,,-0.7858473381280273,,
1776099058.5615132,,,-1.6141017369877995,1.6141017369877995
1776099058.5639524,,,-1.7036467205572576,0.0
1776099058.5657196,0.0778227443915052,,,
1776099058.56615,,-0.6921776319912578,,
1776099058.566798,,,-1.671754785835823,0.0
1776099058.5689523,,,0.0,1.6588160949182065
1776099058.5710204,0.0772527638293191,,,
1776099058.5721319,,,-1.6636207525025857,0.0
1776099058.572447,,-0.7027611568798512,,
1776099058.5739524,,,0.0,0.0
1776099058.5751934,0.07864889487304702,,,
1776099058.5757504,,-0.7214908299172595,,
1776099058.576365,,,0.0,0.0
1776099058.578871,,,0.0,0.0
1776099058.5803874,0.08119734450429986,,,
1776099058.5806952,,-0.9655117271224687,,
1776099058.5813565,,,0.0,1.6358312535257753
1776099058.583899,,,-1.6399221120125906,0.0
1776099058.5852015,0.08718127469019954,,,
1776099058.585687,,-1.0851903308404625,,
1776099058.5863996,,,-1.6440327804517643,1.6440327804517643
1776099058.5888991,,,-1.6636344111117474,1.6636344111117474
1776099058.590318,0.09900256525149327,,,
1776099058.5907652,,-1.667484150548101,,
1776099058.5914001,,,-3.286765897516639,1.6433829487583196
1776099058.5939503,,,-1.6655668461582558,1.6655668461582558
1776099058.5953655,0.1105033393506912,,,
1776099058.5960002,,-1.6057234620485996,,
1776099058.5965135,,,-3.3814951219345013,3.3814951219345013
1776099058.5989583,,,-5.060635028597769,3.3737566857318457
1776099058.600641,0.12503049973270391,,,
1776099058.6010046,,-1.3404264033614572,,
1776099058.6014247,,,-3.3557057159599957,1.6778528579799978
1776099058.6039035,,,-1.6800633211763445,1.6800633211763445
1776099058.6052427,0.13651198279593457,,,
1776099058.6055708,,-0.6586219174674617,,
1776099058.606378,,,-1.6479023827023798,0.0
1776099058.6088889,,,0.0,-1.6499037674914092
1776099058.6102839,0.14597085294615586,,,
1776099058.6106367,,-0.6847244197085289,,
1776099058.611377,,,0.0,0.0
1776099058.613885,,,0.0,-1.6543809845695348
1776099058.6153798,0.14809313995452053,,,
1776099058.6157033,,-1.0546522726832863,,
1776099058.616389,,,0.0,0.0
1776099058.6189191,,,-1.6547628287929816,0.0
1776099058.6203415,0.1475685652394233,,,
1776099058.6207469,,-1.5372491833855824,,
1776099058.6214042,,,-1.6457116657382425,0.0
1776099058.623934,,,-3.316784746099784,1.658392373049892
1776099058.6256163,0.1338154698266952,,,
1776099058.6260688,,-1.6155162267849645,,
1776099058.6264255,,,-3.3290266933433856,1.6645133466716928
1776099058.6289084,,,-5.034736846019,3.356491230679333
1776099058.6306353,0.11779319862713299,,,
1776099058.631548,,,-3.24045356823305,3.24045356823305
1776099058.6316009,,-1.56299860135182,,
1776099058.633898,,,-5.0198636136935875,3.346575742462391
1776099058.6354098,0.09778542175796046,,,
1776099058.6357775,,-0.5090779185061134,,
1776099058.6363704,,,-1.6506896882579163,0.0
1776099058.6388829,,,-1.6516598569864098,0.0
1776099058.640291,0.0966721221509737,,,
1776099058.6407244,,-0.08591946198978806,,
1776099058.6414464,,,0.0,0.0
1776099058.6439164,,,1.6438376366142466,-3.2876752732284933
1776099058.6454165,0.09737470359508592,,,
1776099058.6458156,,0.0700318285512076,,
1776099058.646406,,,1.6461803129454486,-3.2923606258908973
1776099058.6489189,,,1.6622911907776823,-1.6622911907776823
1776099058.6503885,0.09787168751837803,,,
1776099058.650601,,-0.6826713889307501,,
1776099058.6514204,,,0.0,-1.651030179683275
1776099058.6539783,,,-1.6762026553302931,0.0
1776099058.6552932,0.10645561884898386,,,
1776099058.6559324,,-1.2608381872985914,,
1776099058.6564162,,,-1.6885496431219404,3.377099286243881
1776099058.6590462,,,-3.206221709769421,1.6031108548847104
1776099058.660832,0.11623163399481444,,,
1776099058.661408,,-1.8505893981880615,,
1776099058.6619604,,,-5.242172451816846,5.242172451816846
1776099058.6638968,,,-5.694254176191196,3.7961694507941304
1776099058.6661246,0.12608061909589208,,,
1776099058.6666956,,,0.0,3.134888361057266
1776099058.6667604,,-2.047569100209614,,
1776099058.6691864,,,-3.5013145842021443,3.5013145842021443
1776099058.671426,0.13076871142166036,,,
1776099058.6715453,,-1.0844084077088647,,
1776099058.6716046,,,-3.454166204328523,3.454166204328523
1776099058.674139,,,0.0,1.6138757475613796
1776099058.6754422,0.13299958952730898,,,
1776099058.6758122,,-0.5497370249533042,,
1776099058.6763756,,,-1.817364117422884,3.634728234845768
1776099058.6788702,,,-1.6568329709511238,1.6568329709511238
1776099058.6802816,0.1362907434055228,,,
1776099058.6806204,,-0.18122662499425646,,
1776099058.681438,,,-1.6028272068078488,0.0
1776099058.683906,,,1.6973593171647392,-1.6973593171647392
1776099058.6859074,0.14580309146225243,,,
1776099058.6865597,,-0.10141408952155473,,
1776099058.6866229,,,1.6012712658227062,-3.2025425316454124
1776099058.6888757,,,1.709515435240924,-1.709515435240924
1776099058.6901827,0.1574497414659943,,,
1776099058.6904428,,-0.9938411735658574,,
1776099058.691363,,,0.0,0.0
1776099058.6938868,,,0.0,0.0
1776099058.6952226,0.1755586124451038,,,
1776099058.6956756,,-1.3560185931480473,,
1776099058.6963847,,,-3.2870254673550705,0.0
1776099058.69887,,,-3.3147486509343653,3.3147486509343653
1776099058.7006,0.19626843400135083,,,
1776099058.7008047,,-2.7280136040015717,,
1776099058.7015178,,,-4.917749100876817,1.6392497002922721
1776099058.7039292,,,-3.4356148075452038,3.4356148075452038
1776099058.7053375,0.2092410487824875,,,
1776099058.7058163,,-2.738456921252803,,
1776099058.7064545,,,-4.970101082837484,3.3134007218916555
1776099058.7089307,,,-5.064787048177512,5.064787048177512
1776099058.7103941,0.21252017151144717,,,
1776099058.710775,,-2.5422402091653304,,
1776099058.711618,,,-4.967213378100375,3.3114755854002498
1776099058.713949,,,-5.058584833523465,3.372389889015643
1776099058.715292,0.21001447828633077,,,
1776099058.7156897,,-2.4921263446630024,,
1776099058.7163973,,,-3.328466907669797,3.328466907669797
1776099058.7188861,,,-3.3351678938374034,1.6675839469187017
1776099058.720406,0.19679673878057702,,,
1776099058.720682,,-0.8171203704936443,,
1776099058.7213855,,,-1.6433177132704684,3.2866354265409368
1776099058.7239027,,,-1.6462971644677649,1.6462971644677649
1776099058.7255585,0.19287255283100949,,,
1776099058.7258728,,-0.6253901926388497,,
1776099058.7263737,,,-1.643915548201909,0.0
1776099058.728876,,,0.0,0.0
1776099058.7302897,0.192594185484839,,,
1776099058.7307277,,-0.5143037922803257,,
1776099058.731549,,,0.0,-3.0903167986929434
1776099058.7338958,,,1.7385060654177256,-1.7385060654177256
1776099058.7356267,0.1948495194272515,,,
1776099058.735986,,-0.8034898977613154,,
1776099058.7364528,,,0.0,-1.6181844774416123
1776099058.7389054,,,0.0,-1.6958639926395034
1776099058.740294,0.19640225273430142,,,
1776099058.7406895,,-1.3995777780668601,,
1776099058.7414243,,,0.0,0.0
1776099058.7439244,,,-3.3487865786278355,1.6743932893139177
1776099058.745806,0.20244659413032406,,,
1776099058.7461364,,-1.999563742543717,,
1776099058.7466352,,,-3.235914686811243,1.6179573434056216
1776099058.748934,,,-5.067873849158585,3.378582566105723
1776099058.7506409,0.1988654634806775,,,
1776099058.7509658,,-1.9639135341309375,,
1776099058.7514534,,,-4.987390384062286,3.3249269227081903
1776099058.7539086,,,-5.068325295058265,3.378883530038843
1776099058.75554,0.1978917920197014,,,
1776099058.75601,,-1.5177008016883455,,
1776099058.7566662,,,-3.2864544678193526,3.2864544678193526
1776099058.7588868,,,-1.6755541293175202,1.6755541293175202
1776099058.7602642,0.19475076131039196,,,
1776099058.7607954,,-0.8734595445844295,,
1776099058.7613854,,,-1.6437211339654232,0.0
1776099058.7638955,,,0.0,0.0
1776099058.7653003,0.1890848049930228,,,
1776099058.7658658,,-0.4342570789664788,,
1776099058.7663748,,,0.0,0.0
1776099058.7688968,,,0.0,0.0
1776099058.7702425,0.17608683688535648,,,
1776099058.7705514,,-0.3681490081617529,,
1776099058.7713895,,,-1.6442279706267513,0.0
1776099058.7739275,,,0.0,0.0
1776099058.7754583,0.17276975975759643,,,
1776099058.77596,,-0.3018074656065517,,
1776099058.776429,,,0.0,0.0
1776099058.7790215,,,0.0,1.6757969942191517
1776099058.7809508,0.16340513468320922,,,
1776099058.781513,,,0.0,0.0
1776099058.7815633,,-0.7093919509720732,,
1776099058.7839007,,,0.0,0.0
1776099058.7868552,0.16050005622163638,,,
1776099058.7871466,,-0.8741860590094874,,
1776099058.7878106,,,0.0,0.0
1776099058.7888963,,,-3.629937315118255,3.629937315118255
1776099058.7903473,0.15676104825199766,,,
1776099058.7906942,,-1.154333624807553,,
1776099058.791558,,,0.0,0.0
1776099058.793856,,,-1.6520801450651303,1.6520801450651303
1776099058.795337,0.159678775214748,,,
1776099058.7957444,,-1.1132977425188786,,
1776099058.7963674,,,-1.6329913421908362,0.0
1776099058.798878,,,-1.6484252116083924,3.296850423216785
1776099058.80033,0.15541158520551354,,,
1776099058.800508,,-1.0462066068804154,,
1776099058.8013945,,,-1.6330557603778009,1.6330557603778009
1776099058.8039339,,,-1.6649265224928134,1.6649265224928134
1776099058.8054621,0.15496961996100644,,,
1776099058.8059509,,-0.6062313715407397,,
1776099058.806366,,,-1.6649668433114346,1.6649668433114346
1776099058.808908,,,-1.641319670020386,1.641319670020386
1776099058.8106036,0.15450619243132235,,,
1776099058.8109264,,-0.4163014112778467,,
1776099058.811427,,,-1.6245695383794334,1.6245695383794334
1776099058.8138862,,,-1.680661049791396,0.0
1776099058.8152332,0.15645693189136875,,,
1776099058.8156562,,-0.10878203635663741,,
1776099058.8163922,,,1.6465844363052233,-1.6465844363052233
1776099058.8189137,,,1.6583788003801099,-1.6583788003801099
1776099058.8205655,0.15630667387634636,,,
1776099058.8208878,,0.20744950604728762,,
1776099058.8213918,,,1.6503748056401155,-1.6503748056401155
1776099058.8238878,,,0.0,0.0
1776099058.8254404,0.15658679431763695,,,
1776099058.8257735,,-0.5197326924307712,,
1776099058.8263824,,,0.0,-1.6420722186078676
1776099058.8288975,,,0.0,0.0
1776099058.830244,0.1560327852804693,,,
1776099058.8306475,,-0.5374304353515402,,
1776099058.8314245,,,-1.64185163290044,0.0
1776099058.8339243,,,-3.351432062859171,0.0
1776099058.8355775,0.1472599478750827,,,
1776099058.8359973,,-0.3868879081937662,,
1776099058.8364592,,,-3.301458644895298,1.650729322447649
1776099058.8389182,,,-3.3372291592392473,0.0
1776099058.8403578,0.129769242208224,,,
1776099058.8408089,,0.12360294560142338,,
1776099058.8414233,,,-1.6466759900609054,1.6466759900609054
1776099058.843908,,,0.0,-1.6705861541804226
1776099058.8458602,0.10426334324472472,,,
1776099058.8464293,,0.9742596882301866,,
1776099058.846555,,,0.0,-1.6339928227583411
1776099058.8489056,,,0.0,-1.6445791487622854
1776099058.85021,0.07907416285452062,,,
1776099058.8505867,,1.4780432960342686,,
1776099058.8513927,,,0.0,-1.6500345844484128
1776099058.8539035,,,1.64734111669461,-1.64734111669461
1776099058.8559687,0.0451913593502505,,,
1776099058.8563607,,1.944261565865219,,
1776099058.856397,,,1.5983542068393333,-3.1967084136786665
1776099058.8589385,,,3.3527571029456795,-3.3527571029456795
1776099058.8602998,0.020252156808400347,,,
1776099058.8607726,,2.4430456167022223,,
1776099058.861529,,,3.338461931092226,-3.338461931092226
1776099058.8639812,,,3.4601157435749843,-3.4601157435749843
1776099058.8658369,0.0008611749794495197,,,
1776099058.8661642,,1.711190852941968,,
1776099058.8665445,,,3.3649929882046035,-3.3649929882046035
1776099058.8690283,,,5.077857759428411,-5.077857759428411
1776099058.870673,-0.015770620263512586,,,
1776099058.87101,,0.8403499779029913,,
1776099058.871647,,,0.0,-3.0549869607964886
1776099058.8739078,,,0.0,0.0
1776099058.8754532,-0.02829634932744786,,,
1776099058.876013,,0.30599998369399534,,
1776099058.8763955,,,1.6481768088789661,0.0
1776099058.878908,,,-1.6595575929088124,1.6595575929088124
1776099058.880283,-0.040117057974201634,,,
1776099058.8807797,,0.6403390357639308,,
1776099058.881376,,,-1.6491058798299312,1.6491058798299312
1776099058.8838942,,,0.0,0.0
1776099058.8852124,-0.04841903026162915,,,
1776099058.8858247,,1.7872260463979772,,
1776099058.886374,,,0.0,0.0
1776099058.8889422,,,1.6486609811653965,-1.6486609811653965
1776099058.8907487,-0.06873361127499458,,,
1776099058.8913898,,,3.3552451102358734,-3.3552451102358734
1776099058.8914566,,2.5694959100919186,,
1776099058.893928,,,3.305104853796323,-3.305104853796323
1776099058.8958735,-0.08159224761536071,,,
1776099058.896318,,3.5854199112843133,,
1776099058.8963785,,,4.958604423301359,-3.3057362822009053
1776099058.8989522,,,4.930849729120077,-4.930849729120077
1776099058.9005644,-0.10000253848572481,,,
1776099058.9009602,,3.683433000956226,,
1776099058.901629,,,3.146464931390941,-4.719697397086413
1776099058.9039135,,,5.5388095479281745,-5.5388095479281745
1776099058.905468,-0.10069923896091347,,,
1776099058.9058275,,4.198582514276794,,
1776099058.9064515,,,4.860756039474564,-4.860756039474564
1776099058.9089293,,,6.703783244402936,-6.703783244402936
1776099058.9109447,-0.09618137444708165,,,
1776099058.911926,,3.6110066540256023,,
1776099058.9120219,,,4.992342127070474,-6.656456169427298
1776099058.9139085,,,5.9931098399363005,-7.9908131199150665
1776099058.9154658,-0.08611975941879393,,,
1776099058.915861,,3.0246031621960654,,
1776099058.9164388,,,6.471225637393447,-4.853419228045086
1776099058.9188707,,,3.382374474059336,-5.073561711089004
1776099058.9207633,-0.08773172759213756,,,
1776099058.9210498,,2.516989994704498,,
1776099058.9214182,,,1.6268067098587502,-1.6268067098587502
1776099058.9239862,,,0.0,-1.6330689217078982
1776099058.925339,-0.09219666152727223,,,
1776099058.9258785,,2.7437831975802194,,
1776099058.9263983,,,1.7079569509624206,0.0
1776099058.9288995,,,0.0,0.0
1776099058.9302597,-0.10564082771094122,,,
1776099058.9308126,,3.73118199496013,,
1776099058.9314568,,,1.6119864111616968,-1.6119864111616968
1776099058.933959,,,3.4042790996917915,-1.7021395498458958
1776099058.9353242,-0.1286636164110711,,,
1776099058.9357934,,4.684726173966968,,
1776099058.9363961,,,3.2994144549933058,-3.2994144549933058
1776099058.9389434,,,4.976010913350407,-4.976010913350407
1776099058.9403577,-0.1353265305456891,,,
1776099058.9407668,,5.071256831129219,,
1776099058.9413974,,,4.94696165012925,-4.94696165012925
1776099058.9438913,,,6.665312383580494,-6.665312383580494
1776099058.9457936,-0.1338870566370642,,,
1776099058.9461443,,5.075375441591158,,
1776099058.9465544,,,3.0906839625889893,-6.1813679251779785
1776099058.9488854,,,7.227194131683724,-9.033992664604655
1776099058.9502795,-0.11428181060507386,,,
1776099058.9506066,,4.359385648601901,,
1776099058.9515219,,,8.160149149133323,-6.528119319306659
1776099058.9538946,,,8.456281642733568,-6.765025314186855
1776099058.955725,-0.10740709935586328,,,
1776099058.9558148,,2.299099783244492,,
1776099058.9564102,,,4.918873772479055,-3.279249181652703
1776099058.9589093,,,6.64772963355446,-3.32386481677723
1776099058.9603524,-0.10510431310620938,,,
1776099058.9606965,,1.8060536235609985,,
1776099058.9614577,,,1.6100759059520466,-1.6100759059520466
1776099058.963968,,,1.6926192531428033,-1.6926192531428033
1776099058.9654057,-0.11005034497334533,,,
1776099058.965679,,2.318390451319324,,
1776099058.9667175,,,1.6455161231593836,0.0
1776099058.9688737,,,0.0,1.7382454704330452
1776099058.9702773,-0.11428516891507406,,,
1776099058.9708047,,3.10295004592998,,
1776099058.9713697,,,0.0,1.6461416007380036
1776099058.9738555,,,1.6504413101622235,0.0
1776099058.975244,-0.12609964750325062,,,
1776099058.975504,,4.002997097761365,,
1776099058.9763858,,,3.238030703439631,-1.6190153517198156
1776099058.9789104,,,3.3063409768147802,-1.6531704884073901
1776099058.9803612,-0.12925935170588645,,,
1776099058.9805841,,4.70250304949856,,
1776099058.981455,,,4.981932666181031,-3.321288444120687
1776099058.9839575,,,6.843689622752477,-5.132767217064358
1776099058.985334,-0.132153289928493,,,
1776099058.9859085,,5.310226679514728,,
1776099058.9864578,,,5.0336792282251785,-6.711572304300238
1776099058.9889443,,,5.028242371324089,-5.028242371324089
1776099058.9903836,-0.13022610635594367,,,
1776099058.9907985,,5.730930706537023,,
1776099058.9913774,,,5.031122595254751,-5.031122595254751
1776099058.9939234,,,8.318901782839323,-6.655121426271458
1776099058.9953253,-0.12651720991487644,,,
1776099058.9956582,,5.410408421905672,,
1776099058.9964154,,,5.0123195983596505,-8.353865997266084
1776099058.9989023,,,8.374056926145887,-10.048868311375065
1776099059.0003803,-0.12585087495006203,,,
1776099059.000669,,5.397081722609382,,
1776099059.001389,,,9.93680279581579,-4.968401397907895
1776099059.0039268,,,8.203877324790275,-8.203877324790275
1776099059.005353,-0.1259792671439865,,,
1776099059.0057824,,4.653954942654115,,
1776099059.0064023,,,6.695956925029461,-6.695956925029461
1776099059.0089235,,,6.57821262576265,-6.57821262576265
1776099059.010751,-0.12036582529223672,,,
1776099059.0114048,,3.906306855831163,,
1776099059.0114613,,,6.521619865591593,-3.2608099327957967
1776099059.01396,,,3.3278555317977943,-4.991783297696692
1776099059.015371,-0.11180318273411466,,,
1776099059.0157683,,3.920911428332844,,
1776099059.016388,,,1.6807960559659014,-1.6807960559659014
1776099059.01892,,,3.3061038988088876,-1.6530519494044438
1776099059.0202248,-0.10397079116472674,,,
1776099059.0208316,,4.179944716537961,,
1776099059.021415,,,1.6450211439718707,-1.6450211439718707
1776099059.0238948,,,5.0385607012364435,-3.359040467490962
1776099059.0254297,-0.09462354365928535,,,
1776099059.0258868,,4.674610217658989,,
1776099059.0264635,,,3.225573217685446,-3.225573217685446
1776099059.0288758,,,6.761559001109143,-5.071169250831858
1776099059.030269,-0.08161399465655403,,,
1776099059.030632,,4.673820243965686,,
1776099059.0313845,,,6.537613890857226,-6.537613890857226
1776099059.0338995,,,6.622054081882456,-6.622054081882456
1776099059.0353835,-0.07320149829565964,,,
1776099059.0358667,,4.505570316747797,,
1776099059.0363894,,,8.332708006909543,-3.3330832027638175
1776099059.0389092,,,6.625589735462659,-6.625589735462659
1776099059.0405538,-0.06177704636045589,,,
1776099059.04071,,4.335702974396565,,
1776099059.041403,,,8.312518314798961,-3.325007325919584
1776099059.043907,,,6.685405097938091,-6.685405097938091
1776099059.0456445,-0.053776917060759946,,,
1776099059.0460594,,3.879527590692722,,
1776099059.0466924,,,3.0668627965640183,-4.600294194846028
1776099059.048935,,,5.706655827425296,-5.706655827425296
1776099059.0502965,-0.04864618165174236,,,
1776099059.0506392,,3.446899378271488,,
1776099059.0514338,,,5.015545302370653,-3.3436968682471018
1776099059.0538983,,,3.379789710656633,-3.379789710656633
1776099059.0553498,-0.05670258219135478,,,
1776099059.0558841,,3.3935252728635668,,
1776099059.0565088,,,3.287909715503559,-3.287909715503559
1776099059.058894,,,3.3370686186685217,-1.6685343093342608
1776099059.0603313,-0.0517785989021983,,,
1776099059.0609157,,3.930424856868393,,
1776099059.0613987,,,3.2840141742751165,-3.2840141742751165
1776099059.0639043,,,4.986873572333047,0.0
1776099059.065565,-0.05046390747604791,,,
1776099059.06587,,4.326473704341993,,
1776099059.0664213,,,4.939518814620388,-4.939518814620388
1776099059.068904,,,4.976647700175677,-4.976647700175677
1776099059.070523,-0.047388579175535565,,,
1776099059.0714624,,4.264967138331746,,
1776099059.0715444,,,6.553636356452631,0.0
1776099059.074022,,,5.736888676832888,-7.64918490244385
1776099059.0754306,-0.044927219219309256,,,
1776099059.0759726,,5.286784977799247,,
1776099059.0770054,,,8.388858482117378,0.0
1776099059.0789342,,,10.540836274550067,-10.540836274550067
1776099059.0805776,-0.041066119458204924,,,
1776099059.081124,,5.123628904969017,,
1776099059.0815833,,,7.933885475334067,-7.933885475334067
1776099059.0838833,,,6.968770297916854,-5.226577723437641
1776099059.0852666,-0.09113884800420995,,,
1776099059.085566,,6.1250834758891175,,
1776099059.0863638,,,3.2981594884478715,-6.596318976895743
1776099059.0888824,,,6.5823233197891575,-4.936742489841868
1776099059.090307,-0.13132304550248966,,,
1776099059.090663,,6.050108136202464,,
1776099059.091383,,,3.2731561615856397,-6.546312323171279
1776099059.093917,,,8.166692146328156,-4.9000152877968945
1776099059.095417,-0.18216150066508044,,,
1776099059.0960596,,7.17372860417014,,
1776099059.0966187,,,7.612634215316904,-7.612634215316904
1776099059.0989056,,,7.370809863319936,-7.370809863319936
1776099059.1004353,-0.22836074691749686,,,
1776099059.100861,,8.173788503349089,,
1776099059.1014526,,,6.575142798633969,-4.931357098975477
1776099059.103949,,,8.536138010718847,-8.536138010718847
1776099059.1056206,-0.27648813557279023,,,
1776099059.1061187,,8.937821895623742,,
1776099059.1064272,,,9.914059198103805,-8.261715998419836
1776099059.1088965,,,10.124721392021359,-8.437267826684463
1776099059.1105072,-0.3167803580524902,,,
1776099059.110787,,9.55088090289374,,
1776099059.1114697,,,3.2557292519308554,-9.767187755792566
1776099059.1139166,,,11.806999937212968,-10.120285660468259
1776099059.115389,-0.3547541914212974,,,
1776099059.1158047,,10.11930413261085,,
1776099059.116461,,,6.644755148792142,-1.6611887871980355
1776099059.1189084,,,10.301140518522818,-8.58428376543568
1776099059.1202123,-0.37440527455845773,,,
1776099059.1205294,,10.446376386957109,,
1776099059.1213648,,,11.489781401709308,-6.565589372405317
1776099059.1238759,,,9.877550680586033,-8.231292233821693
1776099059.1254532,-0.39068268628353686,,,
1776099059.1257842,,10.215018506106698,,
1776099059.1263924,,,5.001228979202233,-8.33538163200372
1776099059.1289566,,,11.608376586276261,-9.95003707395108
1776099059.1304753,-0.39901135960720124,,,
1776099059.1309085,,10.274207683351827,,
1776099059.131447,,,8.312783947462258,-4.987670368477355
1776099059.1339443,,,8.404728810406263,-10.085674572487518
1776099059.1356704,-0.40388005710615227,,,
1776099059.1361148,,9.946174641388524,,
1776099059.1366167,,,4.995419006827145,-4.995419006827145
1776099059.1389158,,,1.662583354032075,-8.312916770160374
1776099059.1409726,-0.4232077020303696,,,
1776099059.1414263,,10.216549996191786,,
1776099059.141476,,,11.539895500747967,-9.891339000641112
1776099059.1439428,,,3.454682271499444,-6.909364542998888
1776099059.1454163,-0.44682482952638836,,,
1776099059.1456501,,10.492509863330142,,
1776099059.1463308,,,8.569353546161226,-8.569353546161226
1776099059.1489406,,,11.299318523430658,-11.299318523430658
1776099059.1503756,-0.45601719182115863,,,
1776099059.1508977,,10.818514722881188,,
1776099059.1514444,,,10.034881738146197,-8.362401448455163
1776099059.1540174,,,8.476762247635062,-11.867467146689089
1776099059.155744,-0.46501532847967747,,,
1776099059.155999,,10.500193037052414,,
1776099059.1565623,,,11.135311285905821,-9.544552530776418
1776099059.1588986,,,5.165952034449682,-12.914880086124205
1776099059.1605403,-0.48837189025351146,,,
1776099059.1610088,,11.1311985600609,,
1776099059.1616392,,,6.081557491986201,-9.122336237979303
1776099059.164032,,,14.07685344796452,-12.317246766968957
1776099059.1654267,-0.5147764020178047,,,
1776099059.1660635,,11.177391805100793,,
1776099059.1666708,,,6.366349428697758,-4.774762071523319
1776099059.1689532,,,9.478138775898268,-13.269394286257578
1776099059.1703327,-0.5519031710938713,,,
1776099059.1708229,,12.229956021651812,,
1776099059.1713972,,,4.959353880135306,-9.918707760270612
1776099059.1741574,,,9.863181637937348,-8.219318031614456
1776099059.1760361,-0.59188136042476,,,
1776099059.176796,,,-3.444038882068612,-1.722019441034306
1776099059.1778862,,13.062028203519798,,
1776099059.1790183,,,10.344363835535841,-3.448121278511947
1776099059.1807199,-0.630907732453656,,,
1776099059.181218,,0.0,,
1776099059.1817303,,,3.065483103837829,-3.065483103837829
1776099059.183944,,,13.666271238916734,-13.666271238916734
1776099059.185674,-0.6537103045554926,,,
1776099059.185976,,0.0,,
1776099059.1867683,,,9.806882955365904,-9.806882955365904
1776099059.1889312,,,13.784325619893211,-13.784325619893211
1776099059.1903083,-0.6598676937564724,,,
1776099059.190686,,0.0,,
1776099059.1915185,,,10.077442324165842,-8.397868603471535
1776099059.1939497,,,8.434188464398932,-11.807863850158508
1776099059.195426,-0.6509381561595317,,,
1776099059.1960568,,0.0,,
1776099059.1963546,,,5.041124901269634,-8.401874835449389
1776099059.198884,,,8.235204488474611,-11.529286283864458
1776099059.200311,-0.631826091934335,,,
1776099059.2006824,,0.0,,
1776099059.2013695,,,8.216199291693158,-8.216199291693158
1776099059.2038937,,,11.545570970223588,-11.545570970223588
1776099059.2052968,-0.6154444302282464,,,
1776099059.2056756,,0.0,,
1776099059.2063937,,,8.350984866444636,-5.0105909198667815
1776099059.208901,,,11.612358094242785,-8.294541495887701
1776099059.210465,-0.612978554626365,,,
1776099059.2110474,,0.0,,
1776099059.2114477,,,11.281982309496644,-4.835135275498562
1776099059.213917,,,8.58180389891102,-10.298164678693224
1776099059.215568,-0.5996871130618453,,,
1776099059.2159123,,14.803860142605863,,
1776099059.2165682,,,8.309263898524872,-8.309263898524872
1776099059.2191198,,,8.327834230791279,-3.3311336923165116
1776099059.2204208,-0.5932281607158572,,,
1776099059.2209756,,14.6746810956861,,
1776099059.2215621,,,4.796536198512495,-7.9942269975208236
1776099059.224001,,,12.634965639669455,-12.634965639669455
1776099059.2255685,-0.6173018879057544,,,
1776099059.2262106,,0.0,,
1776099059.2263854,,,-1.665980545222229,-4.997941635666687
1776099059.2289789,,,8.373248289346538,-8.373248289346538
1776099059.230467,-0.6397765680499309,,,
1776099059.2309375,,0.0,,
1776099059.2314365,,,6.540134888754565,-8.175168610943206
1776099059.2339225,,,11.902210866194997,-11.902210866194997
1776099059.235327,-0.6352500241332402,,,
1776099059.2357633,,0.0,,
1776099059.2363944,,,4.9984239703945725,-8.330706617324287
1776099059.2389107,,,11.730201127098015,-10.054458108941155
1776099059.2404656,-0.6445686687166667,,,
1776099059.2406929,,0.0,,
1776099059.2414038,,,6.566006474099646,-11.490511329674383
1776099059.2438993,,,11.734930892439447,-11.734930892439447
1776099059.2453804,-0.6691837102298375,,,
1776099059.24567,,0.0,,
1776099059.246413,,,8.215617202016565,-6.572493761613252
1776099059.2489243,,,10.004784325003307,-10.004784325003307
1776099059.2504542,-0.6874897372638674,,,
1776099059.2507265,,0.0,,
1776099059.2514703,,,8.152473648576105,-4.891484189145664
1776099059.2539551,,,8.521163417174558,-10.22539610060947
1776099059.2556703,-0.7182861958878053,,,
1776099059.256432,,0.0,,
1776099059.2565167,,,0.0,-3.351675686560773
1776099059.2589853,,,6.700598043502751,-11.726046576129816
1776099059.2603958,-0.7436901177903417,,,
1776099059.2607613,,0.0,,
1776099059.26137,,,8.510487042572109,0.0
1776099059.2638726,,,9.938461568831265,-9.938461568831265
1776099059.2653139,-0.7698863484717016,,,
1776099059.2658212,,0.0,,
1776099059.2664006,,,6.557305918196989,-9.835958877295484
1776099059.2688742,,,11.685462854499384,-10.016111018142329
1776099059.270299,-0.8037969295734642,,,
1776099059.2707336,,0.0,,
1776099059.2713563,,,6.562067117544107,-6.562067117544107
1776099059.2739766,,,6.599875279270821,-9.899812918906232
1776099059.2756498,-0.8444642705970415,,,
1776099059.276027,,0.0,,
1776099059.276454,,,11.30634382960563,-6.460767902631788
1776099059.2789161,,,10.129574096355023,-10.129574096355023
1776099059.2805333,-0.8666053012766352,,,
1776099059.2807887,,0.0,,
1776099059.281415,,,6.636854302221826,-9.95528145333274
1776099059.2840383,,,9.9408395391,-9.9408395391
1776099059.2856216,-0.8922312593071327,,,
1776099059.285828,,0.0,,
1776099059.2864382,,,3.367119271701187,-8.417798179252967
1776099059.289033,,,10.086898897768402,-10.086898897768402
1776099059.2905297,-0.9200790224544694,,,
1776099059.2907438,,0.0,,
1776099059.2913938,,,10.178425489761501,-6.785616993174333
1776099059.2939541,,,9.732357821001667,-9.732357821001667
1776099059.2956984,-0.9386613234970386,,,
1776099059.2961047,,0.0,,
1776099059.29656,,,7.933944335059239,-7.933944335059239
1776099059.29892,,,8.942670436454899,-10.731204523745879
1776099059.3007147,-0.9495771870833306,,,
1776099059.3016343,,0.0,,
1776099059.3017178,,,9.577897984939945,-9.577897984939945
1776099059.303992,,,6.820620209115636,-8.525775261394545
1776099059.3060942,-0.9575783010446897,,,
1776099059.3066652,,,6.682666488053243,-10.023999732079867
1776099059.307231,,0.0,,
1776099059.308915,,,6.932808260148675,-5.199606195111507
1776099059.3105462,-0.9730094952721885,,,
1776099059.3108318,,0.0,,
1776099059.3119073,,,8.333909302313282,-8.333909302313282
1776099059.3139236,,,9.993803160642562,-9.993803160642562
1776099059.3154292,-0.9789636201715839,,,
1776099059.3158033,,0.0,,
1776099059.3164062,,,10.014256909680753,-5.007128454840377
1776099059.3188717,,,8.436103097611149,-8.436103097611149
1776099059.3203542,-0.9857929169947565,,,
1776099059.320746,,0.0,,
1776099059.321384,,,9.794412702498319,-9.794412702498319
1776099059.3238983,,,4.97712164395244,-8.295202739920732
1776099059.3252254,-1.0023153538348935,,,
1776099059.325823,,0.0,,
1776099059.3264656,,,9.766956492758576,-4.883478246379288
1776099059.3289688,,,6.844197559898988,-8.555246949873736
1776099059.3309448,-1.0202279060764408,,,
1776099059.3313994,,0.0,,
1776099059.331434,,,8.194242356020402,-8.194242356020402
1776099059.33397,,,10.036660636216922,-3.3455535454056404
1776099059.3358426,-1.0303221494897143,,,
1776099059.336362,,0.0,,
1776099059.3367863,,,5.8931796485633825,-4.419884736422537
1776099059.3389962,,,7.975261581847499,-5.981446186385624
1776099059.3407004,-1.0304762805225651,,,
1776099059.341032,,0.0,,
1776099059.3414633,,,9.951464472765958,-3.317154824255319
1776099059.3440554,,,8.056619475857769,-6.445295580686214
1776099059.3459632,-1.0317091946536476,,,
1776099059.346424,,,8.728147811082469,-8.728147811082469
1776099059.3464694,,0.0,,
1776099059.348928,,,9.913191268376792,-8.260992723647325
1776099059.3505816,-1.045723475189965,,,
1776099059.3510072,,0.0,,
1776099059.35143,,,8.210294558792377,-6.568235647033902
1776099059.353895,,,8.548913363255451,-8.548913363255451
1776099059.3553808,-1.0584930133315245,,,
1776099059.35584,,0.0,,
1776099059.3564026,,,8.152152567063926,-1.6304305134127852
1776099059.3589199,,,8.280864914569246,-8.280864914569246
1776099059.360394,-1.0684115317263523,,,
1776099059.3610525,,0.0,,
1776099059.3616538,,,6.097700914100605,-4.573275685575454
1776099059.3639114,,,7.403028896609717,-7.403028896609717
1776099059.3653636,-1.0871191573439738,,,
1776099059.3659885,,0.0,,
1776099059.3664396,,,8.294609402579479,-1.6589218805158956
1776099059.3690073,,,1.707395683378667,-6.829582733514668
1776099059.3705685,-1.1018325253316292,,,
1776099059.371016,,0.0,,
1776099059.371651,,,7.91497469687203,-7.91497469687203
1776099059.3739035,,,9.361963716069553,-7.489570972855644
1776099059.3756368,-1.116827541468923,,,
1776099059.375712,,0.0,,
1776099059.3763814,,,8.289316017502868,-4.973589610501722
1776099059.3789427,,,4.9409282281022575,-6.587904304136343
1776099059.3804493,-1.1379401466794121,,,
1776099059.3809793,,0.0,,
1776099059.3814623,,,8.119801718235738,-8.119801718235738
1776099059.38398,,,6.970580877731167,-6.970580877731167
1776099059.3860774,-1.1505152748953655,,,
1776099059.3863509,,,3.256417696612586,-6.512835393225172
1776099059.3865333,,0.0,,
1776099059.3889248,,,6.5903598905963205,-4.942769917947241
1776099059.3902678,-1.1637639631412853,,,
1776099059.390586,,0.0,,
1776099059.3915684,,,6.6044889140265015,-6.6044889140265015
1776099059.3938918,,,8.405679342831064,-6.724543474264852
1776099059.3952858,-1.179085234326594,,,
1776099059.395719,,0.0,,
1776099059.3963785,,,6.598461345487176,-8.248076681858969
1776099059.3989182,,,8.27065391885891,-6.616523135087129
1776099059.4006052,-1.189628047931251,,,
1776099059.4010808,,0.0,,
1776099059.4014382,,,6.660187082825379,-6.660187082825379
1776099059.4039097,,,8.407856468256723,-6.726285174605378
1776099059.4055517,-1.2000512734726025,,,
1776099059.4060133,,0.0,,
1776099059.4066787,,,4.473877405799061,-7.456462342998434
1776099059.4088843,,,5.696596450488339,-1.8988654834961127
1776099059.410535,-1.2052760877421884,,,
1776099059.41087,,0.0,,
1776099059.411583,,,8.174009169140191,-6.5392073353121525
1776099059.4139516,,,6.833006980955885,-6.833006980955885
1776099059.415642,-1.2051584507779312,,,
1776099059.4160295,,0.0,,
1776099059.4166114,,,6.674192194980712,-6.674192194980712
1776099059.4189107,,,8.621878467177499,-6.897502773742
1776099059.4205554,-1.2039413636011012,,,
1776099059.4207206,,0.0,,
1776099059.421385,,,6.5694264660818815,-6.5694264660818815
1776099059.4238884,,,6.6012388851895825,-6.6012388851895825
1776099059.425621,-1.2074080845377615,,,
1776099059.425982,,0.0,,
1776099059.42641,,,3.2912657608088836,-6.582531521617767
1776099059.4288986,,,6.7025928150553575,-6.7025928150553575
1776099059.430569,-1.2245620434087003,,,
1776099059.4311426,,0.0,,
1776099059.4315124,,,6.543992332622906,-4.907994249467181
1776099059.4339247,,,3.3410911214759853,-6.682182242951971
1776099059.435558,-1.228967880000999,,,
1776099059.4356332,,0.0,,
1776099059.436385,,,6.662535440428374,-3.331267720214187
1776099059.438872,,,6.652036881943747,-6.652036881943747
1776099059.4406838,-1.2152716595553426,,,
1776099059.4410937,,0.0,,
1776099059.4415727,,,4.749273825617672,-4.749273825617672
1776099059.4440775,,,3.1672921705506205,-6.334584341101241
1776099059.4455097,-1.1953260714228249,,,
1776099059.4460938,,0.0,,
1776099059.4463944,,,5.342439053351069,-7.1232520711347584
1776099059.4489336,,,6.5630487164690665,-4.9222865373518
1776099059.4505675,-1.1699451201047082,,,
1776099059.4511971,,0.0,,
1776099059.4516134,,,6.382227421199819,-6.382227421199819
1776099059.4539418,,,7.445445490652626,-7.445445490652626
1776099059.4556563,-1.148738928782369,,,
1776099059.4564514,,,4.955058223318156,-1.6516860744393853
1776099059.456656,,0.0,,
1776099059.4588861,,,6.733746795619271,-6.733746795619271
1776099059.460361,-1.1393717241357824,,,
1776099059.460687,,0.0,,
1776099059.4614475,,,6.454950996870662,-4.8412132476529965
1776099059.4639351,,,5.120547485933575,-5.120547485933575
1776099059.4654777,-1.1381323751874737,,,
1776099059.46621,,0.0,,
1776099059.4665742,,,3.2932209857523165,-6.586441971504633
1776099059.4689121,,,6.741608631909692,-5.056206473932269
1776099059.47038,-1.139279928324117,,,
1776099059.47087,,0.0,,
1776099059.4715514,,,4.872261236416838,-3.248174157611225
1776099059.4739316,,,6.737402758140538,-5.053052068605404
1776099059.475344,-1.1485650765313522,,,
1776099059.475795,,0.0,,
1776099059.4764087,,,5.030798268395518,-5.030798268395518
1776099059.47892,,,6.652462166330294,-4.989346624747721
1776099059.4803195,-1.1549999372712898,,,
1776099059.4806519,,0.0,,
1776099059.4814065,,,1.629727227282499,-4.889181681847497
1776099059.4838984,,,4.999505776847374,-4.999505776847374
1776099059.4853885,-1.1569392824564575,,,
1776099059.4857013,,0.0,,
1776099059.4864,,,6.605746752189407,-6.605746752189407
1776099059.4889405,,,4.9229495147977165,-4.9229495147977165
1776099059.490571,-1.1667481324865154,,,
1776099059.4909265,,0.0,,
1776099059.4914184,,,5.042716192538117,-5.042716192538117
1776099059.4938927,,,5.037095045835145,-5.037095045835145
1776099059.4956758,-1.1798767045489527,,,
1776099059.4960601,,0.0,,
1776099059.4964645,,,6.420166633200603,-3.2100833166003016
1776099059.4988885,,,5.463843073809004,-5.463843073809004
1776099059.5006497,-1.1877471533567203,,,
1776099059.5009584,,0.0,,
1776099059.5015876,,,4.904867867659923,-4.904867867659923
1776099059.5039237,,,5.472326397730952,-5.472326397730952
1776099059.5053277,-1.2010573423243416,,,
1776099059.5058029,,0.0,,
1776099059.5064142,,,4.94716082833902,-4.94716082833902
1776099059.508908,,,4.9715280051988655,-4.9715280051988655
1776099059.5102592,-1.2150950094671475,,,
1776099059.5106103,,0.0,,
1776099059.5114453,,,4.926836557880966,-3.284557705253977
1776099059.5139153,,,5.015303557226801,-5.015303557226801
1776099059.5153048,-1.2273532900535729,,,
1776099059.515636,,0.0,,
1776099059.516411,,,4.992620509618116,-3.328413673078744
1776099059.518911,,,5.017159711816086,-5.017159711816086
1776099059.52036,-1.238765046721889,,,
1776099059.5207264,,0.0,,
1776099059.5214093,,,3.3033735660614947,-4.955060349092242
1776099059.523906,,,5.02237168681961,-3.3482477912130726
1776099059.5255547,-1.2503998901678584,,,
1776099059.5259671,,0.0,,
1776099059.5265958,,,4.860265137899044,-4.860265137899044
1776099059.5288906,,,5.14415630236606,-3.4294375349107065
1776099059.5304258,-1.262220538468642,,,
1776099059.530764,,0.0,,
1776099059.5313947,,,4.907956709259418,-3.2719711395062783
1776099059.5338984,,,3.318029622857797,-4.977044434286696
1776099059.5354562,-1.2680386133542525,,,
1776099059.5356765,,0.0,,
1776099059.5363946,,,4.9623134659546055,-3.30820897730307
1776099059.538889,,,4.979784698126697,-3.319856465417798
1776099059.5402167,-1.2758308273344692,,,
1776099059.540566,,0.0,,
1776099059.5413866,,,3.2917863641787855,-4.937679546268178
1776099059.5439124,,,4.957304057231128,-3.304869371487418
1776099059.5452228,-1.2870937319289943,,,
1776099059.5455887,,0.0,,
1776099059.546452,,,3.2259232203513997,-3.2259232203513997
1776099059.5489407,,,5.028647374578003,-3.3524315830520015
1776099059.5507169,-1.2982769645492844,,,
1776099059.550908,,0.0,,
1776099059.5514245,,,4.990463317512485,-4.990463317512485
1776099059.5539136,,,3.3678276481142846,-3.3678276481142846
1776099059.5553973,-1.306893828182335,,,
1776099059.5557268,,0.0,,
1776099059.556406,,,3.296196985723602,-3.296196985723602
1776099059.5589256,,,5.002754007649307,-3.3351693384328716
1776099059.5602672,-1.311760526634127,,,
1776099059.5606196,,0.0,,
1776099059.5613759,,,3.3429710294586488,-3.3429710294586488
1776099059.5638893,,,4.961916945105179,-3.307944630070119
1776099059.5652893,-1.3138578083745558,,,
1776099059.5657113,,0.0,,
1776099059.5663724,,,3.2848169264152074,-3.2848169264152074
1776099059.5689254,,,3.2864530651163997,-3.2864530651163997
1776099059.5718591,-1.3161155080541551,,,
1776099059.5719335,,,3.279351133677884,-3.279351133677884
1776099059.5729825,,0.0,,
1776099059.5739653,,,4.939362497458302,-3.292908331638868
1776099059.575824,-1.311842168317108,,,
1776099059.5766418,,,3.342569050401794,-1.671284525200897
1776099059.5766983,,0.0,,
1776099059.5789413,,,3.3800656657526167,-3.3800656657526167
1776099059.5803123,-1.307738438163028,,,
1776099059.5806649,,0.0,,
1776099059.581412,,,4.9905042867894736,-3.327002857859649
1776099059.5838788,,,3.3735113195667688,-3.3735113195667688
1776099059.5856605,-1.3123362841192936,,,
1776099059.5861812,,0.0,,
1776099059.586545,,,3.118477194218599,-3.118477194218599
1776099059.588918,,,3.505506845637509,-1.7527534228187545
1776099059.5914598,-1.3185152963486468,,,
1776099059.5915499,,,3.396078130420435,-3.396078130420435
1776099059.5919468,,0.0,,
1776099059.5938969,,,3.2894955351133737,-3.2894955351133737
1776099059.5952523,-1.3191146050264495,,,
1776099059.5955756,,0.0,,
1776099059.5963821,,,3.3135076603360156,-1.6567538301680078
1776099059.598894,,,3.281602676004665,-3.281602676004665
1776099059.6002371,-1.3291825956169319,,,
1776099059.600549,,0.0,,
1776099059.6014144,,,3.290615941245685,-1.6453079706228424
1776099059.603876,,,3.3606413914479165,-3.3606413914479165
1776099059.6053927,-1.3397917261373524,,,
1776099059.6057951,,0.0,,
1776099059.6065402,,,1.5966599199336944,-1.5966599199336944
1776099059.6089253,,,3.3694929904240793,-3.3694929904240793
1776099059.6105874,-1.3462789243831748,,,
1776099059.610949,,0.0,,
1776099059.6114442,,,3.3178165983550807,-1.6589082991775403
1776099059.613912,,,3.3759754693809354,-3.3759754693809354
1776099059.615689,-1.35026396250844,,,
1776099059.616038,,0.0,,
1776099059.6164048,,,3.288689090271419,-1.6443445451357095
1776099059.6189067,,,1.6739215433075485,-3.347843086615097
1776099059.620258,-1.3542007100271325,,,
1776099059.6206987,,0.0,,
1776099059.6213849,,,3.3029796360774366,-1.6514898180387183
1776099059.6238923,,,3.321421680927722,-1.660710840463861
1776099059.6252444,-1.3588627667974496,,,
1776099059.6255832,,0.0,,
1776099059.6263857,,,1.6405817926792485,-1.6405817926792485
1776099059.6289468,,,3.2829766418436224,-1.6414883209218112
1776099059.6306393,-1.3667573850462895,,,
1776099059.6308439,,0.0,,
1776099059.6314237,,,1.6622646355734567,-3.3245292711469134
1776099059.6339746,,,3.346280506200885,-1.6731402531004425
1776099059.6354504,-1.373094603772745,,,
1776099059.6360924,,0.0,,
1776099059.6365726,,,1.661175168716839,-1.661175168716839
1776099059.6389287,,,3.611995188148527,-1.8059975940742634
1776099059.6408575,-1.378963902307516,,,
1776099059.6411848,,0.0,,
1776099059.6413844,,,1.6618520623641275,-1.6618520623641275
1776099059.643935,,,3.3143791094433324,-1.6571895547216662
1776099059.6455889,-1.3853446543797272,,,
1776099059.6459312,,0.0,,
1776099059.6463811,,,1.6666346665001637,-1.6666346665001637
1776099059.6489935,,,1.6520276859687215,-1.6520276859687215
1776099059.6503303,-1.3916159814047506,,,
1776099059.6507692,,0.0,,
1776099059.6513765,,,3.299989967225457,-1.6499949836127286
1776099059.6538727,,,1.6573350849905828,-1.6573350849905828
1776099059.6552982,-1.3986592236952997,,,
1776099059.6556976,,0.0,,
1776099059.6563704,,,1.6384997359657962,-1.6384997359657962
1776099059.6589167,,,3.289000943645599,-1.6445004718227996
1776099059.6604593,-1.4036161317619762,,,
1776099059.6608596,,0.0,,
1776099059.661403,,,1.6487654754682355,0.0
1776099059.6639254,,,1.666100945741644,-1.666100945741644
1776099059.6655247,-1.4048677311973443,,,
1776099059.665853,,0.0,,
1776099059.6664562,,,1.6210229003257377,-1.6210229003257377
1776099059.668902,,,1.7030882817854964,-1.7030882817854964
1776099059.6702557,-1.4057867148076904,,,
1776099059.670557,,0.0,,
1776099059.671406,,,1.6544990032570264,0.0
1776099059.6739013,,,1.6686955808891009,-1.6686955808891009
1776099059.6753552,-1.4064604211275662,,,
1776099059.675843,,0.0,,
1776099059.6765294,,,1.6542757772856638,-1.6542757772856638
1776099059.6790075,,,1.7286767027959926,-1.7286767027959926
1776099059.6802752,-1.4070603939549102,,,
1776099059.6806324,,0.0,,
1776099059.6813724,,,1.6794118049058344,0.0
1776099059.6838832,,,1.6525268912470905,-1.6525268912470905
1776099059.6851838,-1.4106318767171526,,,
1776099059.685525,,0.0,,
1776099059.6863692,,,1.6408279111674415,0.0
1776099059.6889162,,,1.6479806800822874,0.0
1776099059.690418,-1.41574264807306,,,
1776099059.690957,,0.0,,
1776099059.691399,,,1.630840065377002,0.0
1776099059.6938808,,,1.6753784061304418,-1.6753784061304418
1776099059.6952546,-1.4214965156606534,,,
1776099059.6955972,,0.0,,
1776099059.6963801,,,0.0,0.0
1776099059.6988993,,,1.6536306091427762,-1.6536306091427762
1776099059.7003467,-1.4263421582700435,,,
1776099059.7005515,,0.0,,
1776099059.7014086,,,1.6475504890664516,-1.6475504890664516
1776099059.7038898,,,1.6692975508933758,0.0
1776099059.7052705,-1.429896927049943,,,
1776099059.7056293,,0.0,,
1776099059.7063851,,,1.6443059192203484,0.0
1776099059.7089403,,,0.0,-1.6562520682128679
1776099059.7104778,-1.4329263863216328,,,
1776099059.7108712,,0.0,,
1776099059.7114003,,,0.0,0.0
1776099059.7138832,,,1.6686283203525363,1.6686283203525363
1776099059.7154572,-1.4363411791278085,,,
1776099059.7158618,,0.0,,
1776099059.7163677,,,1.6423699281953748,0.0
1776099059.7188811,,,0.0,1.6490656172142606
1776099059.7202482,-1.4418563913159135,,,
1776099059.7205431,,0.0,,
1776099059.7213688,,,1.6388617260708567,0.0
1776099059.7238772,,,0.0,0.0
1776099059.7251918,-1.4465231853064435,,,
1776099059.7256215,,0.0,,
1776099059.7263618,,,1.642616583524989,0.0
1776099059.72889,,,0.0,0.0
1776099059.7301662,-1.449867295505531,,,
1776099059.730568,,0.0,,
1776099059.7314212,,,0.0,0.0
1776099059.7339401,,,0.0,0.0
1776099059.7355359,-1.4532013125715169,,,
1776099059.735869,,0.0,,
1776099059.7363944,,,0.0,0.0
1776099059.73892,,,-1.663142123980961,-1.663142123980961
1776099059.740351,-1.4576341949641125,,,
1776099059.7406986,,0.0,,
1776099059.7413933,,,0.0,0.0
1776099059.7439091,,,0.0,1.6582073752552628
1776099059.7454162,-1.4600465537728802,,,
1776099059.7456627,,0.0,,
1776099059.7464073,,,-1.646454165819434,0.0
1776099059.7489226,,,0.0,0.0
1776099059.7505834,-1.4622103869216656,,,
1776099059.7510698,,0.0,,
1776099059.7517195,,,0.0,0.0
1776099059.753907,,,-1.9315195112176684,0.0
1776099059.7552323,-1.4645333050872595,,,
1776099059.7555661,,0.0,,
1776099059.7564726,,,0.0,0.0
1776099059.7589293,,,0.0,0.0
1776099059.7602968,-1.4683164799572164,,,
1776099059.7606137,,0.0,,
1776099059.7613914,,,1.6581545263231958,0.0
1776099059.7638953,,,0.0,0.0
1776099059.7652628,-1.4684258165003796,,,
1776099059.765612,,0.0,,
1776099059.766383,,,0.0,0.0
1776099059.768895,,,0.0,0.0
1776099059.7704453,-1.4644742897580183,,,
1776099059.7706635,,0.0,,
1776099059.7713914,,,0.0,0.0
1776099059.7738888,,,0.0,0.0
1776099059.7752717,-1.4578483417355799,,,
1776099059.775677,,0.0,,
1776099059.7763956,,,0.0,0.0
1776099059.7789052,,,0.0,0.0
1776099059.7805312,-1.4503347883782731,,,
1776099059.780844,,0.0,,
1776099059.7814088,,,0.0,0.0
1776099059.7839043,,,0.0,0.0
1776099059.7852745,-1.442904129666602,,,
1776099059.785634,,0.0,,
1776099059.7863905,,,0.0,0.0
1776099059.7889884,,,0.0,0.0
1776099059.7908993,-1.4361409891052141,,,
1776099059.7912068,,0.0,,
1776099059.7916439,,,0.0,0.0
1776099059.793891,,,0.0,0.0
1776099059.7958615,-1.4303057327702056,,,
1776099059.7961383,,0.0,,
1776099059.7967372,,,0.0,0.0
1776099059.798891,,,0.0,0.0
1776099059.8002272,-1.4255763249136513,,,
1776099059.8006313,,0.0,,
1776099059.8013544,,,0.0,0.0
1776099059.8038807,,,0.0,0.0
1776099059.8052425,-1.4213150925481892,,,
1776099059.8056343,,0.0,,
1776099059.8063743,,,0.0,0.0
1776099059.8088913,,,0.0,0.0
1776099059.8104048,-1.4167457322948955,,,
1776099059.8105376,,0.0,,
1776099059.8114033,,,0.0,0.0
1776099059.813912,,,0.0,0.0
1776099059.815296,-1.4117893061543176,,,
1776099059.8156633,,0.0,,
1776099059.8164124,,,0.0,0.0
1776099059.8189423,,,0.0,0.0
1776099059.8202837,-1.4055828643891168,,,
1776099059.820644,,0.0,,
1776099059.8214157,,,0.0,0.0
1776099059.8239179,,,0.0,0.0
1776099059.8257205,-1.398807415900768,,,
1776099059.8257792,,0.0,,
1776099059.8263834,,,0.0,0.0
1776099059.8288877,,,0.0,0.0
1776099059.8301907,-1.3916402628125797,,,
1776099059.8305538,,0.0,,
1776099059.8313878,,,0.0,0.0
1776099059.8338811,,,0.0,0.0
1776099059.8355343,-1.384807875017269,,,
1776099059.8358424,,0.0,,
1776099059.8363764,,,0.0,0.0
1776099059.8388848,,,0.0,0.0
1776099059.8405364,-1.3790556751638257,,,
1776099059.8407812,,0.0,,
1776099059.8413796,,,0.0,0.0
1776099059.8439257,,,0.0,0.0
1776099059.8452597,-1.3750545622640704,,,
1776099059.8456402,,0.0,,
1776099059.846397,,,0.0,0.0
1776099059.848927,,,0.0,0.0
1776099059.850368,-1.3703992079921117,,,
1776099059.8506267,,0.0,,
1776099059.8514209,,,0.0,0.0
1776099059.8539162,,,0.0,0.0
1776099059.855289,-1.3687288419654016,,,
1776099059.855786,,0.0,,
1776099059.8563964,,,0.0,0.0
1776099059.858913,,,0.0,0.0
1776099059.8603656,-1.3691920951888044,,,
1776099059.8607318,,0.0,,
1776099059.8613882,,,0.0,0.0
1776099059.8639145,,,0.0,0.0
1776099059.8652625,-1.3692869244687567,,,
1776099059.8656,,0.0,,
1776099059.866389,,,0.0,0.0
1776099059.8688962,,,0.0,0.0
1776099059.8702183,-1.3691661689855203,,,
1776099059.870589,,0.0,,
1776099059.8713858,,,0.0,0.0
1776099059.8738928,,,0.0,0.0
1776099059.8752372,-1.369913921763345,,,
1776099059.8755622,,0.0,,
1776099059.87638,,,0.0,0.0
1776099059.8789048,,,0.0,0.0
1776099059.8803847,-1.3692768641650215,,,
1776099059.8806713,,0.0,,
1776099059.8813958,,,0.0,0.0
1776099059.883911,,,0.0,0.0
1776099059.8853307,-1.3674633172017199,,,
1776099059.8858414,,0.0,,
1776099059.8863952,,,0.0,0.0
1776099059.88891,,,0.0,0.0
1776099059.8904734,-1.3668248003471204,,,
1776099059.8908184,,0.0,,
1776099059.8913941,,,0.0,0.0
1776099059.8939047,,,0.0,0.0
1776099059.8953228,-1.3665262671672767,,,
1776099059.8956828,,0.0,,
1776099059.896404,,,0.0,0.0
1776099059.8989413,,,0.0,0.0
1776099059.9004037,-1.3669104274134263,,,
1776099059.900925,,0.0,,
1776099059.9014227,,,0.0,0.0
1776099059.9039154,,,0.0,0.0
1776099059.9052444,-1.3669083673268583,,,
1776099059.9055812,,0.0,,
1776099059.9063792,,,0.0,0.0
1776099059.9089065,,,0.0,0.0
1776099059.91045,-1.3665959628714086,,,
1776099059.9108105,,0.0,,
1776099059.9114075,,,0.0,0.0
1776099059.913897,,,0.0,0.0
1776099059.9152722,-1.3659518020321546,,,
1776099059.9157052,,0.0,,
1776099059.9163957,,,0.0,0.0
1776099059.9188921,,,0.0,0.0
1776099059.9202416,-1.3651405701145234,,,
1776099059.9206998,,0.0,,
1776099059.921378,,,0.0,0.0
1776099059.9238803,,,0.0,0.0
1776099059.9252079,-1.364146836905903,,,
1776099059.9255373,,0.0,,
1776099059.9263687,,,0.0,0.0
1776099059.9288745,,,0.0,0.0
1776099059.9301975,-1.3631848328436103,,,
1776099059.9305215,,0.0,,
1776099059.9313788,,,0.0,0.0
1776099059.9338896,,,0.0,0.0
1776099059.9354157,-1.3624383185196018,,,
1776099059.9357705,,0.0,,
1776099059.9363787,,,0.0,0.0
1776099059.9389017,,,0.0,0.0
1776099059.9402442,-1.3617787616289265,,,
1776099059.9406052,,0.0,,
1776099059.941401,,,0.0,0.0
1776099059.943899,,,0.0,0.0
1776099059.945617,-1.3610847702067974,,,
1776099059.945996,,0.0,,
1776099059.9463925,,,0.0,0.0
1776099059.9488811,,,0.0,0.0
1776099059.95029,-1.3604972823336463,,,
1776099059.9507422,,0.0,,
1776099059.951376,,,0.0,0.0
1776099059.9538813,,,0.0,0.0
1776099059.9553258,-1.3598533787303013,,,
1776099059.9555244,,0.0,,
1776099059.956369,,,0.0,0.0
1776099059.9588761,,,0.0,0.0
1776099059.9604268,-1.359074640263767,,,
1776099059.960763,,0.0,,
1776099059.9613612,,,0.0,0.0
1776099059.963903,,,0.0,0.0
1776099059.9655807,-1.3581934853677347,,,
1776099059.9660938,,0.0,,
1776099059.966984,,,0.0,0.0
1776099059.9689395,,,0.0,0.0
1776099059.9703324,-1.3580925639568806,,,
1776099059.9708986,,0.0,,
1776099059.9714398,,,0.0,0.0
1776099059.973889,,,0.0,0.0
1776099059.9760642,-1.3581339403494113,,,
1776099059.9764032,,0.0,,
1776099059.9764493,,,0.0,0.0
1776099059.9789426,,,0.0,0.0
1776099059.9807312,-1.3595393048802604,,,
1776099059.9811313,,0.0,,
1776099059.9814444,,,0.0,0.0
1776099059.9838955,,,0.0,0.0
1776099059.9852793,-1.3610157541314258,,,
1776099059.9856105,,0.0,,
1776099059.9863975,,,0.0,0.0
1776099059.9888883,,,0.0,0.0
1776099059.9902768,-1.3624518011354922,,,
1776099059.9907956,,0.0,,
1776099059.9913943,,,0.0,0.0
1776099059.9939084,,,0.0,0.0
1776099059.9953396,-1.3630281768337633,,,
1776099059.9957151,,0.0,,
1776099059.9964027,,,0.0,0.0
1776099059.9989104,,,0.0,0.0
1776099060.000308,-1.36328062901269,,,
1776099060.0007408,,0.0,,
1776099060.0014117,,,0.0,0.0
1776099060.0039308,,,0.0,0.0
1776099060.0055254,-1.3618473815643712,,,
1776099060.00581,,0.0,,
1776099060.006404,,,0.0,0.0
1776099060.0089102,,,0.0,0.0
1776099060.010294,-1.3602913538467063,,,
1776099060.0106475,,0.0,,
1776099060.0114334,,,0.0,0.0
1776099060.0139031,,,0.0,0.0
1776099060.0152886,-1.3587972043437555,,,
1776099060.0157027,,0.0,,
1776099060.016385,,,0.0,0.0
1776099060.0189223,,,0.0,0.0
1776099060.0206914,-1.3574963074450337,,,
1776099060.0211458,,0.0,,
1776099060.0214164,,,0.0,0.0
1776099060.0238929,,,0.0,0.0
1776099060.0252278,-1.3563818550745348,,,
1776099060.0255866,,0.0,,
1776099060.026377,,,0.0,0.0
1776099060.028895,,,0.0,0.0
1776099060.0307527,-1.355641749827352,,,
1776099060.031334,,0.0,,
1776099060.0313888,,,0.0,0.0
1776099060.033902,,,0.0,0.0
1776099060.0360744,-1.3549440176649392,,,
1776099060.036539,,0.0,,
1776099060.0365918,,,0.0,0.0
1776099060.0389178,,,0.0,0.0
1776099060.0402298,-1.354937388156238,,,
1776099060.0406306,,0.0,,
1776099060.0413818,,,0.0,0.0
1776099060.0438914,,,0.0,0.0
1776099060.0452995,-1.3554410702855044,,,
1776099060.045609,,0.0,,
1776099060.04639,,,0.0,0.0
1776099060.0488882,,,0.0,0.0
1776099060.0502293,-1.3563081256974383,,,
1776099060.050591,,0.0,,
1776099060.051391,,,0.0,0.0
1776099060.0538933,,,0.0,0.0
1776099060.055385,-1.357311751795167,,,
1776099060.0557268,,0.0,,
1776099060.0563724,,,0.0,0.0
1776099060.0588977,,,0.0,0.0
1776099060.0602636,-1.3584967145847224,,,
1776099060.0606527,,0.0,,
1776099060.0614166,,,0.0,0.0
1776099060.063909,,,0.0,0.0
1776099060.0652773,-1.3632723056172449,,,
1776099060.0657303,,0.0,,
1776099060.0663967,,,0.0,0.0
1776099060.0688975,,,0.0,0.0
1776099060.0702915,-1.366691517405874,,,
1776099060.070639,,0.0,,
1776099060.0714135,,,0.0,0.0
1776099060.073897,,,0.0,0.0
1776099060.075271,-1.3684973085810184,,,
1776099060.075768,,0.0,,
1776099060.0764434,,,0.0,0.0
1776099060.0789287,,,0.0,0.0
1776099060.0803185,-1.3730831124914944,,,
1776099060.080795,,0.0,,
1776099060.0813959,,,0.0,0.0
1776099060.0839021,,,0.0,0.0
1776099060.085276,-1.3772150830284828,,,
1776099060.0856318,,0.0,,
1776099060.0863843,,,0.0,0.0
1776099060.088893,,,0.0,0.0
1776099060.090718,-1.37840496100649,,,
1776099060.0909495,,0.0,,
1776099060.091426,,,0.0,0.0
1776099060.09389,,,0.0,0.0
1776099060.095335,-1.3670720708872062,,,
1776099060.0956461,,0.0,,
1776099060.0963762,,,0.0,0.0
1776099060.098882,,,0.0,0.0
1776099060.1002865,-1.3586031886352214,,,
1776099060.1006165,,0.0,,
1776099060.1013627,,,0.0,0.0
1776099060.1039739,,,0.0,0.0
1776099060.1052582,-1.354623354105232,,,
1776099060.1056128,,0.0,,
1776099060.1063952,,,0.0,0.0
1776099060.108901,,,0.0,0.0
1776099060.1102703,-1.3516498402955628,,,
1776099060.1107397,,0.0,,
1776099060.111396,,,0.0,0.0
1776099060.1139681,,,0.0,0.0
1776099060.1156893,-1.3489050750505756,,,
1776099060.115984,,0.0,,
1776099060.1163998,,,0.0,0.0
1776099060.1189039,,,0.0,0.0
1776099060.1203008,-1.3464999312371033,,,
1776099060.1207178,,0.0,,
1776099060.1214046,,,0.0,0.0
1776099060.123919,,,0.0,0.0
1776099060.1256974,-1.3455503155148674,,,
1776099060.126221,,0.0,,
1776099060.126664,,,0.0,0.0
1776099060.1289072,,,0.0,0.0
1776099060.1302738,-1.3448498889795233,,,
1776099060.1306458,,0.0,,
1776099060.1313913,,,0.0,0.0
1776099060.133909,,,0.0,0.0
1776099060.135735,-1.3445849767937537,,,
1776099060.1362052,,0.0,,
1776099060.1365523,,,0.0,0.0
1776099060.1389308,,,0.0,0.0
1776099060.1403048,-1.3453963737017836,,,
1776099060.140662,,0.0,,
1776099060.1413932,,,0.0,0.0
1776099060.1438873,,,0.0,0.0
1776099060.1452508,-1.3464809674733258,,,
1776099060.1456497,,0.0,,
1776099060.1463892,,,0.0,0.0
1776099060.1488955,,,0.0,0.0
1776099060.1503386,-1.3478487732835136,,,
1776099060.1506839,,0.0,,
1776099060.1513987,,,0.0,0.0
1776099060.1538947,,,0.0,0.0
1776099060.1553626,-1.349491800325023,,,
1776099060.1555462,,0.0,,
1776099060.1563838,,,0.0,0.0
1776099060.1588888,,,0.0,0.0
1776099060.1602788,-1.3508230235125167,,,
1776099060.1605814,,0.0,,
1776099060.161385,,,0.0,0.0
1776099060.1638906,,,0.0,0.0
1776099060.1652598,-1.3518122140160955,,,
1776099060.1656716,,0.0,,
1776099060.1663978,,,0.0,0.0
1776099060.1689022,,,0.0,0.0
1776099060.170214,-1.352563511706739,,,
1776099060.170682,,0.0,,
1776099060.171401,,,0.0,0.0
1776099060.1739113,,,0.0,0.0
1776099060.175263,-1.3527684810765759,,,
1776099060.1754742,,0.0,,
1776099060.1763659,,,0.0,0.0
1776099060.1790159,,,0.0,0.0
1776099060.1807277,-1.3528230136209427,,,
1776099060.1811388,,0.0,,
1776099060.1815581,,,0.0,0.0
1776099060.18391,,,0.0,0.0
1776099060.185378,-1.3529374508006113,,,
1776099060.185607,,0.0,,
1776099060.1863902,,,0.0,0.0
1776099060.188944,,,0.0,0.0
1776099060.190254,-1.3531327324776747,,,
1776099060.1905966,,0.0,,
1776099060.1913853,,,0.0,0.0
1776099060.1938844,,,0.0,0.0
1776099060.195456,-1.3533036568330945,,,
1776099060.1961198,,0.0,,
1776099060.1965592,,,0.0,0.0
1776099060.198897,,,0.0,0.0
1776099060.200157,-1.3533959230837402,,,
1776099060.2005327,,0.0,,
1776099060.201397,,,0.0,0.0
1776099060.2039325,,,0.0,0.0
1776099060.2054343,-1.3531973664265409,,,
1776099060.2058046,,0.0,,
1776099060.2063925,,,0.0,0.0
1776099060.208904,,,0.0,0.0
1776099060.210389,-1.35273711543914,,,
1776099060.2108052,,0.0,,
1776099060.2113957,,,0.0,0.0
1776099060.2139022,,,0.0,0.0
1776099060.2154436,-1.3521170239578377,,,
1776099060.215925,,0.0,,
1776099060.2164,,,0.0,0.0
1776099060.2189243,,,0.0,0.0
1776099060.2203014,-1.3513282711360877,,,
1776099060.2206745,,0.0,,
1776099060.2213929,,,0.0,0.0
1776099060.223891,,,0.0,0.0
1776099060.2252994,-1.3506891604258622,,,
1776099060.2257645,,0.0,,
1776099060.226397,,,0.0,0.0
1776099060.2289078,,,0.0,0.0
1776099060.230335,-1.3502399398596414,,,
1776099060.2307348,,0.0,,
1776099060.231401,,,0.0,0.0
1776099060.2339444,,,0.0,0.0
1776099060.2352974,-1.3499660779004634,,,
1776099060.2357767,,0.0,,
1776099060.2363951,,,0.0,0.0
1776099060.2389019,,,0.0,0.0
1776099060.2403064,-1.3498117732984518,,,
1776099060.240857,,0.0,,
1776099060.2414124,,,0.0,0.0
1776099060.2439165,,,0.0,0.0
1776099060.2453094,-1.3499135086574925,,,
1776099060.2456815,,0.0,,
1776099060.2463858,,,0.0,0.0
1776099060.248887,,,0.0,0.0
1776099060.2502432,-1.35011115145799,,,
1776099060.2505794,,0.0,,
1776099060.251511,,,0.0,0.0
1776099060.2538974,,,0.0,0.0
1776099060.2552295,-1.3503989042485405,,,
1776099060.2556715,,0.0,,
1776099060.2563834,,,0.0,0.0
1776099060.2589653,,,0.0,0.0
1776099060.2603962,-1.350703513657763,,,
1776099060.260855,,0.0,,
1776099060.2614071,,,0.0,0.0
1776099060.2638888,,,0.0,0.0
1776099060.2652907,-1.3510434459632379,,,
1776099060.265744,,0.0,,
1776099060.2663796,,,0.0,0.0
1776099060.2688816,,,0.0,0.0
1776099060.2702186,-1.3512304546144371,,,
1776099060.270558,,0.0,,
1776099060.2713904,,,0.0,0.0
1776099060.273887,,,0.0,0.0
1776099060.2752807,-1.35135984137014,,,
1776099060.275473,,0.0,,
1776099060.2764053,,,0.0,0.0
1776099060.2789152,,,0.0,0.0
1776099060.2802694,-1.3514428836999972,,,
1776099060.280621,,0.0,,
1776099060.281391,,,0.0,0.0
1776099060.2839143,,,0.0,0.0
1776099060.2853465,-1.3515232493896652,,,
1776099060.2857041,,0.0,,
1776099060.2863953,,,0.0,0.0
1776099060.2889092,,,0.0,0.0
1776099060.2903037,-1.3514973144207492,,,
1776099060.2906718,,0.0,,
1776099060.2913952,,,0.0,0.0
1776099060.293901,,,0.0,0.0
1776099060.2952983,-1.3514406315637333,,,
1776099060.295651,,0.0,,
1776099060.2963881,,,0.0,0.0
1776099060.298894,,,0.0,0.0
1776099060.300254,-1.3512748557175183,,,
1776099060.3005955,,0.0,,
1776099060.3013926,,,0.0,0.0
1776099060.3039021,,,0.0,0.0
1776099060.3052475,-1.3510105735413447,,,
1776099060.3055673,,0.0,,
1776099060.306386,,,0.0,0.0
1776099060.3088934,,,0.0,0.0
1776099060.3102288,-1.3507416960358212,,,
1776099060.310697,,0.0,,
1776099060.3113966,,,0.0,0.0
1776099060.3138933,,,0.0,0.0
1776099060.3156114,-1.3505380158760998,,,
1776099060.315935,,0.0,,
1776099060.3163822,,,0.0,0.0
1776099060.3188832,,,0.0,0.0
1776099060.320635,-1.350452539316426,,,
1776099060.3209481,,0.0,,
1776099060.3213887,,,0.0,0.0
1776099060.3238811,,,0.0,0.0
1776099060.3253822,-1.3504720044066856,,,
1776099060.3257172,,0.0,,
1776099060.3263614,,,0.0,0.0
1776099060.328899,,,0.0,0.0
1776099060.3304205,-1.3505041143491272,,,
1776099060.3307667,,0.0,,
1776099060.3313956,,,0.0,0.0
1776099060.33391,,,0.0,0.0
1776099060.3355598,-1.3504882178413913,,,
1776099060.3361218,,0.0,,
1776099060.3364725,,,0.0,0.0
1776099060.338934,,,0.0,0.0
1776099060.3402548,-1.3505027057721761,,,
1776099060.3405924,,0.0,,
1776099060.3413851,,,0.0,0.0
1776099060.343888,,,0.0,0.0
1776099060.3452988,-1.350527199861903,,,
1776099060.3455577,,0.0,,
1776099060.346397,,,0.0,0.0
1776099060.3489087,,,0.0,0.0
1776099060.3502572,-1.3505275028684982,,,
1776099060.350607,,0.0,,
1776099060.3513951,,,0.0,0.0
1776099060.3539128,,,0.0,0.0
1776099060.355273,-1.350627324835776,,,
1776099060.355738,,0.0,,
1776099060.356396,,,0.0,0.0
1776099060.3588886,,,0.0,0.0
1776099060.3602366,-1.3507027895124215,,,
1776099060.3605545,,0.0,,
1776099060.3614073,,,0.0,0.0
1776099060.3638952,,,0.0,0.0
1776099060.3652914,-1.3507547721783502,,,
1776099060.3658948,,0.0,,
1776099060.3663964,,,0.0,0.0
1776099060.3688924,,,0.0,0.0
1776099060.3702154,-1.3507673795758666,,,
1776099060.3705568,,0.0,,
1776099060.3713832,,,0.0,0.0
1776099060.3738873,,,0.0,0.0
1776099060.3752704,-1.3506882820321207,,,
1776099060.3756204,,0.0,,
1776099060.3763852,,,0.0,0.0
1776099060.378878,,,0.0,0.0
1776099060.3802605,-1.350626147709514,,,
1776099060.3805969,,0.0,,
1776099060.381383,,,0.0,0.0
1776099060.3838859,,,0.0,0.0
1776099060.3852227,-1.3505691762581804,,,
1776099060.3857317,,0.0,,
1776099060.3863747,,,0.0,0.0
1776099060.3889089,,,0.0,0.0
1776099060.3902647,-1.350418708744505,,,
1776099060.3906534,,0.0,,
1776099060.3914118,,,0.0,0.0
1776099060.3939235,,,0.0,0.0
1776099060.3953137,-1.3501829243294843,,,
1776099060.3958046,,0.0,,
1776099060.3963969,,,0.0,0.0
1776099060.3988743,,,0.0,0.0
1776099060.4003296,-1.3501772803097438,,,
1776099060.4009287,,0.0,,
1776099060.4014015,,,0.0,0.0
1776099060.4038956,,,0.0,0.0
1776099060.4052794,-1.3500501985725943,,,
1776099060.4057102,,0.0,,
1776099060.406377,,,0.0,0.0
1776099060.4088836,,,0.0,0.0
1776099060.4102328,-1.3499561190004672,,,
1776099060.4105499,,0.0,,
1776099060.4113767,,,0.0,0.0
1776099060.413881,,,0.0,0.0
1776099060.415211,-1.3500040989068947,,,
1776099060.4155562,,0.0,,
1776099060.4163861,,,0.0,0.0
1776099060.418936,,,0.0,0.0
1776099060.4203181,-1.3501871735104292,,,
1776099060.420827,,0.0,,
1776099060.4214387,,,0.0,0.0
1776099060.423939,,,0.0,0.0
1776099060.4255078,-1.3502261061956558,,,
1776099060.426186,,0.0,,
1776099060.4266005,,,0.0,0.0
1776099060.4288917,,,0.0,0.0
1776099060.430316,-1.350341213344963,,,
1776099060.4306529,,0.0,,
1776099060.4313755,,,0.0,0.0
1776099060.433892,,,0.0,0.0
1776099060.435264,-1.3505091071820867,,,
1776099060.4355319,,0.0,,
1776099060.4364135,,,0.0,0.0
1776099060.4389086,,,0.0,0.0
1776099060.4406114,-1.3507425776327295,,,
1776099060.440918,,0.0,,
1776099060.4413884,,,0.0,0.0
1776099060.443893,,,0.0,0.0
1776099060.4452453,-1.3508156980900767,,,
1776099060.4456453,,0.0,,
1776099060.4463956,,,0.0,0.0
1776099060.4489172,,,0.0,0.0
1776099060.450295,-1.3508956784970059,,,
1776099060.4506528,,0.0,,
1776099060.451428,,,0.0,0.0
1776099060.453926,,,0.0,0.0
1776099060.455343,-1.3509025634937841,,,
1776099060.4556923,,0.0,,
1776099060.456394,,,0.0,0.0
1776099060.458901,,,0.0,0.0
1776099060.4602742,-1.3508296047466577,,,
1776099060.4606216,,0.0,,
1776099060.4613888,,,0.0,0.0
1776099060.463907,,,0.0,0.0
1776099060.465311,-1.3506380175959325,,,
1776099060.4657192,,0.0,,
1776099060.4664018,,,0.0,0.0
1776099060.4688957,,,0.0,0.0
1776099060.4702337,-1.3505364642935127,,,
1776099060.4708078,,0.0,,
1776099060.4713824,,,0.0,0.0
1776099060.4738832,,,0.0,0.0
1776099060.4752624,-1.3503703637368307,,,
1776099060.4757383,,0.0,,
1776099060.4763858,,,0.0,0.0
1776099060.4788883,,,0.0,0.0
1776099060.4802892,-1.3503004074610083,,,
1776099060.4806783,,0.0,,
1776099060.4814124,,,0.0,0.0
1776099060.483919,,,0.0,0.0
1776099060.4853184,-1.3502845332362001,,,
1776099060.4856992,,0.0,,
1776099060.4863832,,,0.0,0.0
1776099060.4889057,,,0.0,0.0
1776099060.4902823,-1.3501734339239944,,,
1776099060.4906504,,0.0,,
1776099060.4913983,,,0.0,0.0
1776099060.4939067,,,0.0,0.0
1776099060.4952672,-1.3500958078824559,,,
1776099060.495626,,0.0,,
1776099060.4964695,,,0.0,0.0
1776099060.498888,,,0.0,0.0
1776099060.500234,-1.3500816264731483,,,
1776099060.5005934,,0.0,,
1776099060.501374,,,0.0,0.0
1776099060.503891,,,0.0,0.0
1776099060.5052207,-1.3499722425273009,,,
1776099060.5056024,,0.0,,
1776099060.5063748,,,0.0,0.0
1776099060.5089002,,,0.0,0.0
1776099060.510353,-1.3498880043460881,,,
1776099060.5106988,,0.0,,
1776099060.5113962,,,0.0,0.0
1776099060.513919,,,0.0,0.0
1776099060.515237,-1.3499100043446488,,,
1776099060.5155845,,0.0,,
1776099060.5163965,,,0.0,0.0
1776099060.5189106,,,0.0,0.0
1776099060.5203795,-1.3498534610425252,,,
1776099060.5208492,,0.0,,
1776099060.5213869,,,0.0,0.0
1776099060.5239031,,,0.0,0.0
1776099060.525251,-1.3498644804556628,,,
1776099060.52575,,0.0,,
1776099060.5264122,,,0.0,0.0
1776099060.5288935,,,0.0,0.0
1776099060.5302804,-1.3499405053754756,,,
1776099060.530922,,0.0,,
1776099060.5313995,,,0.0,0.0
1776099060.5338986,,,0.0,0.0
1776099060.5354462,-1.3498841619502586,,,
1776099060.535831,,0.0,,
1776099060.5364366,,,0.0,0.0
1776099060.5389068,,,0.0,0.0
1776099060.5403688,-1.3499005693444424,,,
1776099060.5408695,,0.0,,
1776099060.5414033,,,0.0,0.0
1776099060.5439188,,,0.0,0.0
1776099060.5452387,-1.3499792632830347,,,
1776099060.545612,,0.0,,
1776099060.5463774,,,0.0,0.0
1776099060.5488772,,,0.0,0.0
1776099060.5504236,-1.3499940335581455,,,
1776099060.5507796,,0.0,,
1776099060.5513883,,,0.0,0.0
1776099060.5538847,,,0.0,0.0
1776099060.55531,-1.3500544133412824,,,
1776099060.5555277,,0.0,,
1776099060.5563722,,,0.0,0.0
1776099060.5589066,,,0.0,0.0
1776099060.5603392,-1.350150496469996,,,
1776099060.560578,,0.0,,
1776099060.5614052,,,0.0,0.0
1776099060.5639136,,,0.0,0.0
1776099060.565306,-1.350056726665203,,,
1776099060.5656269,,0.0,,
1776099060.566397,,,0.0,0.0
1776099060.568918,,,0.0,0.0
1776099060.5702364,-1.3500262263156395,,,
1776099060.5707076,,0.0,,
1776099060.5714166,,,0.0,0.0
1776099060.5739317,,,0.0,0.0
1776099060.576626,-1.3500221718193601,,,
1776099060.5767028,,0.0,,
1776099060.5767365,,,0.0,0.0
1776099060.5789347,,,0.0,0.0
1776099060.5802898,-1.3498815796522394,,,
1776099060.5805552,,0.0,,
1776099060.5813904,,,0.0,0.0
1776099060.5838592,,,0.0,0.0
1776099060.585249,-1.3498032587897446,,,
1776099060.585847,,0.0,,
1776099060.586387,,,0.0,0.0
1776099060.5888903,,,0.0,0.0
1776099060.5902655,-1.3498425361368878,,,
1776099060.5906901,,0.0,,
1776099060.5913825,,,0.0,0.0
1776099060.5938919,,,0.0,0.0
1776099060.595251,-1.3497360478270908,,,
1776099060.5956662,,0.0,,
1776099060.596384,,,0.0,0.0
1776099060.5989218,,,0.0,0.0
1776099060.6002479,-1.3496923129435532,,,
1776099060.6006234,,0.0,,
1776099060.6014247,,,0.0,0.0
1776099060.6039321,,,0.0,0.0
1776099060.6052198,-1.3497619043972793,,,
1776099060.6056244,,0.0,,
1776099060.6063974,,,0.0,0.0
1776099060.608917,,,0.0,0.0
1776099060.610284,-1.3496849183410426,,,
1776099060.6107023,,0.0,,
1776099060.6113794,,,0.0,0.0
1776099060.6138856,,,0.0,0.0
1776099060.6152456,-1.3495407005657214,,,
1776099060.6155965,,0.0,,
1776099060.6163843,,,0.0,0.0
1776099060.6189601,,,0.0,0.0
1776099060.6203032,-1.3495883104868969,,,
1776099060.620638,,0.0,,
1776099060.6213958,,,0.0,0.0
1776099060.6239088,,,0.0,0.0
1776099060.625277,-1.3495889071250637,,,
1776099060.6257486,,0.0,,
1776099060.6263995,,,0.0,0.0
1776099060.6289048,,,0.0,0.0
1776099060.6303506,-1.3495006848960227,,,
1776099060.6307044,,0.0,,
1776099060.6313894,,,0.0,0.0
1776099060.633889,,,0.0,0.0
1776099060.6352594,-1.3495519980430855,,,
1776099060.6355999,,0.0,,
1776099060.6363714,,,0.0,0.0
1776099060.6389081,,,0.0,0.0
1776099060.640214,-1.3496663771303912,,,
1776099060.6408615,,0.0,,
1776099060.6413703,,,0.0,0.0
1776099060.6438832,,,0.0,0.0
1776099060.6453846,-1.3496872992286622,,,
1776099060.6457605,,0.0,,
1776099060.6463716,,,0.0,0.0
1776099060.6488833,,,0.0,0.0
1776099060.6503701,-1.349654939618253,,,
1776099060.6508665,,0.0,,
1776099060.6514194,,,0.0,0.0
1776099060.653923,,,0.0,0.0
1776099060.6554763,-1.3496868937752542,,,
1776099060.6557019,,0.0,,
1776099060.656401,,,0.0,0.0
1776099060.658924,,,0.0,0.0
1776099060.6603162,-1.3498592306845547,,,
1776099060.660557,,0.0,,
1776099060.6614063,,,0.0,0.0
1776099060.6639125,,,0.0,0.0
1776099060.665287,-1.350125872021623,,,
1776099060.6655586,,0.0,,
1776099060.6663857,,,0.0,0.0
1776099060.6688967,,,0.0,0.0
1776099060.670329,-1.3503567631824414,,,
1776099060.670961,,0.0,,
1776099060.671389,,,0.0,0.0
1776099060.6739194,,,0.0,0.0
1776099060.6753073,-1.350693480661546,,,
1776099060.6756558,,0.0,,
1776099060.676407,,,0.0,0.0
1776099060.6790545,,,0.0,0.0
1776099060.680739,-1.3509753787991914,,,
1776099060.6812792,,0.0,,
1776099060.6819587,,,0.0,0.0
1776099060.6839244,,,0.0,0.0
1776099060.6855612,-1.3510734646970997,,,
1776099060.6860018,,0.0,,
1776099060.6864374,,,0.0,0.0
1776099060.6889164,,,0.0,0.0
1776099060.6903512,-1.3510070995228134,,,
1776099060.6907797,,0.0,,
1776099060.6914043,,,0.0,0.0
1776099060.693912,,,0.0,0.0
1776099060.6953056,-1.3510306269389618,,,
1776099060.6957974,,0.0,,
1776099060.6963913,,,0.0,0.0
1776099060.6989057,,,0.0,0.0
1776099060.7002938,-1.3508887325252334,,,
1776099060.7007535,,0.0,,
1776099060.7013774,,,0.0,0.0
1776099060.703969,,,0.0,0.0
1776099060.7052846,-1.350803928402133,,,
1776099060.7056994,,0.0,,
1776099060.7063823,,,0.0,0.0
1776099060.7088823,,,0.0,0.0
1776099060.7101862,-1.3507692215373184,,,
1776099060.710471,,0.0,,
1776099060.7113972,,,0.0,0.0
1776099060.7139025,,,0.0,0.0
1776099060.7157953,-1.3507529866840493,,,
1776099060.7161047,,0.0,,
1776099060.7165558,,,0.0,0.0
1776099060.7189236,,,0.0,0.0
1776099060.7202861,-1.3506505021929325,,,
1776099060.7206452,,0.0,,
1776099060.7214224,,,0.0,0.0
1776099060.723927,,,0.0,0.0
1776099060.7252169,-1.3506943964217428,,,
1776099060.7256596,,0.0,,
1776099060.7263913,,,0.0,0.0
1776099060.728921,,,0.0,0.0
1776099060.7303574,-1.3507134918473978,,,
1776099060.7307081,,0.0,,
1776099060.7313912,,,0.0,0.0
1776099060.7338872,,,0.0,0.0
1776099060.7352479,-1.3507522154330618,,,
1776099060.735563,,0.0,,
1776099060.736379,,,0.0,0.0
1776099060.7389019,,,0.0,0.0
1776099060.7402842,-1.3508694652334787,,,
1776099060.7406223,,0.0,,
1776099060.741412,,,0.0,0.0
1776099060.7439122,,,0.0,0.0
1776099060.7452545,-1.3509084256415855,,,
1776099060.7456396,,0.0,,
1776099060.7464674,,,0.0,0.0
1776099060.7489858,,,0.0,0.0
1776099060.7503643,-1.3508279195660804,,,
1776099060.750977,,0.0,,
1776099060.7514417,,,0.0,0.0
1776099060.7539062,,,0.0,0.0
1776099060.7552242,-1.350808495357955,,,
1776099060.7555528,,0.0,,
1776099060.7563577,,,0.0,0.0
1776099060.7588854,,,0.0,0.0
1776099060.7604496,-1.3508322712649024,,,
1776099060.7607856,,0.0,,
1776099060.7613666,,,0.0,0.0
1776099060.7638903,,,0.0,0.0
1776099060.7653153,-1.3507915352884126,,,
1776099060.7656825,,0.0,,
1776099060.7663956,,,0.0,0.0
1776099060.7688954,,,0.0,0.0
1776099060.7703092,-1.3507117598939693,,,
1776099060.770745,,0.0,,
1776099060.77141,,,0.0,0.0
1776099060.7738981,,,0.0,0.0
1776099060.7752514,-1.3506811013478368,,,
1776099060.77569,,0.0,,
1776099060.7763994,,,0.0,0.0
1776099060.7789156,,,0.0,0.0
1776099060.7802835,-1.3505892398523707,,,
1776099060.7806299,,0.0,,
1776099060.7814245,,,0.0,0.0
1776099060.7839286,,,0.0,0.0
1776099060.7853005,-1.3504888398679118,,,
1776099060.7857485,,0.0,,
1776099060.786404,,,0.0,0.0
1776099060.7890077,,,0.0,0.0
1776099060.7905045,-1.3504115159003798,,,
1776099060.7910604,,0.0,,
1776099060.7917092,,,0.0,0.0
1776099060.793906,,,0.0,0.0
1776099060.7952697,-1.35034240668687,,,
1776099060.7956264,,0.0,,
1776099060.7963789,,,0.0,0.0
1776099060.7988875,,,0.0,0.0
1776099060.8002214,-1.3503643571593675,,,
1776099060.8005562,,0.0,,
1776099060.801375,,,0.0,0.0
1776099060.8038852,,,0.0,0.0
1776099060.8053393,-1.3504277158127385,,,
1776099060.8056629,,0.0,,
1776099060.8063757,,,0.0,0.0
1776099060.8088806,,,0.0,0.0
1776099060.810167,-1.3504863379838488,,,
1776099060.8107703,,0.0,,
1776099060.8113956,,,0.0,0.0
1776099060.8139362,,,0.0,0.0
1776099060.8154395,-1.35044261394848,,,
1776099060.8159978,,0.0,,
1776099060.816405,,,0.0,0.0
1776099060.8189282,,,0.0,0.0
1776099060.8203077,-1.3504628766180415,,,
1776099060.8206694,,0.0,,
1776099060.8214025,,,0.0,0.0
1776099060.823882,,,0.0,0.0
1776099060.8251915,-1.3504015711857278,,,
1776099060.8256624,,0.0,,
1776099060.8263786,,,0.0,0.0
1776099060.8288875,,,0.0,0.0
1776099060.8302207,-1.3504444815016527,,,
1776099060.8306198,,0.0,,
1776099060.8313766,,,0.0,0.0
1776099060.8338892,,,0.0,0.0
1776099060.8352358,-1.3504591590084845,,,
1776099060.8354402,,0.0,,
1776099060.836385,,,0.0,0.0
1776099060.8389075,,,0.0,0.0
1776099060.8402395,-1.3505403662265503,,,
1776099060.8406165,,0.0,,
1776099060.8414047,,,0.0,0.0
1776099060.8439043,,,0.0,0.0
1776099060.8456676,-1.3505546801321382,,,
1776099060.8459868,,0.0,,
1776099060.846401,,,0.0,0.0
1776099060.848895,,,0.0,0.0
1776099060.8502572,-1.3506221308134785,,,
1776099060.85068,,0.0,,
1776099060.8513792,,,0.0,0.0
1776099060.8539166,,,0.0,0.0
1776099060.8552544,-1.350561221685356,,,
1776099060.8555942,,0.0,,
1776099060.856416,,,0.0,0.0
1776099060.8589146,,,0.0,0.0
1776099060.8602867,-1.3504676400049909,,,
1776099060.8607821,,0.0,,
1776099060.861398,,,0.0,0.0
1776099060.8639145,,,0.0,0.0
1776099060.8652637,-1.3504627806270681,,,
1776099060.865893,,0.0,,
1776099060.86642,,,0.0,0.0
1776099060.8689156,,,0.0,0.0
1776099060.8702998,-1.3505628278187993,,,
1776099060.8706973,,0.0,,
1776099060.8714204,,,0.0,0.0
1776099060.873914,,,0.0,0.0
1776099060.8753211,-1.3505312950919566,,,
1776099060.8756735,,0.0,,
1776099060.8763785,,,0.0,0.0
1776099060.878895,,,0.0,0.0
1776099060.8802319,-1.3504668403482691,,,
1776099060.880598,,0.0,,
1776099060.8813775,,,0.0,0.0
1776099060.8838973,,,0.0,0.0
1776099060.885261,-1.3503473773163865,,,
1776099060.8855739,,0.0,,
1776099060.886396,,,0.0,0.0
1776099060.8888948,,,0.0,0.0
1776099060.8902423,-1.3501624399549625,,,
1776099060.8905554,,0.0,,
1776099060.8913887,,,0.0,0.0
1776099060.8938913,,,0.0,0.0
1776099060.8952382,-1.3499428871067074,,,
1776099060.8955488,,0.0,,
1776099060.8963766,,,0.0,0.0
1776099060.8989067,,,0.0,0.0
1776099060.900248,-1.3497920695089725,,,
1776099060.9008417,,0.0,,
1776099060.901412,,,0.0,0.0
1776099060.903901,,,0.0,0.0
1776099060.9053452,-1.3497102788048292,,,
1776099060.9056797,,0.0,,
1776099060.9063914,,,0.0,0.0
1776099060.9088964,,,0.0,0.0
1776099060.9104028,-1.3497433711277125,,,
1776099060.9110017,,0.0,,
1776099060.911416,,,0.0,0.0
1776099060.913898,,,0.0,0.0
1776099060.9153273,-1.3497868723845654,,,
1776099060.915701,,0.0,,
1776099060.9163804,,,0.0,0.0
1776099060.9188843,,,0.0,0.0
1776099060.9213283,-1.3498638942575867,,,
1776099060.9220316,,,0.0,0.0
1776099060.9232738,,0.0,,
1776099060.9239035,,,0.0,0.0
1776099060.9252744,-1.349885822803889,,,
1776099060.9255705,,0.0,,
1776099060.9263873,,,0.0,0.0
1776099060.9288995,,,0.0,0.0
1776099060.9302506,-1.3498138887828,,,
1776099060.930593,,0.0,,
1776099060.9314005,,,0.0,0.0
1776099060.933895,,,0.0,0.0
1776099060.9352517,-1.3497532032734099,,,
1776099060.9355812,,0.0,,
1776099060.936385,,,0.0,0.0
1776099060.938887,,,0.0,0.0
1776099060.9403713,-1.3496976076858036,,,
1776099060.940737,,0.0,,
1776099060.9413795,,,0.0,0.0
1776099060.943898,,,0.0,0.0
1776099060.945247,-1.3496925771690134,,,
1776099060.9456038,,0.0,,
1776099060.9463966,,,0.0,0.0
1776099060.9489055,,,0.0,0.0
1776099060.9503002,-1.3497394201813777,,,
1776099060.9506457,,0.0,,
1776099060.9513953,,,0.0,0.0
1776099060.9539852,,,0.0,0.0
1776099060.9552639,-1.3498773928676153,,,
1776099060.955602,,0.0,,
1776099060.9563777,,,0.0,0.0
1776099060.9589076,,,0.0,0.0
1776099060.96057,-1.3498817700942642,,,
1776099060.9608388,,0.0,,
1776099060.961416,,,0.0,0.0
1776099060.9639134,,,0.0,0.0
1776099060.9652693,-1.3498506457683597,,,
1776099060.9656317,,0.0,,
1776099060.9663985,,,0.0,0.0
1776099060.9689267,,,0.0,0.0
1776099060.9717283,-1.3497622013791586,,,
1776099060.9718308,,0.0,,
1776099060.9718523,,,0.0,0.0
1776099060.973878,,,0.0,0.0
1776099060.9752207,-1.3495753198411742,,,
1776099060.9755454,,0.0,,
1776099060.9763522,,,0.0,0.0
1776099060.9788525,,,0.0,0.0
1776099060.9804044,-1.3492938319246166,,,
1776099060.9807596,,0.0,,
1776099060.9813502,,,0.0,0.0
1776099060.9838767,,,0.0,0.0
1776099060.9852583,-1.3491798022698351,,,
1776099060.9856522,,0.0,,
1776099060.986384,,,0.0,0.0
1776099060.98888,,,0.0,0.0
1776099060.9902356,-1.3490619032623117,,,
1776099060.990554,,0.0,,
1776099060.991396,,,0.0,0.0
1776099060.993936,,,0.0,0.0
1776099060.9953253,-1.3489393443338233,,,
1776099060.995743,,0.0,,
1776099060.9964013,,,0.0,0.0
1776099060.9989102,,,0.0,0.0
1776099061.000743,-1.3488796586765208,,,
1776099061.001076,,0.0,,
1776099061.0013993,,,0.0,0.0
1776099061.0039184,,,0.0,0.0
1776099061.0053482,-1.348938611076871,,,
1776099061.0056891,,0.0,,
1776099061.006391,,,0.0,0.0
1776099061.0089016,,,0.0,0.0
1776099061.010371,-1.348927901821882,,,
1776099061.0105329,,0.0,,
1776099061.011404,,,0.0,0.0
1776099061.0139153,,,0.0,0.0
1776099061.0152884,-1.348936046675684,,,
1776099061.0157719,,0.0,,
1776099061.0163922,,,0.0,0.0
1776099061.0189207,,,0.0,0.0
1776099061.020271,-1.348951373070459,,,
1776099061.0206206,,0.0,,
1776099061.0213912,,,0.0,0.0
1776099061.0239186,,,0.0,0.0
1776099061.0258803,-1.3490162843115558,,,
1776099061.0261815,,0.0,,
1776099061.0263839,,,0.0,0.0
1776099061.0289006,,,0.0,0.0
1776099061.0302932,-1.3489754958512064,,,
1776099061.0306003,,0.0,,
1776099061.0313761,,,0.0,0.0
1776099061.033875,,,0.0,0.0
1776099061.0352778,-1.3488898533707034,,,
1776099061.0356514,,0.0,,
1776099061.0363793,,,0.0,0.0
1776099061.038904,,,0.0,0.0
1776099061.040352,-1.348916153457952,,,
1776099061.0407758,,0.0,,
1776099061.0413737,,,0.0,0.0
1776099061.043908,,,0.0,0.0
1776099061.0453393,-1.3489732757904283,,,
1776099061.0457242,,0.0,,
1776099061.046395,,,0.0,0.0
1776099061.0489194,,,0.0,0.0
1776099061.050519,-1.349011474124237,,,
1776099061.0508459,,0.0,,
1776099061.051418,,,0.0,0.0
1776099061.0539215,,,0.0,0.0
1776099061.0555182,-1.3491501704563775,,,
1776099061.0561142,,0.0,,
1776099061.0564742,,,0.0,0.0
1776099061.0588832,,,0.0,0.0
1776099061.0601978,-1.3493120975950317,,,
1776099061.06053,,0.0,,
1776099061.0613718,,,0.0,0.0
1776099061.0638704,,,0.0,0.0
1776099061.0652297,-1.3493567927489798,,,
1776099061.0656161,,0.0,,
1776099061.0663943,,,0.0,0.0
1776099061.0688848,,,0.0,0.0
1776099061.0702233,-1.349406059185181,,,
1776099061.0705569,,0.0,,
1776099061.0713844,,,0.0,0.0
1776099061.0739048,,,0.0,0.0
1776099061.0752172,-1.349466224940096,,,
1776099061.0755558,,0.0,,
1776099061.076373,,,0.0,0.0
1776099061.0789042,,,0.0,0.0
1776099061.080391,-1.3494661568891344,,,
1776099061.0807476,,0.0,,
1776099061.0814722,,,0.0,0.0
1776099061.0839872,,,0.0,0.0
1776099061.0853837,-1.3494327932470231,,,
1776099061.0858345,,0.0,,
1776099061.0863812,,,0.0,0.0
1776099061.0888758,,,0.0,0.0
1776099061.0901837,-1.3493693786075343,,,
1776099061.0905228,,0.0,,
1776099061.0913577,,,0.0,0.0
1776099061.0938692,,,0.0,0.0
1776099061.095177,-1.3492136606907692,,,
1776099061.095754,,0.0,,
1776099061.0963664,,,0.0,0.0
1776099061.0988688,,,0.0,0.0
1776099061.1001608,-1.3490812447295453,,,
1776099061.1004376,,0.0,,
1776099061.1013606,,,0.0,0.0
1776099061.103876,,,0.0,0.0
1776099061.1052287,-1.3490561686034723,,,
1776099061.105553,,0.0,,
1776099061.1063955,,,0.0,0.0
1776099061.1089122,,,0.0,0.0
1776099061.1102736,-1.3491137006233593,,,
1776099061.1106489,,0.0,,
1776099061.1114116,,,0.0,0.0
1776099061.1139395,,,0.0,0.0
1776099061.1156526,-1.3492507684465795,,,
1776099061.1159654,,0.0,,
1776099061.1164002,,,0.0,0.0
1776099061.1188796,,,0.0,0.0
1776099061.1204038,-1.3494486083397004,,,
1776099061.1208234,,0.0,,
1776099061.1213896,,,0.0,0.0
1776099061.1238866,,,0.0,0.0
1776099061.1252854,-1.3496462439252643,,,
1776099061.125713,,0.0,,
1776099061.1263928,,,0.0,0.0
1776099061.1288683,,,0.0,0.0
1776099061.130202,-1.3497436367796585,,,
1776099061.13054,,0.0,,
1776099061.1313658,,,0.0,0.0
1776099061.1339736,,,0.0,0.0
1776099061.1352196,-1.3498554302203747,,,
1776099061.135558,,0.0,,
1776099061.1363895,,,0.0,0.0
1776099061.1389205,,,0.0,0.0
1776099061.1403255,-1.3499300176996685,,,
1776099061.1406963,,0.0,,
1776099061.1414235,,,0.0,0.0
1776099061.1439397,,,0.0,0.0
1776099061.14562,-1.3500204217834468,,,
1776099061.1459281,,0.0,,
1776099061.1464114,,,0.0,0.0
1776099061.1489048,,,0.0,0.0
1776099061.1502948,-1.350020099397781,,,
1776099061.1508243,,0.0,,
1776099061.1514025,,,0.0,0.0
1776099061.1539042,,,0.0,0.0
1776099061.155313,-1.3500145673024508,,,
1776099061.1556513,,0.0,,
1776099061.1563954,,,0.0,0.0
1776099061.1589088,,,0.0,0.0
1776099061.160472,-1.349999381494658,,,
1776099061.1608126,,0.0,,
1776099061.1613886,,,0.0,0.0
1776099061.1638963,,,0.0,0.0
1776099061.1653848,-1.3499848786056121,,,
1776099061.165623,,0.0,,
1776099061.1663823,,,0.0,0.0
1776099061.1688943,,,0.0,0.0
1776099061.1702433,-1.3499230556118602,,,
1776099061.1706715,,0.0,,
1776099061.171396,,,0.0,0.0
1776099061.1739333,,,0.0,0.0
1776099061.1753378,-1.3499843267429095,,,
1776099061.1756918,,0.0,,
1776099061.1763844,,,0.0,0.0
1776099061.1790287,,,0.0,0.0
1776099061.18054,-1.3500381660402847,,,
1776099061.1815226,,0.0,,
1776099061.1815968,,,0.0,0.0
1776099061.1838892,,,0.0,0.0
1776099061.1852832,-1.3499479371603398,,,
1776099061.1856828,,0.0,,
1776099061.1863692,,,0.0,0.0
1776099061.188878,,,0.0,0.0
1776099061.1903086,-1.3499314374745401,,,
1776099061.1907272,,0.0,,
1776099061.1913633,,,0.0,0.0
1776099061.1938818,,,0.0,0.0
1776099061.1952212,-1.3498837694516952,,,
1776099061.1955357,,0.0,,
1776099061.1964147,,,0.0,0.0
1776099061.198919,,,0.0,0.0
1776099061.2002566,-1.349850989570347,,,
1776099061.2006023,,0.0,,
1776099061.2014246,,,0.0,0.0
1776099061.2039359,,,0.0,0.0
1776099061.2055454,-1.3497937342265824,,,
1776099061.2058647,,0.0,,
1776099061.206383,,,0.0,0.0
1776099061.2088883,,,0.0,0.0
1776099061.210369,-1.3498289390140463,,,
1776099061.2107034,,0.0,,
1776099061.2113714,,,0.0,0.0
1776099061.2138813,,,0.0,0.0
1776099061.215518,-1.3498227732611914,,,
1776099061.215774,,0.0,,
1776099061.2164037,,,0.0,0.0
1776099061.2189374,,,0.0,0.0
1776099061.220555,-1.349972064542707,,,
1776099061.2208734,,0.0,,
1776099061.2214112,,,0.0,0.0
1776099061.2239113,,,0.0,0.0
1776099061.2255876,-1.3500832256868667,,,
1776099061.2261627,,0.0,,
1776099061.226547,,,0.0,0.0
1776099061.2288892,,,0.0,0.0
1776099061.2302792,-1.3502737932438698,,,
1776099061.2307699,,0.0,,
1776099061.2313979,,,0.0,0.0
1776099061.2339044,,,0.0,0.0
1776099061.2352653,-1.350430878612604,,,
1776099061.2356987,,0.0,,
1776099061.2363884,,,0.0,0.0
1776099061.2389271,,,0.0,0.0
1776099061.2402124,-1.3505292118359857,,,
1776099061.240645,,0.0,,
1776099061.2413967,,,0.0,0.0
1776099061.243888,,,0.0,0.0
1776099061.2452981,-1.3506387769087538,,,
1776099061.2456791,,0.0,,
1776099061.246401,,,0.0,0.0
1776099061.2488904,,,0.0,0.0
1776099061.2502735,-1.3507304110218852,,,
1776099061.2509358,,0.0,,
1776099061.2513998,,,0.0,0.0
1776099061.2538905,,,0.0,0.0
1776099061.255549,-1.3507212517190383,,,
1776099061.2558782,,0.0,,
1776099061.256393,,,0.0,0.0
1776099061.2589178,,,0.0,0.0
1776099061.2608516,-1.35072998429162,,,
1776099061.261419,,0.0,,
1776099061.261518,,,0.0,0.0
1776099061.2639403,,,0.0,0.0
1776099061.265649,-1.3507923285828316,,,
1776099061.265982,,0.0,,
1776099061.2663653,,,0.0,0.0
1776099061.268894,,,0.0,0.0
1776099061.2701905,-1.350823053040244,,,
1776099061.2704306,,0.0,,
1776099061.271379,,,0.0,0.0
1776099061.2738845,,,0.0,0.0
1776099061.2754014,-1.3508156655384402,,,
1776099061.2757328,,0.0,,
1776099061.2763653,,,0.0,0.0
1776099061.2788963,,,0.0,0.0
1776099061.280294,-1.3509069866129115,,,
1776099061.2806396,,0.0,,
1776099061.2813911,,,0.0,0.0
1776099061.2839081,,,0.0,0.0
1776099061.2856526,-1.3510297468343653,,,
1776099061.286019,,0.0,,
1776099061.2864163,,,0.0,0.0
1776099061.2889144,,,0.0,0.0
1776099061.2902846,-1.3511363988191976,,,
1776099061.29065,,0.0,,
1776099061.2914202,,,0.0,0.0
1776099061.2939107,,,0.0,0.0
1776099061.2954388,-1.351175092846129,,,
1776099061.2958105,,0.0,,
1776099061.2964025,,,0.0,0.0
1776099061.2988863,,,0.0,0.0
1776099061.3007007,-1.3511956501378737,,,
1776099061.3010035,,0.0,,
1776099061.3013968,,,0.0,0.0
1776099061.3038826,,,0.0,0.0
1776099061.305245,-1.3511771316071473,,,
1776099061.305626,,0.0,,
1776099061.3063772,,,0.0,0.0
1776099061.3089135,,,0.0,0.0
1776099061.3103437,-1.351140626096583,,,
1776099061.3107462,,0.0,,
1776099061.311396,,,0.0,0.0
1776099061.313901,,,0.0,0.0
1776099061.3153112,-1.3511607324592823,,,
1776099061.3156698,,0.0,,
1776099061.316388,,,0.0,0.0
1776099061.3188891,,,0.0,0.0
1776099061.3206441,-1.3510881927040619,,,
1776099061.3210337,,0.0,,
1776099061.3214183,,,0.0,0.0
1776099061.323908,,,0.0,0.0
1776099061.3252635,-1.3510768674169285,,,
1776099061.3256037,,0.0,,
1776099061.3263762,,,0.0,0.0
1776099061.3288918,,,0.0,0.0
1776099061.3303196,-1.3510875158620266,,,
1776099061.3307061,,0.0,,
1776099061.33136,,,0.0,0.0
1776099061.333861,,,0.0,0.0
1776099061.3353298,-1.3510290682072166,,,
1776099061.3356664,,0.0,,
1776099061.3363605,,,0.0,0.0
1776099061.3389106,,,0.0,0.0
1776099061.340291,-1.35087411346981,,,
1776099061.3407857,,0.0,,
1776099061.341407,,,0.0,0.0
1776099061.3439102,,,0.0,0.0
1776099061.345471,-1.3507903606794205,,,
1776099061.3458707,,0.0,,
1776099061.3464198,,,0.0,0.0
1776099061.348903,,,0.0,0.0
1776099061.3504615,-1.3507567118699062,,,
1776099061.3508508,,0.0,,
1776099061.351462,,,0.0,0.0
1776099061.3539095,,,0.0,0.0
1776099061.3552558,-1.3507066292143717,,,
1776099061.3556461,,0.0,,
1776099061.3563914,,,0.0,0.0
1776099061.3588881,,,0.0,0.0
1776099061.360317,-1.350751169102801,,,
1776099061.3607454,,0.0,,
1776099061.3613727,,,0.0,0.0
1776099061.3638842,,,0.0,0.0
1776099061.365261,-1.3508401629386022,,,
1776099061.3656054,,0.0,,
1776099061.3663857,,,0.0,0.0
1776099061.3688881,,,0.0,0.0
1776099061.3702195,-1.3510282202265083,,,
1776099061.3705347,,0.0,,
1776099061.3713818,,,0.0,0.0
1776099061.3738797,,,0.0,0.0
1776099061.375224,-1.3511513715122812,,,
1776099061.3755558,,0.0,,
1776099061.3763797,,,0.0,0.0
1776099061.378917,,,0.0,0.0
1776099061.3803492,-1.3512283584389246,,,
1776099061.38079,,0.0,,
1776099061.381422,,,0.0,0.0
1776099061.3839293,,,0.0,0.0
1776099061.3852518,-1.3512377608856283,,,
1776099061.3856578,,0.0,,
1776099061.3864136,,,0.0,0.0
1776099061.38891,,,0.0,0.0
1776099061.3903437,-1.3512882465100566,,,
1776099061.3906953,,0.0,,
1776099061.3913915,,,0.0,0.0
1776099061.393892,,,0.0,0.0
1776099061.395408,-1.351263071172911,,,
1776099061.3956783,,0.0,,
1776099061.3964083,,,0.0,0.0
1776099061.3988872,,,0.0,0.0
1776099061.4003644,-1.3512699882512926,,,
1776099061.400713,,0.0,,
1776099061.4013832,,,0.0,0.0
1776099061.4038873,,,0.0,0.0
1776099061.4052217,-1.3514154230872726,,,
1776099061.4055336,,0.0,,
1776099061.4063802,,,0.0,0.0
1776099061.408913,,,0.0,0.0
1776099061.410253,-1.3515560429930622,,,
1776099061.410622,,0.0,,
1776099061.411429,,,0.0,0.0
1776099061.413933,,,0.0,0.0
1776099061.4155703,-1.3516973795437424,,,
1776099061.4160714,,0.0,,
1776099061.416518,,,0.0,0.0
1776099061.4189258,,,0.0,0.0
1776099061.42025,-1.3518007685780855,,,
1776099061.420727,,0.0,,
1776099061.421408,,,0.0,0.0
1776099061.4238958,,,0.0,0.0
1776099061.425431,-1.3518696146852256,,,
1776099061.425795,,0.0,,
1776099061.426381,,,0.0,0.0
1776099061.4288638,,,0.0,0.0
1776099061.4301827,-1.3518416494965995,,,
1776099061.430604,,0.0,,
1776099061.4313636,,,0.0,0.0
1776099061.43387,,,0.0,0.0
1776099061.4352012,-1.3518890110766788,,,
1776099061.4356294,,0.0,,
1776099061.436362,,,0.0,0.0
1776099061.4388924,,,0.0,0.0
1776099061.4401963,-1.3518296944356571,,,
1776099061.4406266,,0.0,,
1776099061.4413772,,,0.0,0.0
1776099061.4438834,,,0.0,0.0
1776099061.4452286,-1.3518019851479695,,,
1776099061.445798,,0.0,,
1776099061.4463837,,,0.0,0.0
1776099061.4489017,,,0.0,0.0
1776099061.4502666,-1.3517569652457624,,,
1776099061.4506173,,0.0,,
1776099061.4513903,,,0.0,0.0
1776099061.453895,,,0.0,0.0
1776099061.4555511,-1.3517423493873573,,,
1776099061.4558883,,0.0,,
1776099061.4564145,,,0.0,0.0
1776099061.4589136,,,0.0,0.0
1776099061.460317,-1.3516211298010758,,,
1776099061.460783,,0.0,,
1776099061.4614103,,,0.0,0.0
1776099061.4639108,,,0.0,0.0
1776099061.4653776,-1.3514886624791822,,,
1776099061.4657278,,0.0,,
1776099061.4664013,,,0.0,0.0
1776099061.4688973,,,0.0,0.0
1776099061.470251,-1.3513015038349367,,,
1776099061.470557,,0.0,,
1776099061.4713912,,,0.0,0.0
1776099061.4739187,,,0.0,0.0
1776099061.4752371,-1.3511585971766384,,,
1776099061.4756005,,0.0,,
1776099061.4763815,,,0.0,0.0
1776099061.4788873,,,0.0,0.0
1776099061.4803028,-1.3510154537064933,,,
1776099061.4806406,,0.0,,
1776099061.4814088,,,0.0,0.0
1776099061.4839034,,,0.0,0.0
1776099061.4852803,-1.3510369016491968,,,
1776099061.4856439,,0.0,,
1776099061.4863982,,,0.0,0.0
1776099061.488885,,,0.0,0.0
1776099061.4902148,-1.351128579467203,,,
1776099061.490539,,0.0,,
1776099061.491369,,,0.0,0.0
1776099061.4938784,,,0.0,0.0
1776099061.4951935,-1.3511918933959333,,,
1776099061.4955397,,0.0,,
1776099061.4963653,,,0.0,0.0
1776099061.4989147,,,0.0,0.0
1776099061.5002742,-1.3512617246321867,,,
1776099061.500649,,0.0,,
1776099061.5014117,,,0.0,0.0
1776099061.503939,,,0.0,0.0
1776099061.5055103,-1.3512372205812877,,,
1776099061.5058458,,0.0,,
1776099061.5063992,,,0.0,0.0
1776099061.508891,,,0.0,0.0
1776099061.5102806,-1.3510617838213512,,,
1776099061.5107126,,0.0,,
1776099061.5113916,,,0.0,0.0
1776099061.5138848,,,0.0,0.0
1776099061.5153778,-1.350906752447903,,,
1776099061.5157516,,0.0,,
1776099061.5163844,,,0.0,0.0
1776099061.5188887,,,0.0,0.0
1776099061.5202398,-1.3507816731657498,,,
1776099061.5208082,,0.0,,
1776099061.5213795,,,0.0,0.0
1776099061.5238774,,,0.0,0.0
1776099061.525259,-1.3506578326726593,,,
1776099061.5256212,,0.0,,
1776099061.5263898,,,0.0,0.0
1776099061.528908,,,0.0,0.0
1776099061.5304327,-1.3504921065124633,,,
1776099061.5308044,,0.0,,
1776099061.5314202,,,0.0,0.0
1776099061.533937,,,0.0,0.0
1776099061.5354176,-1.350384512942146,,,
1776099061.5357952,,0.0,,
1776099061.536449,,,0.0,0.0
1776099061.5389407,,,0.0,0.0
1776099061.5408268,-1.3503569092100112,,,
1776099061.5411515,,0.0,,
1776099061.541515,,,0.0,0.0
1776099061.5439131,,,0.0,0.0
1776099061.5451765,-1.350397717869792,,,
1776099061.54545,,0.0,,
1776099061.546376,,,0.0,0.0
1776099061.5488787,,,0.0,0.0
1776099061.550316,-1.3504934930431651,,,
1776099061.5506504,,0.0,,
1776099061.551407,,,0.0,0.0
1776099061.5539079,,,0.0,0.0
1776099061.555268,-1.3507073100556053,,,
1776099061.5557332,,0.0,,
1776099061.5563893,,,0.0,0.0
1776099061.5589218,,,0.0,0.0
1776099061.560441,-1.3508555886765081,,,
1776099061.5607271,,0.0,,
1776099061.5614023,,,0.0,0.0
1776099061.5639167,,,0.0,0.0
1776099061.565665,-1.3509241904656544,,,
1776099061.566006,,0.0,,
1776099061.5665526,,,0.0,0.0
1776099061.568925,,,0.0,0.0
1776099061.5703003,-1.3510144329877884,,,
1776099061.5709474,,0.0,,
1776099061.5714207,,,0.0,0.0
1776099061.5739095,,,0.0,0.0
1776099061.575409,-1.3509768960900825,,,
1776099061.5757632,,0.0,,
1776099061.5763905,,,0.0,0.0
1776099061.5788898,,,0.0,0.0
1776099061.5804477,-1.3509186807276663,,,
1776099061.5813034,,0.0,,
1776099061.5815253,,,0.0,0.0
1776099061.5839224,,,0.0,0.0
1776099061.5855646,-1.3509518907134337,,,
1776099061.585873,,0.0,,
1776099061.5863845,,,0.0,0.0
1776099061.5889578,,,0.0,0.0
1776099061.5902414,-1.3510221887773024,,,
1776099061.5905688,,0.0,,
1776099061.5913887,,,0.0,0.0
1776099061.593891,,,0.0,0.0
1776099061.59525,-1.3510494904893893,,,
1776099061.5955448,,0.0,,
1776099061.5963662,,,0.0,0.0
1776099061.5988784,,,0.0,0.0
1776099061.6002178,-1.3510861841511985,,,
1776099061.600545,,0.0,,
1776099061.6014006,,,0.0,0.0
1776099061.6039042,,,0.0,0.0
1776099061.605304,-1.3511357047767532,,,
1776099061.6056752,,0.0,,
1776099061.606391,,,0.0,0.0
1776099061.608908,,,0.0,0.0
1776099061.6103044,-1.3511366706562509,,,
1776099061.6108632,,0.0,,
1776099061.6113894,,,0.0,0.0
1776099061.613886,,,0.0,0.0
1776099061.6155849,-1.3511079698655997,,,
1776099061.6159358,,0.0,,
1776099061.6163876,,,0.0,0.0
1776099061.6189432,,,0.0,0.0
1776099061.6205037,-1.3510429695295216,,,
1776099061.6207857,,0.0,,
1776099061.621447,,,0.0,0.0
1776099061.6239386,,,0.0,0.0
1776099061.625839,-1.350950408916708,,,
1776099061.6266193,,0.0,,
1776099061.6266954,,,0.0,0.0
1776099061.6289308,,,0.0,0.0
1776099061.6306393,-1.350889124875654,,,
1776099061.6311033,,0.0,,
1776099061.6314151,,,0.0,0.0
1776099061.633891,,,0.0,0.0
1776099061.635343,-1.3508809932452723,,,
1776099061.6356778,,0.0,,
1776099061.6363776,,,0.0,0.0
1776099061.6389995,,,0.0,0.0
1776099061.6403143,-1.350876319978746,,,
1776099061.6407835,,0.0,,
1776099061.6414437,,,0.0,0.0
1776099061.6438875,,,0.0,0.0
1776099061.6452103,-1.350896229634578,,,
1776099061.6457887,,0.0,,
1776099061.64637,,,0.0,0.0
1776099061.6488993,,,0.0,0.0
1776099061.6502223,-1.35093919904591,,,
1776099061.6505542,,0.0,,
1776099061.6514063,,,0.0,0.0
1776099061.6539087,,,0.0,0.0
1776099061.6557143,-1.350852791232493,,,
1776099061.6559594,,0.0,,
1776099061.6564095,,,0.0,0.0
1776099061.6588945,,,0.0,0.0
1776099061.6603382,-1.3507383282176704,,,
1776099061.6605442,,0.0,,
1776099061.6613896,,,0.0,0.0
1776099061.6638741,,,0.0,0.0
1776099061.6652613,-1.3506645418696228,,,
1776099061.6657898,,0.0,,
1776099061.6663735,,,0.0,0.0
1776099061.6688986,,,0.0,0.0
1776099061.6705668,-1.3506508441326868,,,
1776099061.6708848,,0.0,,
1776099061.6714008,,,0.0,0.0
1776099061.6739116,,,0.0,0.0
1776099061.6753292,-1.3506838738102702,,,
1776099061.6756053,,0.0,,
1776099061.6764092,,,0.0,0.0
1776099061.6789112,,,0.0,0.0
1776099061.680326,-1.3508309821727897,,,
1776099061.6806896,,0.0,,
1776099061.6816137,,,0.0,0.0
1776099061.6839945,,,0.0,0.0
1776099061.6855783,-1.350899058799821,,,
1776099061.6859543,,0.0,,
1776099061.6866765,,,0.0,0.0
1776099061.6889188,,,0.0,0.0
1776099061.6905742,-1.3509676203130139,,,
1776099061.6910589,,0.0,,
1776099061.6914375,,,0.0,0.0
1776099061.6938696,,,0.0,0.0
1776099061.695164,-1.3510127861632648,,,
1776099061.6954544,,0.0,,
1776099061.6963606,,,0.0,0.0
1776099061.6988692,,,0.0,0.0
1776099061.7002516,-1.3510814829702975,,,
1776099061.7006056,,0.0,,
1776099061.701388,,,0.0,0.0
1776099061.7039094,,,0.0,0.0
1776099061.7052803,-1.3511640136760752,,,
1776099061.705647,,0.0,,
1776099061.7064033,,,0.0,0.0
1776099061.70892,,,0.0,0.0
1776099061.7103603,-1.3513715559425714,,,
1776099061.7105482,,0.0,,
1776099061.7114289,,,0.0,0.0
1776099061.7139242,,,0.0,0.0
1776099061.7153203,-1.3514876551983517,,,
1776099061.7157393,,0.0,,
1776099061.7163966,,,0.0,0.0
1776099061.7189193,,,0.0,0.0
1776099061.7203174,-1.3515472986092834,,,
1776099061.7207131,,0.0,,
1776099061.7213986,,,0.0,0.0
1776099061.7238944,,,0.0,0.0
1776099061.7255154,-1.3515660033594115,,,
1776099061.7258408,,0.0,,
1776099061.7264075,,,0.0,0.0
1776099061.728917,,,0.0,0.0
1776099061.7303288,-1.3515591219871583,,,
1776099061.73082,,0.0,,
1776099061.7313983,,,0.0,0.0
1776099061.7339044,,,0.0,0.0
1776099061.735504,-1.3515656727666598,,,
1776099061.7358737,,0.0,,
1776099061.7364028,,,0.0,0.0
1776099061.7389076,,,0.0,0.0
1776099061.7408216,-1.351636287995582,,,
1776099061.7411468,,0.0,,
1776099061.7415454,,,0.0,0.0
1776099061.74392,,,0.0,0.0
1776099061.745541,-1.3518212283266153,,,
1776099061.745864,,0.0,,
1776099061.746408,,,0.0,0.0
1776099061.748902,,,0.0,0.0
1776099061.7504053,-1.3520044710616177,,,
1776099061.7507544,,0.0,,
1776099061.7513764,,,0.0,0.0
1776099061.7538738,,,0.0,0.0
1776099061.7552989,-1.3521499164455408,,,
1776099061.755689,,0.0,,
1776099061.7564003,,,0.0,0.0
1776099061.7589035,,,0.0,0.0
1776099061.760376,-1.352158458016008,,,
1776099061.7606087,,0.0,,
1776099061.7614024,,,0.0,0.0
1776099061.7638934,,,0.0,0.0
1776099061.7654188,-1.3520379629424977,,,
1776099061.76578,,0.0,,
1776099061.7663884,,,0.0,0.0
1776099061.7688901,,,0.0,0.0
1776099061.7702236,-1.3518436765985522,,,
1776099061.7706642,,0.0,,
1776099061.7714047,,,0.0,0.0
1776099061.7739325,,,0.0,0.0
1776099061.7759979,-1.3516849735793546,,,
1776099061.7764444,,0.0,,
1776099061.7765307,,,0.0,0.0
1776099061.7792852,,,0.0,0.0
1776099061.7811487,-1.3515249298803185,,,
1776099061.7814484,,0.0,,
1776099061.7815123,,,0.0,0.0
1776099061.7839017,,,0.0,0.0
1776099061.7853007,-1.3513851919958133,,,
1776099061.785829,,0.0,,
1776099061.78639,,,0.0,0.0
1776099061.7889555,,,0.0,0.0
1776099061.7905855,-1.35132010181835,,,
1776099061.7908905,,0.0,,
1776099061.7913878,,,0.0,0.0
1776099061.7938745,,,0.0,0.0
1776099061.795181,-1.3512576854097786,,,
1776099061.7954645,,0.0,,
1776099061.7963648,,,0.0,0.0
1776099061.7988765,,,0.0,0.0
1776099061.8002532,-1.351126819417755,,,
1776099061.800555,,0.0,,
1776099061.8013802,,,0.0,0.0
1776099061.8039093,,,0.0,0.0
1776099061.8052487,-1.3509937393377958,,,
1776099061.8055816,,0.0,,
1776099061.8063815,,,0.0,0.0
1776099061.8088946,,,0.0,0.0
1776099061.8103158,-1.3509134041698487,,,
1776099061.810391,,0.0,,
1776099061.811388,,,0.0,0.0
1776099061.8138971,,,0.0,0.0
1776099061.8152184,-1.350894898874028,,,
1776099061.815554,,0.0,,
1776099061.816381,,,0.0,0.0
1776099061.818886,,,0.0,0.0
1776099061.8204215,-1.3508375664387564,,,
1776099061.8208838,,0.0,,
1776099061.821386,,,0.0,0.0
1776099061.8238933,,,0.0,0.0
1776099061.8252287,-1.3508292195351566,,,
1776099061.8256009,,0.0,,
1776099061.8263762,,,0.0,0.0
1776099061.8289015,,,0.0,0.0
1776099061.8302276,-1.3508631835484946,,,
1776099061.8305492,,0.0,,
1776099061.8314059,,,0.0,0.0
1776099061.8339193,,,0.0,0.0
1776099061.8355987,-1.3508706615944739,,,
1776099061.8359172,,0.0,,
1776099061.8363955,,,0.0,0.0
1776099061.838925,,,0.0,0.0
1776099061.8409038,-1.3508520191771165,,,
1776099061.841282,,0.0,,
1776099061.8413339,,,0.0,0.0
1776099061.8438938,,,0.0,0.0
1776099061.845287,-1.350846741539058,,,
1776099061.8456957,,0.0,,
1776099061.8463805,,,0.0,0.0
1776099061.8488855,,,0.0,0.0
1776099061.8502758,-1.350744169896638,,,
1776099061.8507764,,0.0,,
1776099061.8513858,,,0.0,0.0
1776099061.8538837,,,0.0,0.0
1776099061.8557088,-1.3506358988945486,,,
1776099061.8564188,,0.0,,
1776099061.85655,,,0.0,0.0
1776099061.8589225,,,0.0,0.0
1776099061.8604267,-1.3505813747824873,,,
1776099061.8609183,,0.0,,
1776099061.8614118,,,0.0,0.0
1776099061.8639085,,,0.0,0.0
1776099061.8652036,-1.3505210937980867,,,
1776099061.8655388,,0.0,,
1776099061.8663576,,,0.0,0.0
1776099061.8688903,,,0.0,0.0
1776099061.8702815,-1.3503825361713604,,,
1776099061.8707976,,0.0,,
1776099061.8716218,,,0.0,0.0
1776099061.8739011,,,0.0,0.0
1776099061.8756306,-1.350322119856367,,,
1776099061.8761435,,0.0,,
1776099061.8763695,,,0.0,0.0
1776099061.878876,,,0.0,0.0
1776099061.8801982,-1.3502308360817028,,,
1776099061.880509,,0.0,,
1776099061.8813725,,,0.0,0.0
1776099061.8839133,,,0.0,0.0
1776099061.8853166,-1.350122254177009,,,
1776099061.8857355,,0.0,,
1776099061.8863847,,,0.0,0.0
1776099061.8889155,,,0.0,0.0
1776099061.890391,-1.350038591080956,,,
1776099061.8906631,,0.0,,
1776099061.8914244,,,0.0,0.0
1776099061.8939312,,,0.0,0.0
1776099061.895853,-1.35001098573612,,,
1776099061.8964334,,,0.0,0.0
1776099061.8965242,,0.0,,
1776099061.8989162,,,0.0,0.0
1776099061.900429,-1.350094563334173,,,
1776099061.9010382,,0.0,,
1776099061.9014254,,,0.0,0.0
1776099061.9039154,,,0.0,0.0
1776099061.9053152,-1.350173701172304,,,
1776099061.9056425,,0.0,,
1776099061.9064002,,,0.0,0.0
1776099061.9088855,,,0.0,0.0
1776099061.9103115,-1.350194184068647,,,
1776099061.9109223,,0.0,,
1776099061.9114118,,,0.0,0.0
1776099061.9138901,,,0.0,0.0
1776099061.9155612,-1.3501845859222499,,,
1776099061.915888,,0.0,,
1776099061.9164324,,,0.0,0.0
1776099061.9188852,,,0.0,0.0
1776099061.9204214,-1.3502992054132374,,,
1776099061.9207482,,0.0,,
1776099061.9214535,,,0.0,0.0
1776099061.9239302,,,0.0,0.0
1776099061.9252431,-1.3503212886356961,,,
1776099061.9255657,,0.0,,
1776099061.9264019,,,0.0,0.0
1776099061.9289138,,,0.0,0.0
1776099061.9305172,-1.3503869813567222,,,
1776099061.930861,,0.0,,
1776099061.9314344,,,0.0,0.0
1776099061.9339147,,,0.0,0.0
1776099061.9356866,-1.3505153127254141,,,
1776099061.9360132,,0.0,,
1776099061.9364123,,,0.0,0.0
1776099061.9388971,,,0.0,0.0
1776099061.940364,-1.350628514695748,,,
1776099061.9406536,,0.0,,
1776099061.941506,,,0.0,0.0
1776099061.9439166,,,0.0,0.0
1776099061.9456363,-1.3507233679258204,,,
1776099061.9456942,,0.0,,
1776099061.9463856,,,0.0,0.0
1776099061.9488978,,,0.0,0.0
1776099061.9504404,-1.3507228658703845,,,
1776099061.9508116,,0.0,,
1776099061.951422,,,0.0,0.0
1776099061.953913,,,0.0,0.0
1776099061.9551978,-1.3506200841085678,,,
1776099061.9556153,,0.0,,
1776099061.9563801,,,0.0,0.0
1776099061.958887,,,0.0,0.0
1776099061.9606273,-1.350434976356868,,,
1776099061.961025,,0.0,,
1776099061.9613945,,,0.0,0.0
1776099061.9638917,,,0.0,0.0
1776099061.9652648,-1.3502460316216838,,,
1776099061.965692,,0.0,,
1776099061.9663756,,,0.0,0.0
1776099061.9688847,,,0.0,0.0
1776099061.970252,-1.349966700827613,,,
1776099061.9706936,,0.0,,
1776099061.9713776,,,0.0,0.0
1776099061.9738941,,,0.0,0.0
1776099061.9762833,-1.349749896276389,,,
1776099061.9772742,,,0.0,0.0
1776099061.9776711,,0.0,,
1776099061.9789286,,,0.0,0.0
1776099061.9803982,-1.3495561085587306,,,
1776099061.980746,,0.0,,
1776099061.9814131,,,0.0,0.0
1776099061.983907,,,0.0,0.0
1776099061.9852133,-1.3494389647790455,,,
1776099061.985557,,0.0,,
1776099061.9863613,,,0.0,0.0
1776099061.988871,,,0.0,0.0
1776099061.9902067,-1.3492877270156698,,,
1776099061.990542,,0.0,,
1776099061.9913633,,,0.0,0.0
1776099061.993955,,,0.0,0.0
1776099061.9956322,-1.3491177798962652,,,
1776099061.9959493,,0.0,,
1776099061.9964151,,,0.0,0.0
1776099061.9988935,,,0.0,0.0
1776099062.000302,-1.3489512789263773,,,
1776099062.0007854,,0.0,,
1776099062.001408,,,0.0,0.0
1776099062.0038967,,,0.0,0.0
1776099062.0052702,-1.3489228453334356,,,
1776099062.0056438,,0.0,,
1776099062.006377,,,0.0,0.0
1776099062.008897,,,0.0,0.0
1776099062.0104063,-1.3489629846094953,,,
1776099062.0107944,,0.0,,
1776099062.011395,,,0.0,0.0
1776099062.0139136,,,0.0,0.0
1776099062.0156035,-1.3490710065693305,,,
1776099062.0159228,,0.0,,
1776099062.0163977,,,0.0,0.0
1776099062.0188942,,,0.0,0.0
1776099062.0202627,-1.3492055323813528,,,
1776099062.020824,,0.0,,
1776099062.0213807,,,0.0,0.0
1776099062.0238867,,,0.0,0.0
1776099062.025369,-1.3493811553975492,,,
1776099062.0258718,,0.0,,
1776099062.0268168,,,0.0,0.0
1776099062.028909,,,0.0,0.0
1776099062.0302377,-1.3494849722832958,,,
1776099062.03055,,0.0,,
1776099062.0313897,,,0.0,0.0
1776099062.033911,,,0.0,0.0
1776099062.035597,-1.3494897204119114,,,
1776099062.0358737,,0.0,,
1776099062.0363686,,,0.0,0.0
1776099062.0389032,,,0.0,0.0
1776099062.0404325,-1.3495295859556713,,,
1776099062.04076,,0.0,,
1776099062.0413837,,,0.0,0.0
1776099062.0439143,,,0.0,0.0
1776099062.04529,-1.3496418872232296,,,
1776099062.0456526,,0.0,,
1776099062.046399,,,0.0,0.0
1776099062.0489028,,,0.0,0.0
1776099062.0502706,-1.3497988474783806,,,
1776099062.0506911,,0.0,,
1776099062.0513926,,,0.0,0.0
1776099062.053912,,,0.0,0.0
1776099062.0557127,-1.3500128670923544,,,
1776099062.0559983,,0.0,,
1776099062.056374,,,0.0,0.0
1776099062.058872,,,0.0,0.0
1776099062.0602858,-1.3502826477137504,,,
1776099062.060727,,0.0,,
1776099062.0613644,,,0.0,0.0
1776099062.0638757,,,0.0,0.0
1776099062.0653102,-1.3505191922480426,,,
1776099062.0659254,,0.0,,
1776099062.066417,,,0.0,0.0
1776099062.0689082,,,0.0,0.0
1776099062.070338,-1.350668769789736,,,
1776099062.0705538,,0.0,,
1776099062.0714288,,,0.0,0.0
1776099062.0739286,,,0.0,0.0
1776099062.0753124,-1.3507458443441909,,,
1776099062.0756326,,0.0,,
1776099062.0763845,,,0.0,0.0
1776099062.0788853,,,0.0,0.0
1776099062.0802932,-1.3507506003443261,,,
1776099062.080724,,0.0,,
1776099062.081383,,,0.0,0.0
1776099062.0839,,,0.0,0.0
1776099062.0854285,-1.3506291096640308,,,
1776099062.0858319,,0.0,,
1776099062.0865645,,,0.0,0.0
1776099062.0889235,,,0.0,0.0
1776099062.0905414,-1.3505910977581952,,,
1776099062.0908654,,0.0,,
1776099062.0913718,,,0.0,0.0
1776099062.0938926,,,0.0,0.0
1776099062.0952935,-1.3505483244419656,,,
1776099062.0956843,,0.0,,
1776099062.0963848,,,0.0,0.0
1776099062.0988977,,,0.0,0.0
1776099062.100321,-1.3504222765269,,,
1776099062.100541,,0.0,,
1776099062.101416,,,0.0,0.0
1776099062.1039803,,,0.0,0.0
1776099062.1056533,-1.3502794516377545,,,
1776099062.1059928,,0.0,,
1776099062.1064231,,,0.0,0.0
1776099062.1089005,,,0.0,0.0
1776099062.1104028,-1.3501946640865001,,,
1776099062.1107988,,0.0,,
1776099062.1114018,,,0.0,0.0
1776099062.1139185,,,0.0,0.0
1776099062.1156807,-1.3499950631132873,,,
1776099062.115995,,0.0,,
1776099062.1164122,,,0.0,0.0
1776099062.118892,,,0.0,0.0
1776099062.120219,-1.3498842172200962,,,
1776099062.1205635,,0.0,,
1776099062.1213799,,,0.0,0.0
1776099062.123899,,,0.0,0.0
1776099062.1252072,-1.3498478106602112,,,
1776099062.125549,,0.0,,
1776099062.1263993,,,0.0,0.0
1776099062.1289146,,,0.0,0.0
1776099062.1302454,-1.3498515532811377,,,
1776099062.1305673,,0.0,,
1776099062.1314163,,,0.0,0.0
1776099062.1339374,,,0.0,0.0
1776099062.135901,-1.349941318896644,,,
1776099062.1367953,,0.0,,
1776099062.1368568,,,0.0,0.0
1776099062.1389117,,,0.0,0.0
1776099062.1409137,-1.350008839085102,,,
1776099062.1409807,,0.0,,
1776099062.141566,,,0.0,0.0
1776099062.1439178,,,0.0,0.0
1776099062.1455219,-1.349981137671916,,,
1776099062.145774,,0.0,,
1776099062.1463988,,,0.0,0.0
1776099062.1489227,,,0.0,0.0
1776099062.1503515,-1.349976730142748,,,
1776099062.1505876,,0.0,,
1776099062.151396,,,0.0,0.0
1776099062.1538885,,,0.0,0.0
1776099062.1552327,-1.3498762425149133,,,
1776099062.1555502,,0.0,,
1776099062.1563714,,,0.0,0.0
1776099062.1588838,,,0.0,0.0
1776099062.1602068,-1.3497235809710115,,,
1776099062.1605546,,0.0,,
1776099062.1613865,,,0.0,0.0
1776099062.1638906,,,0.0,0.0
1776099062.1652327,-1.3495553715782094,,,
1776099062.165791,,0.0,,
1776099062.1663713,,,0.0,0.0
1776099062.1689093,,,0.0,0.0
1776099062.1704302,-1.349425837807095,,,
1776099062.1707854,,0.0,,
1776099062.1713934,,,0.0,0.0
1776099062.1739082,,,0.0,0.0
1776099062.1754394,-1.349289460021649,,,
1776099062.1758337,,0.0,,
1776099062.1763806,,,0.0,0.0
1776099062.1789038,,,0.0,0.0
1776099062.1804438,-1.3492368611439007,,,
1776099062.1807892,,0.0,,
1776099062.181545,,,0.0,0.0
1776099062.1839306,,,0.0,0.0
1776099062.1853018,-1.349247463275103,,,
1776099062.1857607,,0.0,,
1776099062.1863837,,,0.0,0.0
1776099062.1888857,,,0.0,0.0
1776099062.1901736,-1.3492838765501998,,,
1776099062.1904368,,0.0,,
1776099062.1913846,,,0.0,0.0
1776099062.1938818,,,0.0,0.0
1776099062.1951993,-1.3493406324693376,,,
1776099062.1955874,,0.0,,
1776099062.1963854,,,0.0,0.0
1776099062.1988935,,,0.0,0.0
1776099062.2005532,-1.3494573108481873,,,
1776099062.2010756,,0.0,,
1776099062.2014208,,,0.0,0.0
1776099062.203894,,,0.0,0.0
1776099062.2054205,-1.3496049822419163,,,
1776099062.2056365,,0.0,,
1776099062.2063847,,,0.0,0.0
1776099062.2088954,,,0.0,0.0
1776099062.2101996,-1.349673574968277,,,
1776099062.21053,,0.0,,
1776099062.2113829,,,0.0,0.0
1776099062.2138891,,,0.0,0.0
1776099062.2153015,-1.349764412193446,,,
1776099062.2155576,,0.0,,
1776099062.2163932,,,0.0,0.0
1776099062.2189162,,,0.0,0.0
1776099062.2205539,-1.3498359778342606,,,
1776099062.2207835,,0.0,,
1776099062.221423,,,0.0,0.0
1776099062.2239316,,,0.0,0.0
1776099062.2252927,-1.3498523922197376,,,
1776099062.2256846,,0.0,,
1776099062.226402,,,0.0,0.0
1776099062.2288969,,,0.0,0.0
1776099062.2302582,-1.3498268922213226,,,
1776099062.230554,,0.0,,
1776099062.231379,,,0.0,0.0
1776099062.2338986,,,0.0,0.0
1776099062.2352428,-1.3497822612723496,,,
1776099062.2357116,,0.0,,
1776099062.236383,,,0.0,0.0
1776099062.23894,,,0.0,0.0
1776099062.2402627,-1.3497330539743444,,,
1776099062.2406678,,0.0,,
1776099062.241375,,,0.0,0.0
1776099062.2439015,,,0.0,0.0
1776099062.2452722,-1.3496183997988394,,,
1776099062.2458673,,0.0,,
1776099062.2463982,,,0.0,0.0
1776099062.2489178,,,0.0,0.0
1776099062.2506428,-1.349509107874226,,,
1776099062.25127,,0.0,,
1776099062.25174,,,0.0,0.0
1776099062.2539394,,,0.0,0.0
1776099062.2553558,-1.349482647664525,,,
1776099062.255732,,0.0,,
1776099062.256396,,,0.0,0.0
1776099062.2589211,,,0.0,0.0
1776099062.2602658,-1.349522351738117,,,
1776099062.26093,,0.0,,
1776099062.2614431,,,0.0,0.0
1776099062.2640617,,,0.0,0.0
1776099062.2655396,-1.3496049953947804,,,
1776099062.2658446,,0.0,,
1776099062.266386,,,0.0,0.0
1776099062.2688653,,,0.0,0.0
1776099062.2701676,-1.349739181738303,,,
1776099062.2704394,,0.0,,
1776099062.2713494,,,0.0,0.0
1776099062.2738721,,,0.0,0.0
1776099062.275277,-1.349856795871499,,,
1776099062.2756732,,0.0,,
1776099062.276363,,,0.0,0.0
1776099062.2789168,,,0.0,0.0
1776099062.2805145,-1.3498611378225644,,,
1776099062.2811027,,0.0,,
1776099062.2814755,,,0.0,0.0
1776099062.2839828,,,0.0,0.0
1776099062.285312,-1.3498476486534614,,,
1776099062.285789,,0.0,,
1776099062.286408,,,0.0,0.0
1776099062.2888868,,,0.0,0.0
1776099062.2904506,-1.3497908518641981,,,
1776099062.2909837,,0.0,,
1776099062.2913976,,,0.0,0.0
1776099062.2938888,,,0.0,0.0
1776099062.2952647,-1.3497615323118126,,,
1776099062.2956626,,0.0,,
1776099062.2964017,,,0.0,0.0
1776099062.2988951,,,0.0,0.0
1776099062.3003154,-1.3497882731144988,,,
1776099062.3006485,,0.0,,
1776099062.3013754,,,0.0,0.0
1776099062.3038821,,,0.0,0.0
1776099062.3055317,-1.3498257138072385,,,
1776099062.3058023,,0.0,,
1776099062.3063745,,,0.0,0.0
1776099062.308903,,,0.0,0.0
1776099062.3102973,-1.3499092442778406,,,
1776099062.3109057,,0.0,,
1776099062.3114254,,,0.0,0.0
1776099062.3139265,,,0.0,0.0
1776099062.3153613,-1.3500420298835818,,,
1776099062.31573,,0.0,,
1776099062.3163936,,,0.0,0.0
1776099062.318878,,,0.0,0.0
1776099062.3202457,-1.3501364063966979,,,
1776099062.3205457,,0.0,,
1776099062.321363,,,0.0,0.0
1776099062.323887,,,0.0,0.0
1776099062.3252785,-1.350108357988461,,,
1776099062.3255386,,0.0,,
1776099062.326361,,,0.0,0.0
1776099062.3289094,,,0.0,0.0
1776099062.3302832,-1.3501023741197526,,,
1776099062.330717,,0.0,,
1776099062.3314009,,,0.0,0.0
1776099062.3339128,,,0.0,0.0
1776099062.3352923,-1.3500654083535206,,,
1776099062.3356798,,0.0,,
1776099062.3364062,,,0.0,0.0
1776099062.3389013,,,0.0,0.0
1776099062.340211,-1.350028865443999,,,
1776099062.340547,,0.0,,
1776099062.3413894,,,0.0,0.0
1776099062.3438938,,,0.0,0.0
1776099062.3452828,-1.3500423264774888,,,
1776099062.3455276,,0.0,,
1776099062.3463724,,,0.0,0.0
1776099062.3488922,,,0.0,0.0
1776099062.3501937,-1.350067721768602,,,
1776099062.350552,,0.0,,
1776099062.3513744,,,0.0,0.0
1776099062.3538835,,,0.0,0.0
1776099062.3553886,-1.3501561157494424,,,
1776099062.355738,,0.0,,
1776099062.3563824,,,0.0,0.0
1776099062.3588905,,,0.0,0.0
1776099062.3603754,-1.350229368755057,,,
1776099062.3606448,,0.0,,
1776099062.3613875,,,0.0,0.0
1776099062.36389,,,0.0,0.0
1776099062.3652322,-1.3502960384222962,,,
1776099062.365564,,0.0,,
1776099062.3663843,,,0.0,0.0
1776099062.368907,,,0.0,0.0
1776099062.3702888,-1.3502765021085965,,,
1776099062.3706725,,0.0,,
1776099062.371419,,,0.0,0.0
1776099062.373923,,,0.0,0.0
1776099062.3753283,-1.3503900481548492,,,
1776099062.376019,,0.0,,
1776099062.3763916,,,0.0,0.0
1776099062.3788977,,,0.0,0.0
1776099062.3802524,-1.3504604255610466,,,
1776099062.3805852,,0.0,,
1776099062.3813841,,,0.0,0.0
1776099062.3838897,,,0.0,0.0
1776099062.3859231,-1.3504592605797316,,,
1776099062.3862066,,0.0,,
1776099062.3863735,,,0.0,0.0
1776099062.3889062,,,0.0,0.0
1776099062.3907347,-1.3504224573354873,,,
1776099062.391032,,0.0,,
1776099062.3914363,,,0.0,0.0
1776099062.3938854,,,0.0,0.0
1776099062.3952477,-1.350443566531364,,,
1776099062.395553,,0.0,,
1776099062.3964548,,,0.0,0.0
1776099062.3989127,,,0.0,0.0
1776099062.4004705,-1.3504783236576225,,,
1776099062.4008322,,0.0,,
1776099062.401421,,,0.0,0.0
1776099062.4039297,,,0.0,0.0
1776099062.4055371,-1.3505350981198678,,,
1776099062.4058774,,0.0,,
1776099062.4064138,,,0.0,0.0
1776099062.4088912,,,0.0,0.0
1776099062.410182,-1.3507142275357664,,,
1776099062.4105268,,0.0,,
1776099062.411374,,,0.0,0.0
1776099062.4138744,,,0.0,0.0
1776099062.4154012,-1.350869846635637,,,
1776099062.4157288,,0.0,,
1776099062.4163666,,,0.0,0.0
1776099062.4188766,,,0.0,0.0
1776099062.4203274,-1.3509819480373313,,,
1776099062.4206133,,0.0,,
1776099062.4213758,,,0.0,0.0
1776099062.4238923,,,0.0,0.0
1776099062.4252121,-1.350920404835554,,,
1776099062.4255497,,0.0,,
1776099062.426396,,,0.0,0.0
1776099062.4289176,,,0.0,0.0
1776099062.4307268,-1.3507945245733968,,,
1776099062.4310484,,0.0,,
1776099062.431465,,,0.0,0.0
1776099062.433926,,,0.0,0.0
1776099062.4354296,-1.3504997740987934,,,
1776099062.4357016,,0.0,,
1776099062.4364078,,,0.0,0.0
1776099062.438932,,,0.0,0.0
1776099062.4403424,-1.3502280450426725,,,
1776099062.4406626,,0.0,,
1776099062.4413874,,,0.0,0.0
1776099062.4439023,,,0.0,0.0
1776099062.4454246,-1.350026534350651,,,
1776099062.4460635,,0.0,,
1776099062.4464064,,,0.0,0.0
1776099062.4489157,,,0.0,0.0
1776099062.450407,-1.3498591424942796,,,
1776099062.4506059,,0.0,,
1776099062.4514015,,,0.0,0.0
1776099062.4539108,,,0.0,0.0
1776099062.4552903,-1.349848577706348,,,
1776099062.4558733,,0.0,,
1776099062.4564102,,,0.0,0.0
1776099062.458949,,,0.0,0.0
1776099062.4605422,-1.3500551290935408,,,
1776099062.4609122,,0.0,,
1776099062.4615288,,,0.0,0.0
1776099062.4639661,,,0.0,0.0
1776099062.465941,-1.3502748280311154,,,
1776099062.4663157,,0.0,,
1776099062.4667761,,,0.0,0.0
1776099062.468911,,,0.0,0.0
1776099062.4706361,-1.3504623374589575,,,
1776099062.4709175,,0.0,,
1776099062.4713974,,,0.0,0.0
1776099062.4738941,,,0.0,0.0
1776099062.4754746,-1.350736396229046,,,
1776099062.4758246,,0.0,,
1776099062.4763935,,,0.0,0.0
1776099062.4788952,,,0.0,0.0
1776099062.4802847,-1.3508530536923906,,,
1776099062.4806595,,0.0,,
1776099062.4813807,,,0.0,0.0
1776099062.4838862,,,0.0,0.0
1776099062.485233,-1.3507963750542806,,,
1776099062.485614,,0.0,,
1776099062.4863749,,,0.0,0.0
1776099062.4889107,,,0.0,0.0
1776099062.4905427,-1.3507617333433026,,,
1776099062.4908545,,0.0,,
1776099062.4914348,,,0.0,0.0
1776099062.4939308,,,0.0,0.0
1776099062.4955604,-1.3507462455661603,,,
1776099062.4959095,,0.0,,
1776099062.49641,,,0.0,0.0
1776099062.4988918,,,0.0,0.0
1776099062.5005903,-1.3507199210619465,,,
1776099062.5008066,,0.0,,
1776099062.5013838,,,0.0,0.0
1776099062.5038817,,,0.0,0.0
1776099062.5052624,-1.3506827479277566,,,
1776099062.5055823,,0.0,,
1776099062.5063794,,,0.0,0.0
1776099062.5088897,,,0.0,0.0
1776099062.510294,-1.350718668076361,,,
1776099062.5106483,,0.0,,
1776099062.511382,,,0.0,0.0
1776099062.513888,,,0.0,0.0
1776099062.5152204,-1.3507330250463427,,,
1776099062.515822,,0.0,,
1776099062.5163856,,,0.0,0.0
1776099062.518987,,,0.0,0.0
1776099062.5203183,-1.350745069101384,,,
1776099062.5205417,,0.0,,
1776099062.5214243,,,0.0,0.0
1776099062.5239305,,,0.0,0.0
1776099062.5253687,-1.3507437871964676,,,
1776099062.5256712,,0.0,,
1776099062.5263965,,,0.0,0.0
1776099062.5289044,,,0.0,0.0
1776099062.5304449,-1.3507103728755634,,,
1776099062.5309486,,0.0,,
1776099062.5313995,,,0.0,0.0
1776099062.5338976,,,0.0,0.0
1776099062.5352676,-1.3507910591178134,,,
1776099062.5356193,,0.0,,
1776099062.5363708,,,0.0,0.0
1776099062.538887,,,0.0,0.0
1776099062.540369,-1.350825071897676,,,
1776099062.540701,,0.0,,
1776099062.54138,,,0.0,0.0
1776099062.5438895,,,0.0,0.0
1776099062.5452237,-1.3507256004081134,,,
1776099062.5455425,,0.0,,
1776099062.546374,,,0.0,0.0
1776099062.548902,,,0.0,0.0
1776099062.5502763,-1.350499314422777,,,
1776099062.5509171,,0.0,,
1776099062.551425,,,0.0,0.0
1776099062.5539143,,,0.0,0.0
1776099062.555452,-1.3502916520876505,,,
1776099062.55586,,0.0,,
1776099062.5564075,,,0.0,0.0
1776099062.55893,,,0.0,0.0
1776099062.560249,-1.3499741118872495,,,
1776099062.5605836,,0.0,,
1776099062.561426,,,0.0,0.0
1776099062.5639172,,,0.0,0.0
1776099062.565262,-1.3496319967971975,,,
1776099062.5655997,,0.0,,
1776099062.5663862,,,0.0,0.0
1776099062.5688822,,,0.0,0.0
1776099062.5714111,,,0.0,0.0
1776099062.571947,-1.3493455651298902,,,
1776099062.572411,,0.0,,
1776099062.5739105,,,0.0,0.0
1776099062.5754151,-1.349237744405718,,,
1776099062.575777,,0.0,,
1776099062.576392,,,0.0,0.0
1776099062.5788958,,,0.0,0.0
1776099062.5803075,-1.3491792852343514,,,
1776099062.5808597,,0.0,,
1776099062.5814157,,,0.0,0.0
1776099062.5839295,,,0.0,0.0
1776099062.5852761,-1.349191570995382,,,
1776099062.5856407,,0.0,,
1776099062.5864148,,,0.0,0.0
1776099062.5889845,,,0.0,0.0
1776099062.5903823,-1.3494258422564256,,,
1776099062.590864,,0.0,,
1776099062.5916135,,,0.0,0.0
1776099062.593921,,,0.0,0.0
1776099062.595316,-1.3497957114246897,,,
1776099062.5956929,,0.0,,
1776099062.5963886,,,0.0,0.0
1776099062.5990198,,,0.0,0.0
1776099062.600425,-1.3500314523370731,,,
1776099062.6007318,,0.0,,
1776099062.6013815,,,0.0,0.0
1776099062.6038814,,,0.0,0.0
1776099062.605209,-1.3502072772422504,,,
1776099062.6055126,,0.0,,
1776099062.606366,,,0.0,0.0
1776099062.6088758,,,0.0,0.0
1776099062.6102636,-1.3503219917268305,,,
1776099062.6105692,,0.0,,
1776099062.6113925,,,0.0,0.0
1776099062.6138966,,,0.0,0.0
1776099062.615214,-1.3503099467784065,,,
1776099062.615547,,0.0,,
1776099062.6163652,,,0.0,0.0
1776099062.6189034,,,0.0,0.0
1776099062.6202018,-1.3502124785233567,,,
1776099062.6208284,,0.0,,
1776099062.6214027,,,0.0,0.0
1776099062.6239023,,,0.0,0.0
1776099062.625215,-1.3501403582680285,,,
1776099062.6254725,,0.0,,
1776099062.6263788,,,0.0,0.0
1776099062.6288934,,,0.0,0.0
1776099062.6302912,-1.350154434320987,,,
1776099062.6306381,,0.0,,
1776099062.6313958,,,0.0,0.0
1776099062.6339111,,,0.0,0.0
1776099062.6355314,-1.350145080499549,,,
1776099062.6361182,,0.0,,
1776099062.6365197,,,0.0,0.0
1776099062.6389556,,,0.0,0.0
1776099062.640697,-1.3500925128322407,,,
1776099062.6410682,,0.0,,
1776099062.641532,,,0.0,0.0
1776099062.643924,,,0.0,0.0
1776099062.6452553,-1.350103088879296,,,
1776099062.6456995,,0.0,,
1776099062.646373,,,0.0,0.0
1776099062.648891,,,0.0,0.0
1776099062.6502423,-1.3501256266530355,,,
1776099062.6506093,,0.0,,
1776099062.6513858,,,0.0,0.0
1776099062.653877,,,0.0,0.0
1776099062.6551924,-1.350223810460815,,,
1776099062.655746,,0.0,,
1776099062.6563585,,,0.0,0.0
1776099062.6588943,,,0.0,0.0
1776099062.6602776,-1.350259762199622,,,
1776099062.6609147,,0.0,,
1776099062.6614697,,,0.0,0.0
1776099062.663882,,,0.0,0.0
1776099062.6653342,-1.3503641394724561,,,
1776099062.6657517,,0.0,,
1776099062.6663888,,,0.0,0.0
1776099062.6688955,,,0.0,0.0
1776099062.6704686,-1.3505154377365938,,,
1776099062.6708384,,0.0,,
1776099062.671401,,,0.0,0.0
1776099062.6739047,,,0.0,0.0
1776099062.6752403,-1.3507408410436703,,,
1776099062.675611,,0.0,,
1776099062.6763868,,,0.0,0.0
1776099062.6789107,,,0.0,0.0
1776099062.6804607,-1.3509074833103987,,,
1776099062.6808314,,0.0,,
1776099062.6815937,,,0.0,0.0
1776099062.683958,,,0.0,0.0
1776099062.6853797,-1.3510735712552122,,,
1776099062.6856523,,0.0,,
1776099062.686389,,,0.0,0.0
1776099062.6889055,,,0.0,0.0
1776099062.6904562,-1.351091448907083,,,
1776099062.6907465,,0.0,,
1776099062.691403,,,0.0,0.0
1776099062.6938808,,,0.0,0.0
1776099062.6953087,-1.3509826865017038,,,
1776099062.69577,,0.0,,
1776099062.696387,,,0.0,0.0
1776099062.6988926,,,0.0,0.0
1776099062.7004516,-1.3508329142651503,,,
1776099062.7008002,,0.0,,
1776099062.701396,,,0.0,0.0
1776099062.7039075,,,0.0,0.0
1776099062.7052815,-1.3507422246693754,,,
1776099062.7058368,,0.0,,
1776099062.7063863,,,0.0,0.0
1776099062.7088869,,,0.0,0.0
1776099062.7103071,-1.3507483867437,,,
1776099062.7106476,,0.0,,
1776099062.7113783,,,0.0,0.0
1776099062.7138896,,,0.0,0.0
1776099062.7158797,-1.3507753764660124,,,
1776099062.7161443,,0.0,,
1776099062.7165518,,,0.0,0.0
1776099062.7189226,,,0.0,0.0
1776099062.7205937,-1.3508578828291533,,,
1776099062.721097,,0.0,,
1776099062.7219965,,,0.0,0.0
1776099062.7254512,,,0.0,0.0
1776099062.7275226,,,0.0,0.0
